State,Year,Quarter,District,Transaction_Count,Transaction_Amount
andaman-&-nicobar-islands,2020,2,south andaman district,3,795
andaman-&-nicobar-islands,2020,2,nicobars district,3,565
andaman-&-nicobar-islands,2020,3,north and middle andaman district,1,281
andaman-&-nicobar-islands,2020,3,south andaman district,35,13651
andaman-&-nicobar-islands,2020,3,nicobars district,5,1448
andaman-&-nicobar-islands,2020,4,north and middle andaman district,13,17734
andaman-&-nicobar-islands,2020,4,south andaman district,109,137494
andaman-&-nicobar-islands,2020,4,nicobars district,2,2747
andaman-&-nicobar-islands,2021,1,north and middle andaman district,48,63978
andaman-&-nicobar-islands,2021,1,south andaman district,164,167044
andaman-&-nicobar-islands,2021,1,nicobars district,13,13244
andaman-&-nicobar-islands,2021,2,north and middle andaman district,28,45311
andaman-&-nicobar-islands,2021,2,south andaman district,105,121104
andaman-&-nicobar-islands,2021,2,nicobars district,4,15089
andaman-&-nicobar-islands,2021,3,north and middle andaman district,33,50997
andaman-&-nicobar-islands,2021,3,south andaman district,182,223699
andaman-&-nicobar-islands,2021,3,nicobars district,15,30539
andaman-&-nicobar-islands,2021,4,north and middle andaman district,81,182061
andaman-&-nicobar-islands,2021,4,south andaman district,632,800758
andaman-&-nicobar-islands,2021,4,nicobars district,44,73561
andaman-&-nicobar-islands,2022,1,north and middle andaman district,48,85229
andaman-&-nicobar-islands,2022,1,south andaman district,692,982206
andaman-&-nicobar-islands,2022,1,nicobars district,28,63852
andaman-&-nicobar-islands,2022,2,north and middle andaman district,45,90403
andaman-&-nicobar-islands,2022,2,south andaman district,430,633029
andaman-&-nicobar-islands,2022,2,nicobars district,26,56308
andaman-&-nicobar-islands,2022,3,north and middle andaman district,70,129013
andaman-&-nicobar-islands,2022,3,south andaman district,535,687813
andaman-&-nicobar-islands,2022,3,nicobars district,38,85640
andaman-&-nicobar-islands,2022,4,north and middle andaman district,112,224198
andaman-&-nicobar-islands,2022,4,south andaman district,750,1114857
andaman-&-nicobar-islands,2022,4,nicobars district,39,102155
andaman-&-nicobar-islands,2023,1,north and middle andaman district,85,178969
andaman-&-nicobar-islands,2023,1,south andaman district,872,1172083
andaman-&-nicobar-islands,2023,1,nicobars district,47,88146
andaman-&-nicobar-islands,2023,2,north and middle andaman district,56,109742
andaman-&-nicobar-islands,2023,2,south andaman district,670,1060976
andaman-&-nicobar-islands,2023,2,nicobars district,42,62677
andaman-&-nicobar-islands,2023,3,north and middle andaman district,77,133536
andaman-&-nicobar-islands,2023,3,south andaman district,682,1052324
andaman-&-nicobar-islands,2023,3,nicobars district,36,65285
andaman-&-nicobar-islands,2023,4,north and middle andaman district,95,156995
andaman-&-nicobar-islands,2023,4,south andaman district,1006,1504528
andaman-&-nicobar-islands,2023,4,nicobars district,44,96298
andaman-&-nicobar-islands,2024,1,north and middle andaman district,125,229226
andaman-&-nicobar-islands,2024,1,south andaman district,1190,1657627
andaman-&-nicobar-islands,2024,1,nicobars district,56,77703
andaman-&-nicobar-islands,2024,2,north and middle andaman district,74,164686
andaman-&-nicobar-islands,2024,2,south andaman district,974,1513489
andaman-&-nicobar-islands,2024,2,nicobars district,49,66519
andaman-&-nicobar-islands,2024,3,north and middle andaman district,95,151791
andaman-&-nicobar-islands,2024,3,south andaman district,1044,1530179
andaman-&-nicobar-islands,2024,3,nicobar district,51,68638
andaman-&-nicobar-islands,2024,3,nicobars district,1,2192
andaman-&-nicobar-islands,2024,4,north and middle andaman district,131,219770
andaman-&-nicobar-islands,2024,4,south andaman district,1085,1670015
andaman-&-nicobar-islands,2024,4,nicobar district,77,136595
andhra-pradesh,2020,2,east godavari district,1913,352220
andhra-pradesh,2020,2,srikakulam district,536,107046
andhra-pradesh,2020,2,spsr nellore district,931,176423
andhra-pradesh,2020,2,vizianagaram district,893,166029
andhra-pradesh,2020,2,visakhapatnam district,3504,614212
andhra-pradesh,2020,2,prakasam district,847,161709
andhra-pradesh,2020,2,anantapur district,2739,485777
andhra-pradesh,2020,2,ysr district,1978,343002
andhra-pradesh,2020,2,west godavari district,1074,202289
andhra-pradesh,2020,2,kurnool district,825,158720
andhra-pradesh,2020,2,chittoor district,2228,395099
andhra-pradesh,2020,2,guntur district,1938,344326
andhra-pradesh,2020,2,krishna district,2698,475539
andhra-pradesh,2020,3,east godavari district,3783,970549
andhra-pradesh,2020,3,srikakulam district,1535,383049
andhra-pradesh,2020,3,spsr nellore district,5509,1259159
andhra-pradesh,2020,3,vizianagaram district,2999,691281
andhra-pradesh,2020,3,visakhapatnam district,7906,1892376
andhra-pradesh,2020,3,prakasam district,2565,722751
andhra-pradesh,2020,3,anantapur district,2911,764850
andhra-pradesh,2020,3,ysr district,3397,847519
andhra-pradesh,2020,3,west godavari district,2543,696749
andhra-pradesh,2020,3,kurnool district,3493,841970
andhra-pradesh,2020,3,chittoor district,4422,1178762
andhra-pradesh,2020,3,guntur district,4230,1083584
andhra-pradesh,2020,3,krishna district,4519,1093882
andhra-pradesh,2020,4,east godavari district,1965,1355741
andhra-pradesh,2020,4,srikakulam district,811,546440
andhra-pradesh,2020,4,spsr nellore district,1348,810758
andhra-pradesh,2020,4,vizianagaram district,897,651040
andhra-pradesh,2020,4,visakhapatnam district,3464,2203761
andhra-pradesh,2020,4,prakasam district,1190,572976
andhra-pradesh,2020,4,anantapur district,1534,794053
andhra-pradesh,2020,4,ysr district,1165,631876
andhra-pradesh,2020,4,west godavari district,1390,906282
andhra-pradesh,2020,4,kurnool district,1092,500768
andhra-pradesh,2020,4,chittoor district,1727,1168506
andhra-pradesh,2020,4,guntur district,2570,1620649
andhra-pradesh,2020,4,krishna district,2311,1222782
andhra-pradesh,2021,1,east godavari district,1937,1065604
andhra-pradesh,2021,1,srikakulam district,854,588769
andhra-pradesh,2021,1,spsr nellore district,1323,714947
andhra-pradesh,2021,1,vizianagaram district,781,526804
andhra-pradesh,2021,1,visakhapatnam district,4006,2403199
andhra-pradesh,2021,1,prakasam district,1182,585354
andhra-pradesh,2021,1,anantapur district,1264,621128
andhra-pradesh,2021,1,ysr district,1265,729565
andhra-pradesh,2021,1,west godavari district,1460,850251
andhra-pradesh,2021,1,kurnool district,1270,508161
andhra-pradesh,2021,1,chittoor district,1629,1058050
andhra-pradesh,2021,1,guntur district,2412,1398326
andhra-pradesh,2021,1,krishna district,2722,1699716
andhra-pradesh,2021,2,east godavari district,2343,1695121
andhra-pradesh,2021,2,srikakulam district,842,755796
andhra-pradesh,2021,2,spsr nellore district,1817,1245872
andhra-pradesh,2021,2,vizianagaram district,815,702006
andhra-pradesh,2021,2,visakhapatnam district,4655,3497573
andhra-pradesh,2021,2,prakasam district,5308,2719134
andhra-pradesh,2021,2,anantapur district,1631,1284850
andhra-pradesh,2021,2,ysr district,1404,1026195
andhra-pradesh,2021,2,west godavari district,4170,2327122
andhra-pradesh,2021,2,kurnool district,1410,941389
andhra-pradesh,2021,2,chittoor district,2392,1839579
andhra-pradesh,2021,2,guntur district,2967,2201793
andhra-pradesh,2021,2,krishna district,3451,2494257
andhra-pradesh,2021,3,east godavari district,2248,2073825
andhra-pradesh,2021,3,srikakulam district,798,803258
andhra-pradesh,2021,3,spsr nellore district,1486,1161025
andhra-pradesh,2021,3,vizianagaram district,736,628946
andhra-pradesh,2021,3,visakhapatnam district,4044,3191769
andhra-pradesh,2021,3,prakasam district,1050,877683
andhra-pradesh,2021,3,anantapur district,1329,1311735
andhra-pradesh,2021,3,ysr district,1137,1033282
andhra-pradesh,2021,3,west godavari district,1452,1216098
andhra-pradesh,2021,3,kurnool district,1027,796678
andhra-pradesh,2021,3,chittoor district,1991,1995617
andhra-pradesh,2021,3,guntur district,2519,2102143
andhra-pradesh,2021,3,krishna district,3258,2722279
andhra-pradesh,2021,4,east godavari district,2532,3543718
andhra-pradesh,2021,4,srikakulam district,1116,1152210
andhra-pradesh,2021,4,spsr nellore district,2369,2345876
andhra-pradesh,2021,4,vizianagaram district,924,916336
andhra-pradesh,2021,4,visakhapatnam district,4176,5425896
andhra-pradesh,2021,4,prakasam district,1181,1328774
andhra-pradesh,2021,4,anantapur district,1322,2101400
andhra-pradesh,2021,4,ysr district,1449,1479933
andhra-pradesh,2021,4,west godavari district,1262,1853561
andhra-pradesh,2021,4,kurnool district,910,1306288
andhra-pradesh,2021,4,chittoor district,2444,3100521
andhra-pradesh,2021,4,guntur district,2709,3214794
andhra-pradesh,2021,4,krishna district,3029,3841028
andhra-pradesh,2022,1,east godavari district,3605,5199664
andhra-pradesh,2022,1,srikakulam district,1004,1393633
andhra-pradesh,2022,1,spsr nellore district,1878,2608475
andhra-pradesh,2022,1,vizianagaram district,949,1344329
andhra-pradesh,2022,1,visakhapatnam district,5196,6953446
andhra-pradesh,2022,1,prakasam district,1797,2181402
andhra-pradesh,2022,1,anantapur district,1551,2556602
andhra-pradesh,2022,1,ysr district,1439,2086496
andhra-pradesh,2022,1,west godavari district,1991,3109555
andhra-pradesh,2022,1,kurnool district,995,1641988
andhra-pradesh,2022,1,chittoor district,2887,4304499
andhra-pradesh,2022,1,guntur district,2748,3988284
andhra-pradesh,2022,1,krishna district,3914,5279784
andhra-pradesh,2022,2,east godavari district,3103,3899091
andhra-pradesh,2022,2,srikakulam district,946,1282760
andhra-pradesh,2022,2,spsr nellore district,2063,2686947
andhra-pradesh,2022,2,vizianagaram district,1145,1412957
andhra-pradesh,2022,2,visakhapatnam district,5851,7046107
andhra-pradesh,2022,2,prakasam district,1962,2331922
andhra-pradesh,2022,2,anantapur district,1794,2729962
andhra-pradesh,2022,2,ysr district,1418,1920103
andhra-pradesh,2022,2,west godavari district,2141,2903957
andhra-pradesh,2022,2,kurnool district,1233,1573534
andhra-pradesh,2022,2,chittoor district,2836,4207850
andhra-pradesh,2022,2,guntur district,3115,3979873
andhra-pradesh,2022,2,krishna district,4578,5733009
andhra-pradesh,2022,3,east godavari district,4355,5505134
andhra-pradesh,2022,3,srikakulam district,1079,1444643
andhra-pradesh,2022,3,spsr nellore district,2593,3257610
andhra-pradesh,2022,3,vizianagaram district,1270,1573445
andhra-pradesh,2022,3,visakhapatnam district,6720,7779967
andhra-pradesh,2022,3,prakasam district,2137,2552054
andhra-pradesh,2022,3,anantapur district,1934,2719786
andhra-pradesh,2022,3,ysr district,1892,2559169
andhra-pradesh,2022,3,west godavari district,2314,3113617
andhra-pradesh,2022,3,kurnool district,1318,1720753
andhra-pradesh,2022,3,chittoor district,3729,5145111
andhra-pradesh,2022,3,guntur district,4431,5271211
andhra-pradesh,2022,3,krishna district,5529,6149431
andhra-pradesh,2022,4,east godavari district,4450,5856052
andhra-pradesh,2022,4,srikakulam district,1294,1623449
andhra-pradesh,2022,4,spsr nellore district,2733,3658896
andhra-pradesh,2022,4,vizianagaram district,1373,1680979
andhra-pradesh,2022,4,visakhapatnam district,7636,9911879
andhra-pradesh,2022,4,prakasam district,2400,2848596
andhra-pradesh,2022,4,anantapur district,2425,3710468
andhra-pradesh,2022,4,ysr district,2261,2993022
andhra-pradesh,2022,4,west godavari district,2623,3513389
andhra-pradesh,2022,4,kurnool district,1810,2859172
andhra-pradesh,2022,4,chittoor district,4641,6166050
andhra-pradesh,2022,4,guntur district,5199,6244165
andhra-pradesh,2022,4,krishna district,5484,6977122
andhra-pradesh,2023,1,east godavari district,4069,5915626
andhra-pradesh,2023,1,srikakulam district,1100,1628429
andhra-pradesh,2023,1,spsr nellore district,2461,3621734
andhra-pradesh,2023,1,vizianagaram district,1104,1619607
andhra-pradesh,2023,1,visakhapatnam district,6752,9502319
andhra-pradesh,2023,1,prakasam district,1437,2188369
andhra-pradesh,2023,1,anantapur district,1565,2882540
andhra-pradesh,2023,1,ysr district,1509,2235497
andhra-pradesh,2023,1,west godavari district,2196,3370241
andhra-pradesh,2023,1,kurnool district,1208,2088411
andhra-pradesh,2023,1,chittoor district,3284,5677174
andhra-pradesh,2023,1,guntur district,3542,4957590
andhra-pradesh,2023,1,krishna district,4693,6275818
andhra-pradesh,2023,2,east godavari district,3690,5519480
andhra-pradesh,2023,2,srikakulam district,1083,1556225
andhra-pradesh,2023,2,spsr nellore district,2468,3679371
andhra-pradesh,2023,2,vizianagaram district,1227,1530183
andhra-pradesh,2023,2,visakhapatnam district,7000,8910217
andhra-pradesh,2023,2,prakasam district,1311,1880405
andhra-pradesh,2023,2,anantapur district,1688,3027497
andhra-pradesh,2023,2,ysr district,1652,2426306
andhra-pradesh,2023,2,west godavari district,2140,3383512
andhra-pradesh,2023,2,kurnool district,1473,2483871
andhra-pradesh,2023,2,chittoor district,3756,5988173
andhra-pradesh,2023,2,guntur district,3725,5015442
andhra-pradesh,2023,2,krishna district,5163,6666796
andhra-pradesh,2023,3,east godavari district,4157,5720660
andhra-pradesh,2023,3,srikakulam district,1308,1724487
andhra-pradesh,2023,3,spsr nellore district,3082,3962298
andhra-pradesh,2023,3,vizianagaram district,1274,1526422
andhra-pradesh,2023,3,visakhapatnam district,8972,11107138
andhra-pradesh,2023,3,prakasam district,1695,2170370
andhra-pradesh,2023,3,anantapur district,1947,3392196
andhra-pradesh,2023,3,ysr district,1900,2732465
andhra-pradesh,2023,3,west godavari district,2308,3162591
andhra-pradesh,2023,3,kurnool district,1723,2310997
andhra-pradesh,2023,3,chittoor district,3993,6350318
andhra-pradesh,2023,3,guntur district,4604,5810698
andhra-pradesh,2023,3,krishna district,6187,7831756
andhra-pradesh,2023,4,east godavari district,4294,6404501
andhra-pradesh,2023,4,srikakulam district,1327,1851290
andhra-pradesh,2023,4,spsr nellore district,2739,3968074
andhra-pradesh,2023,4,vizianagaram district,1350,1745449
andhra-pradesh,2023,4,visakhapatnam district,8787,12027284
andhra-pradesh,2023,4,prakasam district,1561,2357325
andhra-pradesh,2023,4,anantapur district,2143,3651525
andhra-pradesh,2023,4,ysr district,1923,2738253
andhra-pradesh,2023,4,west godavari district,2198,3630998
andhra-pradesh,2023,4,kurnool district,1829,3161720
andhra-pradesh,2023,4,chittoor district,4025,7322967
andhra-pradesh,2023,4,guntur district,4354,6154821
andhra-pradesh,2023,4,krishna district,5268,7328216
andhra-pradesh,2024,1,east godavari district,5344,6899327
andhra-pradesh,2024,1,srikakulam district,1651,1876987
andhra-pradesh,2024,1,spsr nellore district,2931,3961012
andhra-pradesh,2024,1,vizianagaram district,1683,2049836
andhra-pradesh,2024,1,visakhapatnam district,9034,12016206
andhra-pradesh,2024,1,prakasam district,1801,2513184
andhra-pradesh,2024,1,anantapur district,2194,3722783
andhra-pradesh,2024,1,ysr district,1935,2972264
andhra-pradesh,2024,1,west godavari district,2808,4029842
andhra-pradesh,2024,1,kurnool district,1916,2727094
andhra-pradesh,2024,1,chittoor district,4784,6901394
andhra-pradesh,2024,1,guntur district,4613,5985992
andhra-pradesh,2024,1,krishna district,5888,7907881
andhra-pradesh,2024,2,east godavari district,4730,6812370
andhra-pradesh,2024,2,srikakulam district,1568,1961204
andhra-pradesh,2024,2,spsr nellore district,2708,4456805
andhra-pradesh,2024,2,vizianagaram district,1575,1986175
andhra-pradesh,2024,2,visakhapatnam district,9077,12170419
andhra-pradesh,2024,2,prakasam district,2008,2858214
andhra-pradesh,2024,2,anantapur district,1868,3445825
andhra-pradesh,2024,2,ysr district,1652,2692864
andhra-pradesh,2024,2,west godavari district,2505,3448213
andhra-pradesh,2024,2,kurnool district,1664,2836292
andhra-pradesh,2024,2,chittoor district,3925,6646337
andhra-pradesh,2024,2,guntur district,3946,6093685
andhra-pradesh,2024,2,krishna district,5321,7539878
andhra-pradesh,2024,3,east godavari district,2001,3116536
andhra-pradesh,2024,3,srikakulam district,1408,1957392
andhra-pradesh,2024,3,visakhapatnam district,8553,12088761
andhra-pradesh,2024,3,sri potti sriramulu nellore district,2386,3626372
andhra-pradesh,2024,3,kurnool district,960,1691366
andhra-pradesh,2024,3,guntur district,3703,5419362
andhra-pradesh,2024,3,krishna district,1321,1995792
andhra-pradesh,2024,3,spsr nellore district,1,5123
andhra-pradesh,2024,3,annamayya district,1010,2118386
andhra-pradesh,2024,3,ananthapuramu district,1310,2511508
andhra-pradesh,2024,3,vizianagaram district,1608,2223183
andhra-pradesh,2024,3,tirupati district,3517,5808106
andhra-pradesh,2024,3,alluri sitharama raju district,278,356671
andhra-pradesh,2024,3,nandyal district,615,1147603
andhra-pradesh,2024,3,sri sathyasai district,768,1615122
andhra-pradesh,2024,3,palnadu district,960,1461960
andhra-pradesh,2024,3,prakasam district,1405,1885692
andhra-pradesh,2024,3,parvathipuram manyam district,361,468615
andhra-pradesh,2024,3,anantapur district,2,41706
andhra-pradesh,2024,3,dr br ambedkar konaseema district,882,1478929
andhra-pradesh,2024,3,bapatla district,797,1356652
andhra-pradesh,2024,3,ntr district,4856,6761184
andhra-pradesh,2024,3,kakinada district,2269,3477318
andhra-pradesh,2024,3,anakapalli district,1792,2253638
andhra-pradesh,2024,3,ysr district,1406,2419022
andhra-pradesh,2024,3,west godavari district,1154,1792789
andhra-pradesh,2024,3,eluru district,1259,2088060
andhra-pradesh,2024,3,chittoor district,1432,2748351
andhra-pradesh,2024,4,east godavari district,2499,3119010
andhra-pradesh,2024,4,srikakulam district,1874,2198375
andhra-pradesh,2024,4,visakhapatnam district,9897,13254184
andhra-pradesh,2024,4,sri potti sriramulu nellore district,3193,4050293
andhra-pradesh,2024,4,kurnool district,1371,2100914
andhra-pradesh,2024,4,guntur district,4159,5517638
andhra-pradesh,2024,4,krishna district,1706,2112206
andhra-pradesh,2024,4,annamayya district,1343,2036321
andhra-pradesh,2024,4,ananthapuramu district,1672,2619784
andhra-pradesh,2024,4,vizianagaram district,1926,1988306
andhra-pradesh,2024,4,tirupati district,4169,6081241
andhra-pradesh,2024,4,alluri sitharama raju district,359,401184
andhra-pradesh,2024,4,nandyal district,911,1339586
andhra-pradesh,2024,4,sri sathyasai district,1032,1634709
andhra-pradesh,2024,4,palnadu district,1417,1540990
andhra-pradesh,2024,4,prakasam district,2499,2645564
andhra-pradesh,2024,4,parvathipuram manyam district,452,451326
andhra-pradesh,2024,4,dr br ambedkar konaseema district,1203,1374247
andhra-pradesh,2024,4,bapatla district,1175,1540112
andhra-pradesh,2024,4,ntr district,7077,8504106
andhra-pradesh,2024,4,kakinada district,2905,3879273
andhra-pradesh,2024,4,anakapalli district,2018,2214934
andhra-pradesh,2024,4,ysr district,1792,2640383
andhra-pradesh,2024,4,west godavari district,1534,1956650
andhra-pradesh,2024,4,eluru district,1638,2188266
andhra-pradesh,2024,4,chittoor district,1604,2639312
arunachal-pradesh,2020,2,lower dibang valley district,2,513
arunachal-pradesh,2020,2,west kameng district,2,513
arunachal-pradesh,2020,2,lower subansiri district,1,231
arunachal-pradesh,2020,2,west siang district,5,1124
arunachal-pradesh,2020,2,kamle district,1,298
arunachal-pradesh,2020,2,east siang district,2,469
arunachal-pradesh,2020,2,tirap district,5,1026
arunachal-pradesh,2020,2,lepa rada district,1,282
arunachal-pradesh,2020,2,tawang district,3,827
arunachal-pradesh,2020,2,namsai district,1,231
arunachal-pradesh,2020,2,papum pare district,33,6304
arunachal-pradesh,2020,2,changlang district,9,2511
arunachal-pradesh,2020,3,lower dibang valley district,4,843
arunachal-pradesh,2020,3,lower subansiri district,1,662
arunachal-pradesh,2020,3,longding district,1,166
arunachal-pradesh,2020,3,west siang district,5,2052
arunachal-pradesh,2020,3,kamle district,1,166
arunachal-pradesh,2020,3,upper siang district,1,281
arunachal-pradesh,2020,3,tirap district,3,939
arunachal-pradesh,2020,3,papum pare district,60,15776
arunachal-pradesh,2020,3,siang district,1,184
arunachal-pradesh,2020,3,lower siang district,1,662
arunachal-pradesh,2020,3,changlang district,2,364
arunachal-pradesh,2020,3,dibang valley district,3,66
arunachal-pradesh,2020,3,west kameng district,12,3466
arunachal-pradesh,2020,3,east siang district,22,9675
arunachal-pradesh,2020,3,upper subansiri district,2,66
arunachal-pradesh,2020,3,east kameng district,2,695
arunachal-pradesh,2020,3,lohit district,9,1557
arunachal-pradesh,2020,3,lepa rada district,1,548
arunachal-pradesh,2020,3,tawang district,1,33
arunachal-pradesh,2020,3,namsai district,3,1486
arunachal-pradesh,2020,4,lower dibang valley district,9,1981
arunachal-pradesh,2020,4,lower subansiri district,1,32
arunachal-pradesh,2020,4,west siang district,1,162
arunachal-pradesh,2020,4,tirap district,4,1561
arunachal-pradesh,2020,4,papum pare district,48,21298
arunachal-pradesh,2020,4,siang district,2,691
arunachal-pradesh,2020,4,lower siang district,1,33
arunachal-pradesh,2020,4,changlang district,7,5505
arunachal-pradesh,2020,4,pakke kessang district,2,1017
arunachal-pradesh,2020,4,dibang valley district,1,2967
arunachal-pradesh,2020,4,west kameng district,15,22182
arunachal-pradesh,2020,4,east siang district,10,8075
arunachal-pradesh,2020,4,upper subansiri district,2,1154
arunachal-pradesh,2020,4,east kameng district,1,32
arunachal-pradesh,2020,4,lohit district,5,4148
arunachal-pradesh,2020,4,lepa rada district,3,2685
arunachal-pradesh,2020,4,tawang district,10,9740
arunachal-pradesh,2020,4,namsai district,3,984
arunachal-pradesh,2021,1,lower dibang valley district,5,4680
arunachal-pradesh,2021,1,lower subansiri district,2,5103
arunachal-pradesh,2021,1,longding district,2,1334
arunachal-pradesh,2021,1,west siang district,7,3690
arunachal-pradesh,2021,1,kamle district,1,167
arunachal-pradesh,2021,1,upper siang district,5,900
arunachal-pradesh,2021,1,tirap district,7,7696
arunachal-pradesh,2021,1,papum pare district,65,62651
arunachal-pradesh,2021,1,siang district,2,136
arunachal-pradesh,2021,1,lower siang district,5,733
arunachal-pradesh,2021,1,kra daadi district,2,366
arunachal-pradesh,2021,1,changlang district,12,4524
arunachal-pradesh,2021,1,pakke kessang district,2,415
arunachal-pradesh,2021,1,dibang valley district,1,669
arunachal-pradesh,2021,1,west kameng district,15,9871
arunachal-pradesh,2021,1,east siang district,18,8695
arunachal-pradesh,2021,1,upper subansiri district,7,4237
arunachal-pradesh,2021,1,east kameng district,4,132
arunachal-pradesh,2021,1,lohit district,11,2951
arunachal-pradesh,2021,1,lepa rada district,2,1258
arunachal-pradesh,2021,1,tawang district,11,10155
arunachal-pradesh,2021,1,namsai district,8,1248
arunachal-pradesh,2021,2,lower dibang valley district,14,8091
arunachal-pradesh,2021,2,lower subansiri district,10,4236
arunachal-pradesh,2021,2,west siang district,18,8990
arunachal-pradesh,2021,2,upper siang district,1,210
arunachal-pradesh,2021,2,tirap district,1,1405
arunachal-pradesh,2021,2,papum pare district,69,89335
arunachal-pradesh,2021,2,kurung kumey district,2,94
arunachal-pradesh,2021,2,anjaw district,2,19882
arunachal-pradesh,2021,2,siang district,1,5423
arunachal-pradesh,2021,2,kra daadi district,1,210
arunachal-pradesh,2021,2,changlang district,12,11258
arunachal-pradesh,2021,2,west kameng district,20,17896
arunachal-pradesh,2021,2,shi yomi district,1,933
arunachal-pradesh,2021,2,east siang district,6,2979
arunachal-pradesh,2021,2,upper subansiri district,2,467
arunachal-pradesh,2021,2,east kameng district,4,327
arunachal-pradesh,2021,2,lohit district,16,21096
arunachal-pradesh,2021,2,tawang district,13,23216
arunachal-pradesh,2021,2,namsai district,11,8880
arunachal-pradesh,2021,3,lower dibang valley district,13,11845
arunachal-pradesh,2021,3,lower subansiri district,6,11875
arunachal-pradesh,2021,3,west siang district,21,57300
arunachal-pradesh,2021,3,kamle district,2,1245
arunachal-pradesh,2021,3,upper siang district,5,11455
arunachal-pradesh,2021,3,tirap district,14,38082
arunachal-pradesh,2021,3,papum pare district,50,95368
arunachal-pradesh,2021,3,anjaw district,1,1531
arunachal-pradesh,2021,3,lower siang district,3,1927
arunachal-pradesh,2021,3,kra daadi district,1,946
arunachal-pradesh,2021,3,changlang district,15,25894
arunachal-pradesh,2021,3,west kameng district,22,21566
arunachal-pradesh,2021,3,east siang district,23,32914
arunachal-pradesh,2021,3,upper subansiri district,2,2417
arunachal-pradesh,2021,3,lohit district,10,15097
arunachal-pradesh,2021,3,lepa rada district,1,946
arunachal-pradesh,2021,3,tawang district,8,5436
arunachal-pradesh,2021,3,namsai district,15,35207
arunachal-pradesh,2021,4,lower dibang valley district,11,12440
arunachal-pradesh,2021,4,lower subansiri district,7,10820
arunachal-pradesh,2021,4,longding district,2,4852
arunachal-pradesh,2021,4,west siang district,14,25308
arunachal-pradesh,2021,4,upper siang district,2,6420
arunachal-pradesh,2021,4,tirap district,14,37402
arunachal-pradesh,2021,4,papum pare district,128,232985
arunachal-pradesh,2021,4,kurung kumey district,2,4597
arunachal-pradesh,2021,4,anjaw district,2,1175
arunachal-pradesh,2021,4,siang district,5,7876
arunachal-pradesh,2021,4,lower siang district,2,3130
arunachal-pradesh,2021,4,changlang district,26,59532
arunachal-pradesh,2021,4,pakke kessang district,4,6980
arunachal-pradesh,2021,4,west kameng district,37,61049
arunachal-pradesh,2021,4,east siang district,7,22841
arunachal-pradesh,2021,4,upper subansiri district,4,6632
arunachal-pradesh,2021,4,east kameng district,4,4783
arunachal-pradesh,2021,4,lohit district,17,19353
arunachal-pradesh,2021,4,lepa rada district,4,22217
arunachal-pradesh,2021,4,tawang district,14,28772
arunachal-pradesh,2021,4,namsai district,14,19295
arunachal-pradesh,2022,1,lower dibang valley district,10,17012
arunachal-pradesh,2022,1,lower subansiri district,9,27520
arunachal-pradesh,2022,1,longding district,6,18234
arunachal-pradesh,2022,1,west siang district,7,16731
arunachal-pradesh,2022,1,kamle district,2,3042
arunachal-pradesh,2022,1,tirap district,22,98280
arunachal-pradesh,2022,1,papum pare district,149,339981
arunachal-pradesh,2022,1,kurung kumey district,2,2907
arunachal-pradesh,2022,1,anjaw district,1,56
arunachal-pradesh,2022,1,siang district,3,10551
arunachal-pradesh,2022,1,lower siang district,6,16596
arunachal-pradesh,2022,1,kra daadi district,1,56
arunachal-pradesh,2022,1,changlang district,22,41022
arunachal-pradesh,2022,1,pakke kessang district,2,4537
arunachal-pradesh,2022,1,dibang valley district,2,4047
arunachal-pradesh,2022,1,west kameng district,36,83342
arunachal-pradesh,2022,1,shi yomi district,1,1335
arunachal-pradesh,2022,1,east siang district,22,50073
arunachal-pradesh,2022,1,upper subansiri district,5,7374
arunachal-pradesh,2022,1,east kameng district,1,56
arunachal-pradesh,2022,1,lohit district,17,33684
arunachal-pradesh,2022,1,lepa rada district,5,32299
arunachal-pradesh,2022,1,tawang district,11,59469
arunachal-pradesh,2022,1,namsai district,13,25903
arunachal-pradesh,2022,2,lower dibang valley district,13,25061
arunachal-pradesh,2022,2,lower subansiri district,7,13328
arunachal-pradesh,2022,2,longding district,3,6396
arunachal-pradesh,2022,2,west siang district,24,54485
arunachal-pradesh,2022,2,kamle district,2,1353
arunachal-pradesh,2022,2,upper siang district,2,7050
arunachal-pradesh,2022,2,tirap district,15,32728
arunachal-pradesh,2022,2,papum pare district,310,752159
arunachal-pradesh,2022,2,kurung kumey district,2,3224
arunachal-pradesh,2022,2,lower siang district,3,9427
arunachal-pradesh,2022,2,kra daadi district,3,4261
arunachal-pradesh,2022,2,changlang district,25,51823
arunachal-pradesh,2022,2,west kameng district,47,115575
arunachal-pradesh,2022,2,east siang district,29,107087
arunachal-pradesh,2022,2,upper subansiri district,4,1295
arunachal-pradesh,2022,2,east kameng district,10,17345
arunachal-pradesh,2022,2,lohit district,21,59273
arunachal-pradesh,2022,2,lepa rada district,4,2554
arunachal-pradesh,2022,2,tawang district,26,61225
arunachal-pradesh,2022,2,namsai district,14,34582
arunachal-pradesh,2022,3,lower dibang valley district,17,26960
arunachal-pradesh,2022,3,lower subansiri district,11,26683
arunachal-pradesh,2022,3,longding district,2,9842
arunachal-pradesh,2022,3,west siang district,16,86941
arunachal-pradesh,2022,3,kamle district,1,2325
arunachal-pradesh,2022,3,upper siang district,4,6334
arunachal-pradesh,2022,3,tirap district,23,54004
arunachal-pradesh,2022,3,papum pare district,250,590296
arunachal-pradesh,2022,3,anjaw district,1,1758
arunachal-pradesh,2022,3,siang district,2,6421
arunachal-pradesh,2022,3,lower siang district,3,4229
arunachal-pradesh,2022,3,kra daadi district,1,5626
arunachal-pradesh,2022,3,changlang district,22,53679
arunachal-pradesh,2022,3,pakke kessang district,2,2018
arunachal-pradesh,2022,3,west kameng district,42,118030
arunachal-pradesh,2022,3,shi yomi district,1,1304
arunachal-pradesh,2022,3,east siang district,35,54567
arunachal-pradesh,2022,3,upper subansiri district,1,720
arunachal-pradesh,2022,3,east kameng district,15,25996
arunachal-pradesh,2022,3,lohit district,18,45865
arunachal-pradesh,2022,3,lepa rada district,5,9636
arunachal-pradesh,2022,3,tawang district,24,112439
arunachal-pradesh,2022,3,namsai district,14,54631
arunachal-pradesh,2022,4,lower dibang valley district,23,56348
arunachal-pradesh,2022,4,lower subansiri district,14,21747
arunachal-pradesh,2022,4,longding district,8,30147
arunachal-pradesh,2022,4,west siang district,22,42902
arunachal-pradesh,2022,4,upper siang district,10,38307
arunachal-pradesh,2022,4,tirap district,22,69612
arunachal-pradesh,2022,4,papum pare district,249,557453
arunachal-pradesh,2022,4,kurung kumey district,2,1617
arunachal-pradesh,2022,4,anjaw district,5,15990
arunachal-pradesh,2022,4,siang district,8,25817
arunachal-pradesh,2022,4,lower siang district,3,14716
arunachal-pradesh,2022,4,kra daadi district,2,2861
arunachal-pradesh,2022,4,changlang district,39,92295
arunachal-pradesh,2022,4,pakke kessang district,4,9380
arunachal-pradesh,2022,4,dibang valley district,1,1273
arunachal-pradesh,2022,4,west kameng district,53,140810
arunachal-pradesh,2022,4,shi yomi district,1,56
arunachal-pradesh,2022,4,east siang district,33,62867
arunachal-pradesh,2022,4,upper subansiri district,7,6741
arunachal-pradesh,2022,4,east kameng district,11,18432
arunachal-pradesh,2022,4,lohit district,35,74057
arunachal-pradesh,2022,4,lepa rada district,4,11158
arunachal-pradesh,2022,4,tawang district,32,117810
arunachal-pradesh,2022,4,namsai district,25,52176
arunachal-pradesh,2023,1,lower dibang valley district,17,32562
arunachal-pradesh,2023,1,lower subansiri district,18,52453
arunachal-pradesh,2023,1,longding district,11,38902
arunachal-pradesh,2023,1,west siang district,26,77049
arunachal-pradesh,2023,1,upper siang district,13,45923
arunachal-pradesh,2023,1,tirap district,20,42058
arunachal-pradesh,2023,1,papum pare district,214,609907
arunachal-pradesh,2023,1,kurung kumey district,2,11687
arunachal-pradesh,2023,1,anjaw district,1,1257
arunachal-pradesh,2023,1,siang district,6,22077
arunachal-pradesh,2023,1,lower siang district,11,24273
arunachal-pradesh,2023,1,kra daadi district,1,56
arunachal-pradesh,2023,1,changlang district,58,150506
arunachal-pradesh,2023,1,pakke kessang district,1,323
arunachal-pradesh,2023,1,west kameng district,58,148766
arunachal-pradesh,2023,1,shi yomi district,2,7170
arunachal-pradesh,2023,1,east siang district,45,131785
arunachal-pradesh,2023,1,upper subansiri district,9,15828
arunachal-pradesh,2023,1,east kameng district,12,38909
arunachal-pradesh,2023,1,lohit district,22,48743
arunachal-pradesh,2023,1,lepa rada district,2,1470
arunachal-pradesh,2023,1,tawang district,43,177062
arunachal-pradesh,2023,1,namsai district,14,68709
arunachal-pradesh,2023,2,lower dibang valley district,29,51944
arunachal-pradesh,2023,2,lower subansiri district,17,50690
arunachal-pradesh,2023,2,longding district,6,11281
arunachal-pradesh,2023,2,west siang district,27,85810
arunachal-pradesh,2023,2,kamle district,1,1461
arunachal-pradesh,2023,2,upper siang district,13,43078
arunachal-pradesh,2023,2,tirap district,21,70549
arunachal-pradesh,2023,2,papum pare district,261,767297
arunachal-pradesh,2023,2,kurung kumey district,1,36
arunachal-pradesh,2023,2,anjaw district,2,7504
arunachal-pradesh,2023,2,siang district,4,7411
arunachal-pradesh,2023,2,lower siang district,6,33183
arunachal-pradesh,2023,2,changlang district,48,182270
arunachal-pradesh,2023,2,pakke kessang district,1,3561
arunachal-pradesh,2023,2,west kameng district,87,278705
arunachal-pradesh,2023,2,shi yomi district,1,7321
arunachal-pradesh,2023,2,east siang district,49,134410
arunachal-pradesh,2023,2,upper subansiri district,9,21737
arunachal-pradesh,2023,2,east kameng district,12,32842
arunachal-pradesh,2023,2,lohit district,29,65934
arunachal-pradesh,2023,2,lepa rada district,7,24722
arunachal-pradesh,2023,2,tawang district,31,117759
arunachal-pradesh,2023,2,namsai district,34,96483
arunachal-pradesh,2023,3,lower dibang valley district,39,140365
arunachal-pradesh,2023,3,lower subansiri district,13,22876
arunachal-pradesh,2023,3,longding district,3,21679
arunachal-pradesh,2023,3,west siang district,23,92531
arunachal-pradesh,2023,3,kamle district,2,3826
arunachal-pradesh,2023,3,upper siang district,10,21601
arunachal-pradesh,2023,3,tirap district,38,135660
arunachal-pradesh,2023,3,papum pare district,285,696186
arunachal-pradesh,2023,3,kurung kumey district,6,11543
arunachal-pradesh,2023,3,anjaw district,1,5822
arunachal-pradesh,2023,3,lower siang district,6,11486
arunachal-pradesh,2023,3,kra daadi district,1,36
arunachal-pradesh,2023,3,changlang district,44,108703
arunachal-pradesh,2023,3,pakke kessang district,2,1638
arunachal-pradesh,2023,3,dibang valley district,1,1600
arunachal-pradesh,2023,3,west kameng district,65,185636
arunachal-pradesh,2023,3,shi yomi district,1,3580
arunachal-pradesh,2023,3,east siang district,59,113780
arunachal-pradesh,2023,3,upper subansiri district,11,23048
arunachal-pradesh,2023,3,east kameng district,6,15582
arunachal-pradesh,2023,3,lohit district,29,102043
arunachal-pradesh,2023,3,tawang district,39,129855
arunachal-pradesh,2023,3,namsai district,34,55710
arunachal-pradesh,2023,4,lower dibang valley district,35,81825
arunachal-pradesh,2023,4,lower subansiri district,13,21089
arunachal-pradesh,2023,4,longding district,6,19165
arunachal-pradesh,2023,4,west siang district,48,119227
arunachal-pradesh,2023,4,kamle district,1,11668
arunachal-pradesh,2023,4,upper siang district,10,22705
arunachal-pradesh,2023,4,tirap district,32,74981
arunachal-pradesh,2023,4,papum pare district,318,852980
arunachal-pradesh,2023,4,kurung kumey district,4,1354
arunachal-pradesh,2023,4,anjaw district,3,18810
arunachal-pradesh,2023,4,siang district,2,4226
arunachal-pradesh,2023,4,lower siang district,9,42641
arunachal-pradesh,2023,4,changlang district,47,94883
arunachal-pradesh,2023,4,pakke kessang district,3,1695
arunachal-pradesh,2023,4,dibang valley district,2,20681
arunachal-pradesh,2023,4,west kameng district,67,190405
arunachal-pradesh,2023,4,shi yomi district,2,6149
arunachal-pradesh,2023,4,east siang district,42,109484
arunachal-pradesh,2023,4,upper subansiri district,14,19213
arunachal-pradesh,2023,4,east kameng district,18,17324
arunachal-pradesh,2023,4,lohit district,34,77356
arunachal-pradesh,2023,4,lepa rada district,5,9401
arunachal-pradesh,2023,4,tawang district,45,167579
arunachal-pradesh,2023,4,namsai district,49,120567
arunachal-pradesh,2024,1,lower dibang valley district,48,123833
arunachal-pradesh,2024,1,lower subansiri district,31,47226
arunachal-pradesh,2024,1,longding district,9,25954
arunachal-pradesh,2024,1,west siang district,49,128839
arunachal-pradesh,2024,1,kamle district,10,15390
arunachal-pradesh,2024,1,upper siang district,13,23424
arunachal-pradesh,2024,1,tirap district,25,68242
arunachal-pradesh,2024,1,papum pare district,415,902815
arunachal-pradesh,2024,1,kurung kumey district,5,7023
arunachal-pradesh,2024,1,anjaw district,5,6965
arunachal-pradesh,2024,1,siang district,7,16226
arunachal-pradesh,2024,1,lower siang district,11,29243
arunachal-pradesh,2024,1,kra daadi district,4,616
arunachal-pradesh,2024,1,changlang district,60,119720
arunachal-pradesh,2024,1,pakke kessang district,3,7499
arunachal-pradesh,2024,1,dibang valley district,1,61
arunachal-pradesh,2024,1,west kameng district,109,264851
arunachal-pradesh,2024,1,shi yomi district,1,1169
arunachal-pradesh,2024,1,east siang district,88,195598
arunachal-pradesh,2024,1,upper subansiri district,25,54281
arunachal-pradesh,2024,1,east kameng district,20,25006
arunachal-pradesh,2024,1,lohit district,58,125916
arunachal-pradesh,2024,1,lepa rada district,9,31689
arunachal-pradesh,2024,1,tawang district,57,123314
arunachal-pradesh,2024,1,namsai district,37,74800
arunachal-pradesh,2024,2,lower dibang valley district,38,102160
arunachal-pradesh,2024,2,lower subansiri district,40,58095
arunachal-pradesh,2024,2,longding district,19,36297
arunachal-pradesh,2024,2,west siang district,48,122922
arunachal-pradesh,2024,2,kamle district,5,11926
arunachal-pradesh,2024,2,upper siang district,23,80329
arunachal-pradesh,2024,2,tirap district,26,71335
arunachal-pradesh,2024,2,papum pare district,361,844112
arunachal-pradesh,2024,2,kurung kumey district,2,152
arunachal-pradesh,2024,2,anjaw district,7,5051
arunachal-pradesh,2024,2,siang district,5,8906
arunachal-pradesh,2024,2,lower siang district,12,35054
arunachal-pradesh,2024,2,kra daadi district,7,8840
arunachal-pradesh,2024,2,changlang district,55,127100
arunachal-pradesh,2024,2,pakke kessang district,7,15963
arunachal-pradesh,2024,2,dibang valley district,5,9412
arunachal-pradesh,2024,2,west kameng district,100,234304
arunachal-pradesh,2024,2,shi yomi district,3,14314
arunachal-pradesh,2024,2,east siang district,54,143926
arunachal-pradesh,2024,2,upper subansiri district,18,50389
arunachal-pradesh,2024,2,east kameng district,25,25365
arunachal-pradesh,2024,2,lohit district,55,80040
arunachal-pradesh,2024,2,lepa rada district,8,20920
arunachal-pradesh,2024,2,tawang district,192,165583
arunachal-pradesh,2024,2,namsai district,32,80520
arunachal-pradesh,2024,3,lower dibang valley district,27,49341
arunachal-pradesh,2024,3,lower subansiri district,24,41745
arunachal-pradesh,2024,3,longding district,8,18126
arunachal-pradesh,2024,3,itanagar capital complex district,218,512620
arunachal-pradesh,2024,3,west siang district,28,89620
arunachal-pradesh,2024,3,kamle district,3,3368
arunachal-pradesh,2024,3,upper siang district,8,20365
arunachal-pradesh,2024,3,tirap district,35,80188
arunachal-pradesh,2024,3,papum pare district,66,79642
arunachal-pradesh,2024,3,kurung kumey district,4,2982
arunachal-pradesh,2024,3,anjaw district,8,15674
arunachal-pradesh,2024,3,siang district,3,2621
arunachal-pradesh,2024,3,lower siang district,21,41622
arunachal-pradesh,2024,3,kra daadi district,2,1075
arunachal-pradesh,2024,3,changlang district,57,132735
arunachal-pradesh,2024,3,dibang valley district,4,26967
arunachal-pradesh,2024,3,west kameng district,115,280805
arunachal-pradesh,2024,3,shi yomi district,4,7802
arunachal-pradesh,2024,3,east siang district,47,127890
arunachal-pradesh,2024,3,upper subansiri district,15,34832
arunachal-pradesh,2024,3,east kameng district,10,4508
arunachal-pradesh,2024,3,lohit district,32,96133
arunachal-pradesh,2024,3,lepa rada district,6,21040
arunachal-pradesh,2024,3,tawang district,69,166341
arunachal-pradesh,2024,3,namsai district,28,93343
arunachal-pradesh,2024,4,lower subansiri district,35,61313
arunachal-pradesh,2024,4,tirap district,35,86267
arunachal-pradesh,2024,4,papum pare district,61,126855
arunachal-pradesh,2024,4,anjaw district,15,27869
arunachal-pradesh,2024,4,lower siang district,14,33797
arunachal-pradesh,2024,4,dibang valley district,8,11260
arunachal-pradesh,2024,4,west kameng district,117,277233
arunachal-pradesh,2024,4,shi yomi district,3,5772
arunachal-pradesh,2024,4,east kameng district,13,9130
arunachal-pradesh,2024,4,lohit district,34,82796
arunachal-pradesh,2024,4,lepa rada district,10,35085
arunachal-pradesh,2024,4,lower dibang valley district,34,63459
arunachal-pradesh,2024,4,longding district,11,54596
arunachal-pradesh,2024,4,itanagar capital complex district,240,638964
arunachal-pradesh,2024,4,west siang district,55,118386
arunachal-pradesh,2024,4,kamle district,6,66
arunachal-pradesh,2024,4,upper siang district,15,10761
arunachal-pradesh,2024,4,kurung kumey district,4,3824
arunachal-pradesh,2024,4,siang district,7,24849
arunachal-pradesh,2024,4,kra daadi district,2,1068
arunachal-pradesh,2024,4,changlang district,55,85559
arunachal-pradesh,2024,4,pakke kessang district,4,3434
arunachal-pradesh,2024,4,east siang district,89,235678
arunachal-pradesh,2024,4,upper subansiri district,23,44909
arunachal-pradesh,2024,4,tawang district,68,223139
arunachal-pradesh,2024,4,namsai district,41,93403
assam,2020,2,tinsukia district,41,8863
assam,2020,2,lakhimpur district,34,7772
assam,2020,2,kamrup district,24,7156
assam,2020,2,kokrajhar district,13,2874
assam,2020,2,karbi anglong district,12,2671
assam,2020,2,sivasagar district,16,3682
assam,2020,2,dibrugarh district,40,8918
assam,2020,2,south salmara mancachar district,1,238
assam,2020,2,nagaon district,52,11413
assam,2020,2,dhubri district,19,4391
assam,2020,2,golaghat district,25,5694
assam,2020,2,udalguri district,14,3303
assam,2020,2,majuli district,4,975
assam,2020,2,sonitpur district,46,10879
assam,2020,2,hojai district,11,2588
assam,2020,2,marigaon district,9,2222
assam,2020,2,chirang district,5,1273
assam,2020,2,cachar district,31,6886
assam,2020,2,nalbari district,16,3098
assam,2020,2,west karbi anglong district,2,462
assam,2020,2,dhemaji district,15,3549
assam,2020,2,karimganj district,27,6710
assam,2020,2,bongaigaon district,30,6850
assam,2020,2,dima hasao district,8,1453
assam,2020,2,baksa district,20,4391
assam,2020,2,charaideo district,11,2481
assam,2020,2,darrang district,3,750
assam,2020,2,kamrup metropolitan district,388,73071
assam,2020,2,hailakandi district,4,1088
assam,2020,2,barpeta district,22,5473
assam,2020,2,goalpara district,9,2048
assam,2020,2,biswanath district,3,1172
assam,2020,2,jorhat district,23,5640
assam,2020,3,tinsukia district,82,25873
assam,2020,3,lakhimpur district,41,9115
assam,2020,3,kamrup district,100,27927
assam,2020,3,kokrajhar district,39,15632
assam,2020,3,karbi anglong district,43,11732
assam,2020,3,sivasagar district,56,17709
assam,2020,3,dibrugarh district,95,28716
assam,2020,3,south salmara mancachar district,7,1508
assam,2020,3,nagaon district,111,29094
assam,2020,3,dhubri district,32,7379
assam,2020,3,golaghat district,56,13665
assam,2020,3,udalguri district,23,6346
assam,2020,3,majuli district,1,281
assam,2020,3,sonitpur district,88,26070
assam,2020,3,hojai district,29,7810
assam,2020,3,marigaon district,49,8771
assam,2020,3,chirang district,20,3667
assam,2020,3,cachar district,98,28618
assam,2020,3,nalbari district,33,11032
assam,2020,3,west karbi anglong district,6,1790
assam,2020,3,dhemaji district,38,10985
assam,2020,3,karimganj district,46,13114
assam,2020,3,bongaigaon district,72,20029
assam,2020,3,dima hasao district,8,2605
assam,2020,3,baksa district,27,6136
assam,2020,3,charaideo district,20,4314
assam,2020,3,darrang district,43,10388
assam,2020,3,kamrup metropolitan district,698,186125
assam,2020,3,hailakandi district,28,6793
assam,2020,3,barpeta district,98,22486
assam,2020,3,goalpara district,34,10049
assam,2020,3,biswanath district,23,4173
assam,2020,3,jorhat district,62,19518
assam,2020,4,tinsukia district,121,110036
assam,2020,4,lakhimpur district,67,58751
assam,2020,4,kamrup district,110,73472
assam,2020,4,kokrajhar district,54,30297
assam,2020,4,karbi anglong district,29,13855
assam,2020,4,sivasagar district,48,41901
assam,2020,4,dibrugarh district,97,85549
assam,2020,4,south salmara mancachar district,10,6446
assam,2020,4,nagaon district,147,104375
assam,2020,4,dhubri district,62,32215
assam,2020,4,golaghat district,54,56656
assam,2020,4,udalguri district,27,20128
assam,2020,4,majuli district,7,2174
assam,2020,4,sonitpur district,101,76365
assam,2020,4,hojai district,50,28113
assam,2020,4,marigaon district,34,19642
assam,2020,4,chirang district,13,8033
assam,2020,4,cachar district,91,63874
assam,2020,4,nalbari district,49,25777
assam,2020,4,west karbi anglong district,13,9967
assam,2020,4,dhemaji district,48,26663
assam,2020,4,karimganj district,45,24940
assam,2020,4,bongaigaon district,69,45817
assam,2020,4,dima hasao district,5,4452
assam,2020,4,baksa district,46,29371
assam,2020,4,charaideo district,21,18610
assam,2020,4,darrang district,57,39620
assam,2020,4,kamrup metropolitan district,626,534531
assam,2020,4,hailakandi district,22,14368
assam,2020,4,barpeta district,121,89658
assam,2020,4,goalpara district,50,28453
assam,2020,4,biswanath district,37,21580
assam,2020,4,jorhat district,82,61112
assam,2021,1,tinsukia district,108,99440
assam,2021,1,lakhimpur district,61,56410
assam,2021,1,kamrup district,137,97851
assam,2021,1,kokrajhar district,83,60512
assam,2021,1,karbi anglong district,39,22446
assam,2021,1,sivasagar district,47,34100
assam,2021,1,dibrugarh district,91,81680
assam,2021,1,south salmara mancachar district,16,8769
assam,2021,1,nagaon district,151,91536
assam,2021,1,dhubri district,76,58877
assam,2021,1,golaghat district,75,49067
assam,2021,1,udalguri district,52,36482
assam,2021,1,majuli district,8,5398
assam,2021,1,sonitpur district,162,151386
assam,2021,1,hojai district,57,50103
assam,2021,1,marigaon district,78,43375
assam,2021,1,chirang district,20,18398
assam,2021,1,cachar district,138,111672
assam,2021,1,nalbari district,77,63771
assam,2021,1,west karbi anglong district,14,14529
assam,2021,1,dhemaji district,84,48008
assam,2021,1,karimganj district,64,75039
assam,2021,1,bongaigaon district,56,38810
assam,2021,1,dima hasao district,20,12733
assam,2021,1,baksa district,61,26406
assam,2021,1,charaideo district,36,31975
assam,2021,1,darrang district,56,42029
assam,2021,1,kamrup metropolitan district,909,638404
assam,2021,1,hailakandi district,43,56147
assam,2021,1,barpeta district,138,94523
assam,2021,1,goalpara district,74,29286
assam,2021,1,biswanath district,46,17216
assam,2021,1,jorhat district,90,68041
assam,2021,2,tinsukia district,123,137739
assam,2021,2,lakhimpur district,81,79568
assam,2021,2,kamrup district,131,151795
assam,2021,2,kokrajhar district,60,80473
assam,2021,2,karbi anglong district,56,73096
assam,2021,2,sivasagar district,58,92699
assam,2021,2,dibrugarh district,138,138262
assam,2021,2,south salmara mancachar district,19,12826
assam,2021,2,nagaon district,139,99192
assam,2021,2,dhubri district,92,89465
assam,2021,2,golaghat district,82,64125
assam,2021,2,udalguri district,61,40310
assam,2021,2,majuli district,8,17050
assam,2021,2,sonitpur district,166,149754
assam,2021,2,hojai district,64,92629
assam,2021,2,marigaon district,80,66635
assam,2021,2,chirang district,22,24284
assam,2021,2,cachar district,125,110721
assam,2021,2,nalbari district,82,64676
assam,2021,2,west karbi anglong district,7,2365
assam,2021,2,dhemaji district,65,42833
assam,2021,2,karimganj district,64,53606
assam,2021,2,bongaigaon district,77,44942
assam,2021,2,dima hasao district,9,12950
assam,2021,2,baksa district,73,62463
assam,2021,2,charaideo district,26,25866
assam,2021,2,darrang district,74,52259
assam,2021,2,kamrup metropolitan district,910,790743
assam,2021,2,hailakandi district,37,30411
assam,2021,2,barpeta district,150,166761
assam,2021,2,goalpara district,69,54203
assam,2021,2,biswanath district,32,17158
assam,2021,2,jorhat district,85,66263
assam,2021,3,tinsukia district,193,219360
assam,2021,3,lakhimpur district,78,118491
assam,2021,3,kamrup district,187,191043
assam,2021,3,kokrajhar district,72,134902
assam,2021,3,karbi anglong district,66,105671
assam,2021,3,sivasagar district,106,156429
assam,2021,3,dibrugarh district,244,369625
assam,2021,3,south salmara mancachar district,21,18695
assam,2021,3,nagaon district,256,414468
assam,2021,3,dhubri district,109,152257
assam,2021,3,golaghat district,105,129787
assam,2021,3,udalguri district,57,61975
assam,2021,3,majuli district,5,4365
assam,2021,3,sonitpur district,254,379958
assam,2021,3,hojai district,71,89128
assam,2021,3,marigaon district,86,127294
assam,2021,3,chirang district,47,41595
assam,2021,3,cachar district,139,190170
assam,2021,3,nalbari district,82,103013
assam,2021,3,west karbi anglong district,11,6952
assam,2021,3,dhemaji district,66,131804
assam,2021,3,karimganj district,106,146731
assam,2021,3,bongaigaon district,112,130453
assam,2021,3,dima hasao district,12,17333
assam,2021,3,baksa district,120,133440
assam,2021,3,charaideo district,70,116767
assam,2021,3,darrang district,110,127300
assam,2021,3,kamrup metropolitan district,1130,1219595
assam,2021,3,hailakandi district,55,60686
assam,2021,3,barpeta district,246,472172
assam,2021,3,goalpara district,78,140655
assam,2021,3,biswanath district,80,110801
assam,2021,3,jorhat district,121,187950
assam,2021,4,tinsukia district,376,622789
assam,2021,4,lakhimpur district,210,371675
assam,2021,4,kamrup district,360,561224
assam,2021,4,kokrajhar district,107,213000
assam,2021,4,karbi anglong district,232,416010
assam,2021,4,sivasagar district,163,327216
assam,2021,4,dibrugarh district,422,720457
assam,2021,4,south salmara mancachar district,32,64000
assam,2021,4,nagaon district,450,872663
assam,2021,4,dhubri district,255,370821
assam,2021,4,golaghat district,174,336881
assam,2021,4,udalguri district,146,227377
assam,2021,4,majuli district,49,96903
assam,2021,4,sonitpur district,415,668817
assam,2021,4,hojai district,132,240963
assam,2021,4,marigaon district,154,212999
assam,2021,4,chirang district,63,116323
assam,2021,4,cachar district,322,545014
assam,2021,4,nalbari district,162,263611
assam,2021,4,west karbi anglong district,11,19760
assam,2021,4,dhemaji district,76,152746
assam,2021,4,karimganj district,164,341261
assam,2021,4,bongaigaon district,191,314157
assam,2021,4,dima hasao district,42,84904
assam,2021,4,baksa district,163,312400
assam,2021,4,charaideo district,135,257951
assam,2021,4,darrang district,204,275280
assam,2021,4,kamrup metropolitan district,2250,2848340
assam,2021,4,hailakandi district,133,215862
assam,2021,4,barpeta district,470,805931
assam,2021,4,goalpara district,138,286804
assam,2021,4,biswanath district,164,254489
assam,2021,4,jorhat district,257,543440
assam,2022,1,tinsukia district,643,1177509
assam,2022,1,lakhimpur district,458,902458
assam,2022,1,kamrup district,530,905037
assam,2022,1,kokrajhar district,300,425255
assam,2022,1,karbi anglong district,289,474786
assam,2022,1,sivasagar district,405,850834
assam,2022,1,dibrugarh district,873,1470129
assam,2022,1,south salmara mancachar district,50,80871
assam,2022,1,nagaon district,841,1525020
assam,2022,1,dhubri district,361,586525
assam,2022,1,golaghat district,651,1131690
assam,2022,1,udalguri district,215,381777
assam,2022,1,majuli district,64,144864
assam,2022,1,sonitpur district,735,1366384
assam,2022,1,hojai district,280,515727
assam,2022,1,marigaon district,322,570219
assam,2022,1,chirang district,145,246552
assam,2022,1,cachar district,594,1093901
assam,2022,1,nalbari district,246,396188
assam,2022,1,west karbi anglong district,31,68127
assam,2022,1,dhemaji district,261,539714
assam,2022,1,karimganj district,427,858733
assam,2022,1,bongaigaon district,354,590285
assam,2022,1,dima hasao district,205,356716
assam,2022,1,baksa district,301,588323
assam,2022,1,charaideo district,232,461537
assam,2022,1,darrang district,322,470812
assam,2022,1,kamrup metropolitan district,3580,5037571
assam,2022,1,hailakandi district,221,455659
assam,2022,1,barpeta district,746,1153589
assam,2022,1,goalpara district,295,491829
assam,2022,1,biswanath district,388,679902
assam,2022,1,jorhat district,865,1449243
assam,2022,2,tinsukia district,389,774583
assam,2022,2,lakhimpur district,240,557463
assam,2022,2,kamrup district,406,635248
assam,2022,2,kokrajhar district,242,254646
assam,2022,2,karbi anglong district,163,278384
assam,2022,2,sivasagar district,180,392296
assam,2022,2,dibrugarh district,587,1057176
assam,2022,2,south salmara mancachar district,32,30625
assam,2022,2,nagaon district,385,680355
assam,2022,2,dhubri district,229,401885
assam,2022,2,golaghat district,176,331304
assam,2022,2,udalguri district,151,228273
assam,2022,2,majuli district,19,36151
assam,2022,2,sonitpur district,552,928881
assam,2022,2,hojai district,145,221125
assam,2022,2,marigaon district,156,216403
assam,2022,2,chirang district,84,130964
assam,2022,2,cachar district,349,610793
assam,2022,2,nalbari district,198,327166
assam,2022,2,west karbi anglong district,19,51698
assam,2022,2,dhemaji district,134,317121
assam,2022,2,karimganj district,224,438579
assam,2022,2,bongaigaon district,202,309653
assam,2022,2,dima hasao district,56,120589
assam,2022,2,baksa district,126,215593
assam,2022,2,charaideo district,119,223776
assam,2022,2,darrang district,190,381726
assam,2022,2,kamrup metropolitan district,2330,3272854
assam,2022,2,hailakandi district,86,188345
assam,2022,2,barpeta district,406,598109
assam,2022,2,goalpara district,161,264297
assam,2022,2,biswanath district,145,306034
assam,2022,2,jorhat district,347,575716
assam,2022,3,tinsukia district,566,936833
assam,2022,3,lakhimpur district,314,651114
assam,2022,3,kamrup district,612,983523
assam,2022,3,kokrajhar district,298,465605
assam,2022,3,karbi anglong district,178,325996
assam,2022,3,sivasagar district,306,550921
assam,2022,3,dibrugarh district,848,1381966
assam,2022,3,south salmara mancachar district,71,92147
assam,2022,3,nagaon district,673,1113514
assam,2022,3,dhubri district,355,547817
assam,2022,3,golaghat district,270,604394
assam,2022,3,udalguri district,198,252193
assam,2022,3,majuli district,26,48219
assam,2022,3,sonitpur district,865,1425722
assam,2022,3,hojai district,284,468766
assam,2022,3,marigaon district,231,409442
assam,2022,3,chirang district,131,249651
assam,2022,3,cachar district,527,803800
assam,2022,3,nalbari district,303,450759
assam,2022,3,west karbi anglong district,28,34554
assam,2022,3,dhemaji district,173,354898
assam,2022,3,karimganj district,444,689445
assam,2022,3,bongaigaon district,279,484740
assam,2022,3,dima hasao district,52,98898
assam,2022,3,baksa district,265,436127
assam,2022,3,charaideo district,177,338921
assam,2022,3,darrang district,320,489805
assam,2022,3,kamrup metropolitan district,3502,4613053
assam,2022,3,hailakandi district,186,379580
assam,2022,3,barpeta district,708,1128686
assam,2022,3,goalpara district,251,475268
assam,2022,3,biswanath district,236,454178
assam,2022,3,jorhat district,472,803029
assam,2022,4,tinsukia district,650,1190417
assam,2022,4,lakhimpur district,481,987421
assam,2022,4,kamrup district,864,1321583
assam,2022,4,kokrajhar district,248,399610
assam,2022,4,karbi anglong district,223,460647
assam,2022,4,sivasagar district,325,682334
assam,2022,4,dibrugarh district,1094,1961516
assam,2022,4,south salmara mancachar district,47,79674
assam,2022,4,nagaon district,731,1242807
assam,2022,4,dhubri district,440,685471
assam,2022,4,golaghat district,364,699346
assam,2022,4,udalguri district,294,484680
assam,2022,4,majuli district,51,102990
assam,2022,4,sonitpur district,1095,1672604
assam,2022,4,hojai district,288,429044
assam,2022,4,marigaon district,285,439105
assam,2022,4,chirang district,153,255188
assam,2022,4,cachar district,705,1215813
assam,2022,4,nalbari district,357,558094
assam,2022,4,west karbi anglong district,36,52843
assam,2022,4,dhemaji district,205,412365
assam,2022,4,karimganj district,426,751744
assam,2022,4,bongaigaon district,371,587173
assam,2022,4,dima hasao district,87,226834
assam,2022,4,baksa district,336,613815
assam,2022,4,charaideo district,208,407568
assam,2022,4,darrang district,404,546464
assam,2022,4,kamrup metropolitan district,5835,7067068
assam,2022,4,hailakandi district,209,397354
assam,2022,4,barpeta district,845,1263373
assam,2022,4,goalpara district,308,500489
assam,2022,4,biswanath district,255,529513
assam,2022,4,jorhat district,606,1014221
assam,2023,1,tinsukia district,813,1490071
assam,2023,1,lakhimpur district,688,1386745
assam,2023,1,kamrup district,923,1577259
assam,2023,1,kokrajhar district,379,573910
assam,2023,1,karbi anglong district,315,641183
assam,2023,1,sivasagar district,507,1054078
assam,2023,1,dibrugarh district,1255,2224803
assam,2023,1,south salmara mancachar district,70,93044
assam,2023,1,nagaon district,978,1827073
assam,2023,1,dhubri district,589,899007
assam,2023,1,golaghat district,465,909167
assam,2023,1,udalguri district,316,502145
assam,2023,1,majuli district,91,187786
assam,2023,1,sonitpur district,1065,1974045
assam,2023,1,hojai district,391,656215
assam,2023,1,marigaon district,358,558566
assam,2023,1,chirang district,151,222700
assam,2023,1,cachar district,807,1506973
assam,2023,1,nalbari district,428,672811
assam,2023,1,west karbi anglong district,32,47099
assam,2023,1,dhemaji district,286,684645
assam,2023,1,karimganj district,572,1055943
assam,2023,1,bongaigaon district,503,744138
assam,2023,1,dima hasao district,122,282969
assam,2023,1,baksa district,393,660328
assam,2023,1,charaideo district,234,534473
assam,2023,1,darrang district,622,919655
assam,2023,1,kamrup metropolitan district,5668,7671824
assam,2023,1,hailakandi district,377,751869
assam,2023,1,barpeta district,948,1554633
assam,2023,1,goalpara district,473,842701
assam,2023,1,biswanath district,394,681360
assam,2023,1,jorhat district,887,1574670
assam,2023,2,tinsukia district,641,1239379
assam,2023,2,lakhimpur district,574,1175317
assam,2023,2,kamrup district,690,1153785
assam,2023,2,kokrajhar district,347,540089
assam,2023,2,karbi anglong district,263,562848
assam,2023,2,sivasagar district,314,778958
assam,2023,2,dibrugarh district,1121,2142408
assam,2023,2,south salmara mancachar district,60,124110
assam,2023,2,nagaon district,767,1428414
assam,2023,2,dhubri district,444,695516
assam,2023,2,golaghat district,348,645960
assam,2023,2,udalguri district,210,345702
assam,2023,2,majuli district,48,95440
assam,2023,2,sonitpur district,893,1605940
assam,2023,2,hojai district,315,453583
assam,2023,2,marigaon district,289,506729
assam,2023,2,chirang district,119,220792
assam,2023,2,cachar district,656,1133925
assam,2023,2,nalbari district,320,496603
assam,2023,2,west karbi anglong district,22,34551
assam,2023,2,dhemaji district,187,498162
assam,2023,2,karimganj district,391,702841
assam,2023,2,bongaigaon district,373,574269
assam,2023,2,dima hasao district,70,178927
assam,2023,2,baksa district,305,498792
assam,2023,2,charaideo district,208,415164
assam,2023,2,darrang district,420,642091
assam,2023,2,kamrup metropolitan district,4012,5898627
assam,2023,2,hailakandi district,180,317973
assam,2023,2,barpeta district,683,1025061
assam,2023,2,goalpara district,334,597367
assam,2023,2,biswanath district,290,527136
assam,2023,2,jorhat district,581,1111680
assam,2023,3,tinsukia district,1072,1795306
assam,2023,3,lakhimpur district,710,1288953
assam,2023,3,kamrup district,927,1535288
assam,2023,3,kokrajhar district,438,711469
assam,2023,3,karbi anglong district,347,614944
assam,2023,3,sivasagar district,391,899470
assam,2023,3,dibrugarh district,1582,2574384
assam,2023,3,south salmara mancachar district,94,143106
assam,2023,3,nagaon district,1173,1931012
assam,2023,3,dhubri district,699,1028552
assam,2023,3,golaghat district,503,902576
assam,2023,3,udalguri district,374,546032
assam,2023,3,majuli district,95,134306
assam,2023,3,sonitpur district,1077,1850471
assam,2023,3,hojai district,480,678086
assam,2023,3,marigaon district,356,589743
assam,2023,3,chirang district,227,392823
assam,2023,3,cachar district,842,1278019
assam,2023,3,nalbari district,450,739845
assam,2023,3,west karbi anglong district,39,97383
assam,2023,3,dhemaji district,302,616423
assam,2023,3,karimganj district,577,880416
assam,2023,3,bongaigaon district,479,689143
assam,2023,3,dima hasao district,127,274910
assam,2023,3,baksa district,523,784131
assam,2023,3,charaideo district,266,455900
assam,2023,3,darrang district,570,787846
assam,2023,3,kamrup metropolitan district,4860,6709390
assam,2023,3,hailakandi district,209,371613
assam,2023,3,barpeta district,1229,1769686
assam,2023,3,goalpara district,506,752034
assam,2023,3,biswanath district,379,604148
assam,2023,3,jorhat district,690,1190750
assam,2023,4,tinsukia district,899,1734025
assam,2023,4,lakhimpur district,580,1154255
assam,2023,4,kamrup district,1106,1685946
assam,2023,4,kokrajhar district,557,881781
assam,2023,4,karbi anglong district,388,663712
assam,2023,4,sivasagar district,386,853385
assam,2023,4,dibrugarh district,1311,2554356
assam,2023,4,south salmara mancachar district,96,128706
assam,2023,4,nagaon district,1095,1810718
assam,2023,4,dhubri district,755,1083292
assam,2023,4,golaghat district,411,875674
assam,2023,4,udalguri district,428,754070
assam,2023,4,majuli district,105,184560
assam,2023,4,sonitpur district,1353,2337321
assam,2023,4,hojai district,393,702120
assam,2023,4,marigaon district,381,577757
assam,2023,4,chirang district,244,383486
assam,2023,4,cachar district,737,1308876
assam,2023,4,nalbari district,434,675675
assam,2023,4,west karbi anglong district,57,140753
assam,2023,4,dhemaji district,235,518064
assam,2023,4,karimganj district,529,883271
assam,2023,4,bongaigaon district,568,968920
assam,2023,4,dima hasao district,84,198611
assam,2023,4,baksa district,444,716744
assam,2023,4,charaideo district,262,476074
assam,2023,4,darrang district,604,872840
assam,2023,4,kamrup metropolitan district,5317,7719481
assam,2023,4,hailakandi district,290,569175
assam,2023,4,barpeta district,1163,1993408
assam,2023,4,goalpara district,578,972465
assam,2023,4,biswanath district,415,801437
assam,2023,4,jorhat district,963,1550776
assam,2024,1,tinsukia district,1255,2174121
assam,2024,1,lakhimpur district,937,1631246
assam,2024,1,kamrup district,1371,1848729
assam,2024,1,kokrajhar district,777,957858
assam,2024,1,karbi anglong district,443,674885
assam,2024,1,sivasagar district,758,1362360
assam,2024,1,dibrugarh district,1730,2796591
assam,2024,1,south salmara mancachar district,184,198366
assam,2024,1,nagaon district,1887,2830019
assam,2024,1,dhubri district,1040,1208964
assam,2024,1,golaghat district,736,1233064
assam,2024,1,udalguri district,585,790950
assam,2024,1,majuli district,127,201598
assam,2024,1,sonitpur district,1877,2836196
assam,2024,1,hojai district,631,876060
assam,2024,1,marigaon district,661,954626
assam,2024,1,chirang district,359,483857
assam,2024,1,cachar district,1122,1680658
assam,2024,1,nalbari district,716,940773
assam,2024,1,west karbi anglong district,82,127164
assam,2024,1,dhemaji district,439,844649
assam,2024,1,karimganj district,824,1225387
assam,2024,1,bongaigaon district,888,1268465
assam,2024,1,dima hasao district,154,229972
assam,2024,1,baksa district,829,1106651
assam,2024,1,charaideo district,340,630958
assam,2024,1,darrang district,856,1033170
assam,2024,1,kamrup metropolitan district,6122,8448944
assam,2024,1,hailakandi district,564,834555
assam,2024,1,barpeta district,1876,2380473
assam,2024,1,goalpara district,902,1253229
assam,2024,1,biswanath district,611,920286
assam,2024,1,jorhat district,1414,2122424
assam,2024,2,tinsukia district,863,1448536
assam,2024,2,lakhimpur district,614,1081619
assam,2024,2,kamrup district,916,1290289
assam,2024,2,kokrajhar district,527,740510
assam,2024,2,karbi anglong district,340,610140
assam,2024,2,sivasagar district,423,802783
assam,2024,2,dibrugarh district,1333,2130896
assam,2024,2,south salmara mancachar district,157,186433
assam,2024,2,nagaon district,1156,1884574
assam,2024,2,dhubri district,673,854459
assam,2024,2,golaghat district,465,788031
assam,2024,2,udalguri district,398,488100
assam,2024,2,majuli district,44,80747
assam,2024,2,sonitpur district,1237,2099284
assam,2024,2,hojai district,470,643123
assam,2024,2,marigaon district,451,621184
assam,2024,2,chirang district,275,369460
assam,2024,2,cachar district,779,1165403
assam,2024,2,nalbari district,498,732199
assam,2024,2,west karbi anglong district,50,67532
assam,2024,2,dhemaji district,293,544045
assam,2024,2,karimganj district,529,859101
assam,2024,2,bongaigaon district,655,1063487
assam,2024,2,dima hasao district,117,200425
assam,2024,2,baksa district,530,703383
assam,2024,2,charaideo district,240,479104
assam,2024,2,darrang district,618,812678
assam,2024,2,kamrup metropolitan district,4266,6790945
assam,2024,2,hailakandi district,247,415861
assam,2024,2,barpeta district,1262,1638356
assam,2024,2,goalpara district,800,1191636
assam,2024,2,biswanath district,365,555726
assam,2024,2,jorhat district,777,1456554
assam,2024,3,tinsukia district,782,1472817
assam,2024,3,lakhimpur district,409,869723
assam,2024,3,kamrup district,925,1446934
assam,2024,3,kokrajhar district,477,730144
assam,2024,3,karbi anglong district,232,441463
assam,2024,3,sivasagar district,307,752891
assam,2024,3,dibrugarh district,1019,1975290
assam,2024,3,nagaon district,754,1345197
assam,2024,3,dhubri district,522,824255
assam,2024,3,golaghat district,435,862667
assam,2024,3,udalguri district,305,551310
assam,2024,3,morigaon district,332,659579
assam,2024,3,majuli district,45,90899
assam,2024,3,sonitpur district,888,1612215
assam,2024,3,bajali district,99,164071
assam,2024,3,hojai district,403,780876
assam,2024,3,chirang district,235,379254
assam,2024,3,cachar district,668,1083025
assam,2024,3,nalbari district,390,625572
assam,2024,3,west karbi anglong district,40,70173
assam,2024,3,dhemaji district,212,434692
assam,2024,3,karimganj district,381,638004
assam,2024,3,bongaigaon district,419,673143
assam,2024,3,dima hasao district,79,139473
assam,2024,3,baksa district,308,497783
assam,2024,3,charaideo district,166,320781
assam,2024,3,darrang district,390,585421
assam,2024,3,kamrup metropolitan district,3855,6666759
assam,2024,3,hailakandi district,234,490016
assam,2024,3,south salmara mankachar district,126,214025
assam,2024,3,barpeta district,791,1253952
assam,2024,3,goalpara district,447,821210
assam,2024,3,biswanath district,350,699044
assam,2024,3,jorhat district,527,1074219
assam,2024,3,tamulpur district,81,142094
assam,2024,4,tinsukia district,816,1517962
assam,2024,4,lakhimpur district,503,965428
assam,2024,4,kamrup district,1090,1561314
assam,2024,4,kokrajhar district,563,850052
assam,2024,4,karbi anglong district,291,468379
assam,2024,4,sivasagar district,372,693398
assam,2024,4,dibrugarh district,1204,2506223
assam,2024,4,nagaon district,1012,1552864
assam,2024,4,dhubri district,722,925125
assam,2024,4,golaghat district,496,923983
assam,2024,4,udalguri district,383,631702
assam,2024,4,morigaon district,386,564533
assam,2024,4,majuli district,54,89358
assam,2024,4,sonitpur district,1136,1890760
assam,2024,4,bajali district,132,240666
assam,2024,4,hojai district,503,862449
assam,2024,4,chirang district,280,490432
assam,2024,4,cachar district,833,1281628
assam,2024,4,nalbari district,436,668108
assam,2024,4,west karbi anglong district,57,70725
assam,2024,4,dhemaji district,263,494481
assam,2024,4,karimganj district,485,737421
assam,2024,4,bongaigaon district,559,816147
assam,2024,4,dima hasao district,98,182856
assam,2024,4,baksa district,354,507021
assam,2024,4,charaideo district,244,479774
assam,2024,4,darrang district,582,740144
assam,2024,4,kamrup metropolitan district,4694,7306786
assam,2024,4,hailakandi district,248,525249
assam,2024,4,south salmara mankachar district,181,209178
assam,2024,4,barpeta district,972,1389291
assam,2024,4,goalpara district,647,1000066
assam,2024,4,biswanath district,424,805478
assam,2024,4,jorhat district,663,1209024
assam,2024,4,tamulpur district,122,178224
bihar,2020,2,madhepura district,35,8811
bihar,2020,2,purnia district,71,15152
bihar,2020,2,nalanda district,80,16236
bihar,2020,2,buxar district,30,6935
bihar,2020,2,darbhanga district,103,21997
bihar,2020,2,nawada district,28,6213
bihar,2020,2,jamui district,27,5918
bihar,2020,2,sheikhpura district,5,1208
bihar,2020,2,siwan district,70,15029
bihar,2020,2,muzaffarpur district,132,28803
bihar,2020,2,patna district,685,126689
bihar,2020,2,jehanabad district,16,4139
bihar,2020,2,rohtas district,72,14897
bihar,2020,2,begusarai district,158,31671
bihar,2020,2,supaul district,38,9106
bihar,2020,2,sitamarhi district,51,12131
bihar,2020,2,saran district,74,17237
bihar,2020,2,arwal district,11,2595
bihar,2020,2,vaishali district,86,20680
bihar,2020,2,pashchim champaran district,92,20072
bihar,2020,2,gopalganj district,46,10933
bihar,2020,2,lakhisarai district,10,2176
bihar,2020,2,aurangabad district,54,13266
bihar,2020,2,kaimur bhabua district,17,4108
bihar,2020,2,araria district,43,10368
bihar,2020,2,munger district,43,8940
bihar,2020,2,katihar district,58,11482
bihar,2020,2,khagaria district,28,6062
bihar,2020,2,saharsa district,62,11611
bihar,2020,2,bhagalpur district,96,22602
bihar,2020,2,madhubani district,89,19995
bihar,2020,2,kishanganj district,30,6017
bihar,2020,2,gaya district,117,24619
bihar,2020,2,samastipur district,79,18009
bihar,2020,2,banka district,21,4877
bihar,2020,2,purbi champaran district,100,22466
bihar,2020,2,sheohar district,2,462
bihar,2020,2,bhojpur district,57,12109
bihar,2020,3,madhepura district,144,28460
bihar,2020,3,purnia district,292,61193
bihar,2020,3,nalanda district,230,46996
bihar,2020,3,buxar district,104,20594
bihar,2020,3,darbhanga district,325,73191
bihar,2020,3,nawada district,101,19106
bihar,2020,3,jamui district,127,25040
bihar,2020,3,sheikhpura district,42,11522
bihar,2020,3,siwan district,200,41800
bihar,2020,3,muzaffarpur district,752,179003
bihar,2020,3,patna district,1926,427322
bihar,2020,3,jehanabad district,71,16899
bihar,2020,3,rohtas district,244,50868
bihar,2020,3,begusarai district,271,63851
bihar,2020,3,supaul district,116,24116
bihar,2020,3,sitamarhi district,196,37279
bihar,2020,3,saran district,323,78623
bihar,2020,3,arwal district,26,6040
bihar,2020,3,vaishali district,408,89031
bihar,2020,3,pashchim champaran district,257,50327
bihar,2020,3,gopalganj district,186,50130
bihar,2020,3,lakhisarai district,70,16465
bihar,2020,3,aurangabad district,196,48288
bihar,2020,3,kaimur bhabua district,91,21373
bihar,2020,3,araria district,163,35425
bihar,2020,3,munger district,132,29124
bihar,2020,3,katihar district,173,35362
bihar,2020,3,khagaria district,102,27429
bihar,2020,3,saharsa district,193,45726
bihar,2020,3,bhagalpur district,325,80091
bihar,2020,3,madhubani district,272,56233
bihar,2020,3,kishanganj district,102,20624
bihar,2020,3,gaya district,408,85332
bihar,2020,3,samastipur district,344,81819
bihar,2020,3,banka district,76,16476
bihar,2020,3,purbi champaran district,497,111197
bihar,2020,3,sheohar district,36,8231
bihar,2020,3,bhojpur district,212,40516
bihar,2020,4,madhepura district,126,75974
bihar,2020,4,purnia district,242,168783
bihar,2020,4,nalanda district,261,200124
bihar,2020,4,buxar district,114,120688
bihar,2020,4,darbhanga district,375,329076
bihar,2020,4,nawada district,135,95287
bihar,2020,4,jamui district,102,60007
bihar,2020,4,sheikhpura district,38,44180
bihar,2020,4,siwan district,261,259428
bihar,2020,4,muzaffarpur district,616,462851
bihar,2020,4,patna district,1831,1396144
bihar,2020,4,jehanabad district,82,61829
bihar,2020,4,rohtas district,231,170841
bihar,2020,4,begusarai district,300,260192
bihar,2020,4,supaul district,133,85336
bihar,2020,4,sitamarhi district,228,175510
bihar,2020,4,saran district,410,376021
bihar,2020,4,arwal district,57,50923
bihar,2020,4,vaishali district,445,381786
bihar,2020,4,pashchim champaran district,298,181558
bihar,2020,4,gopalganj district,234,205451
bihar,2020,4,lakhisarai district,79,58544
bihar,2020,4,aurangabad district,207,163931
bihar,2020,4,kaimur bhabua district,56,44044
bihar,2020,4,araria district,167,99884
bihar,2020,4,munger district,134,117691
bihar,2020,4,katihar district,187,140608
bihar,2020,4,khagaria district,119,98847
bihar,2020,4,saharsa district,195,148251
bihar,2020,4,bhagalpur district,332,281912
bihar,2020,4,madhubani district,362,312107
bihar,2020,4,kishanganj district,97,89033
bihar,2020,4,gaya district,366,260585
bihar,2020,4,samastipur district,404,405354
bihar,2020,4,banka district,90,68459
bihar,2020,4,purbi champaran district,336,195193
bihar,2020,4,sheohar district,74,54287
bihar,2020,4,bhojpur district,189,160213
bihar,2021,1,madhepura district,169,103462
bihar,2021,1,purnia district,286,152615
bihar,2021,1,nalanda district,311,249470
bihar,2021,1,buxar district,163,140813
bihar,2021,1,darbhanga district,463,321486
bihar,2021,1,nawada district,180,124595
bihar,2021,1,jamui district,127,112872
bihar,2021,1,sheikhpura district,38,38797
bihar,2021,1,siwan district,361,306424
bihar,2021,1,muzaffarpur district,750,518615
bihar,2021,1,patna district,2101,1349311
bihar,2021,1,jehanabad district,117,91182
bihar,2021,1,rohtas district,306,206068
bihar,2021,1,begusarai district,410,296152
bihar,2021,1,supaul district,168,82835
bihar,2021,1,sitamarhi district,255,182610
bihar,2021,1,saran district,459,385969
bihar,2021,1,arwal district,46,56526
bihar,2021,1,vaishali district,534,460907
bihar,2021,1,pashchim champaran district,415,255416
bihar,2021,1,gopalganj district,280,234453
bihar,2021,1,lakhisarai district,69,47481
bihar,2021,1,aurangabad district,245,194462
bihar,2021,1,kaimur bhabua district,105,52197
bihar,2021,1,araria district,244,104873
bihar,2021,1,munger district,112,79858
bihar,2021,1,katihar district,337,221245
bihar,2021,1,khagaria district,166,98314
bihar,2021,1,saharsa district,226,163741
bihar,2021,1,bhagalpur district,372,313162
bihar,2021,1,madhubani district,444,317538
bihar,2021,1,kishanganj district,151,82159
bihar,2021,1,gaya district,597,370763
bihar,2021,1,samastipur district,500,393366
bihar,2021,1,banka district,127,115642
bihar,2021,1,purbi champaran district,505,265124
bihar,2021,1,sheohar district,134,102009
bihar,2021,1,bhojpur district,281,204107
bihar,2021,2,madhepura district,162,104529
bihar,2021,2,purnia district,347,306468
bihar,2021,2,nalanda district,325,376958
bihar,2021,2,buxar district,193,196077
bihar,2021,2,darbhanga district,559,503233
bihar,2021,2,nawada district,196,276112
bihar,2021,2,jamui district,134,146830
bihar,2021,2,sheikhpura district,52,54919
bihar,2021,2,siwan district,364,365250
bihar,2021,2,muzaffarpur district,855,728324
bihar,2021,2,patna district,2844,2420477
bihar,2021,2,jehanabad district,134,154256
bihar,2021,2,rohtas district,345,317538
bihar,2021,2,begusarai district,480,456120
bihar,2021,2,supaul district,152,107040
bihar,2021,2,sitamarhi district,307,267143
bihar,2021,2,saran district,550,605534
bihar,2021,2,arwal district,72,87177
bihar,2021,2,vaishali district,611,662818
bihar,2021,2,pashchim champaran district,433,322518
bihar,2021,2,gopalganj district,274,253626
bihar,2021,2,lakhisarai district,113,109282
bihar,2021,2,aurangabad district,296,325257
bihar,2021,2,kaimur bhabua district,92,78913
bihar,2021,2,araria district,234,165704
bihar,2021,2,munger district,193,174409
bihar,2021,2,katihar district,338,300178
bihar,2021,2,khagaria district,175,142937
bihar,2021,2,saharsa district,177,172566
bihar,2021,2,bhagalpur district,475,428330
bihar,2021,2,madhubani district,460,477394
bihar,2021,2,kishanganj district,108,56375
bihar,2021,2,gaya district,565,575770
bihar,2021,2,samastipur district,559,524394
bihar,2021,2,banka district,165,143113
bihar,2021,2,purbi champaran district,509,475116
bihar,2021,2,sheohar district,164,142635
bihar,2021,2,bhojpur district,289,296261
bihar,2021,3,madhepura district,202,226584
bihar,2021,3,purnia district,376,360831
bihar,2021,3,nalanda district,481,565230
bihar,2021,3,buxar district,237,224849
bihar,2021,3,darbhanga district,606,630720
bihar,2021,3,nawada district,230,258916
bihar,2021,3,jamui district,167,191587
bihar,2021,3,sheikhpura district,94,106069
bihar,2021,3,siwan district,486,458296
bihar,2021,3,muzaffarpur district,1031,999940
bihar,2021,3,patna district,4025,3635269
bihar,2021,3,jehanabad district,175,193359
bihar,2021,3,rohtas district,423,385006
bihar,2021,3,begusarai district,780,770780
bihar,2021,3,supaul district,200,172086
bihar,2021,3,sitamarhi district,375,371932
bihar,2021,3,saran district,640,671368
bihar,2021,3,arwal district,80,103527
bihar,2021,3,vaishali district,796,871661
bihar,2021,3,pashchim champaran district,468,379473
bihar,2021,3,gopalganj district,392,358074
bihar,2021,3,lakhisarai district,117,109866
bihar,2021,3,aurangabad district,322,316369
bihar,2021,3,kaimur bhabua district,131,164945
bihar,2021,3,araria district,226,260682
bihar,2021,3,munger district,272,340380
bihar,2021,3,katihar district,358,415837
bihar,2021,3,khagaria district,229,255092
bihar,2021,3,saharsa district,280,309941
bihar,2021,3,bhagalpur district,603,673714
bihar,2021,3,madhubani district,478,534596
bihar,2021,3,kishanganj district,125,115738
bihar,2021,3,gaya district,660,613726
bihar,2021,3,samastipur district,735,806958
bihar,2021,3,banka district,184,270526
bihar,2021,3,purbi champaran district,561,606304
bihar,2021,3,sheohar district,122,104595
bihar,2021,3,bhojpur district,363,400115
bihar,2021,4,madhepura district,235,291320
bihar,2021,4,purnia district,534,691330
bihar,2021,4,nalanda district,638,836936
bihar,2021,4,buxar district,357,473522
bihar,2021,4,darbhanga district,793,870539
bihar,2021,4,nawada district,231,311902
bihar,2021,4,jamui district,215,298038
bihar,2021,4,sheikhpura district,192,215533
bihar,2021,4,siwan district,597,798018
bihar,2021,4,muzaffarpur district,1372,1563252
bihar,2021,4,patna district,5114,5291931
bihar,2021,4,jehanabad district,235,280296
bihar,2021,4,rohtas district,441,655467
bihar,2021,4,begusarai district,719,859763
bihar,2021,4,supaul district,262,359714
bihar,2021,4,sitamarhi district,439,563725
bihar,2021,4,saran district,880,1231657
bihar,2021,4,arwal district,109,145040
bihar,2021,4,vaishali district,1036,1200374
bihar,2021,4,pashchim champaran district,528,724994
bihar,2021,4,gopalganj district,447,608537
bihar,2021,4,lakhisarai district,136,194737
bihar,2021,4,aurangabad district,379,488037
bihar,2021,4,kaimur bhabua district,151,222765
bihar,2021,4,araria district,251,336920
bihar,2021,4,munger district,363,430673
bihar,2021,4,katihar district,500,630279
bihar,2021,4,khagaria district,264,291457
bihar,2021,4,saharsa district,273,347747
bihar,2021,4,bhagalpur district,818,990253
bihar,2021,4,madhubani district,662,932401
bihar,2021,4,kishanganj district,150,175979
bihar,2021,4,gaya district,801,890348
bihar,2021,4,samastipur district,836,1098032
bihar,2021,4,banka district,255,418421
bihar,2021,4,purbi champaran district,667,874730
bihar,2021,4,sheohar district,98,104185
bihar,2021,4,bhojpur district,478,614961
bihar,2022,1,madhepura district,184,232517
bihar,2022,1,purnia district,417,581884
bihar,2022,1,nalanda district,647,889503
bihar,2022,1,buxar district,297,444661
bihar,2022,1,darbhanga district,716,958014
bihar,2022,1,nawada district,199,280898
bihar,2022,1,jamui district,187,295145
bihar,2022,1,sheikhpura district,157,172089
bihar,2022,1,siwan district,583,843273
bihar,2022,1,muzaffarpur district,1211,1664652
bihar,2022,1,patna district,4444,5436425
bihar,2022,1,jehanabad district,236,268809
bihar,2022,1,rohtas district,387,705402
bihar,2022,1,begusarai district,665,982309
bihar,2022,1,supaul district,196,295668
bihar,2022,1,sitamarhi district,338,470086
bihar,2022,1,saran district,698,1079022
bihar,2022,1,arwal district,119,166646
bihar,2022,1,vaishali district,900,1300490
bihar,2022,1,pashchim champaran district,457,657165
bihar,2022,1,gopalganj district,342,589290
bihar,2022,1,lakhisarai district,192,216525
bihar,2022,1,aurangabad district,391,681802
bihar,2022,1,kaimur bhabua district,243,337086
bihar,2022,1,araria district,210,305405
bihar,2022,1,munger district,652,604211
bihar,2022,1,katihar district,428,631105
bihar,2022,1,khagaria district,219,282524
bihar,2022,1,saharsa district,307,375098
bihar,2022,1,bhagalpur district,790,1009817
bihar,2022,1,madhubani district,560,931711
bihar,2022,1,kishanganj district,111,153658
bihar,2022,1,gaya district,710,986298
bihar,2022,1,samastipur district,846,1134330
bihar,2022,1,banka district,244,441020
bihar,2022,1,purbi champaran district,492,636410
bihar,2022,1,sheohar district,112,143629
bihar,2022,1,bhojpur district,366,571159
bihar,2022,2,madhepura district,241,334739
bihar,2022,2,purnia district,579,765476
bihar,2022,2,nalanda district,622,841049
bihar,2022,2,buxar district,213,352709
bihar,2022,2,darbhanga district,823,901618
bihar,2022,2,nawada district,257,393990
bihar,2022,2,jamui district,215,277834
bihar,2022,2,sheikhpura district,120,150712
bihar,2022,2,siwan district,571,845240
bihar,2022,2,muzaffarpur district,1312,1527583
bihar,2022,2,patna district,4980,5796863
bihar,2022,2,jehanabad district,188,280036
bihar,2022,2,rohtas district,392,554547
bihar,2022,2,begusarai district,734,980380
bihar,2022,2,supaul district,236,333032
bihar,2022,2,sitamarhi district,429,631962
bihar,2022,2,saran district,831,1134410
bihar,2022,2,arwal district,119,177049
bihar,2022,2,vaishali district,1030,1332752
bihar,2022,2,pashchim champaran district,419,523598
bihar,2022,2,gopalganj district,302,505681
bihar,2022,2,lakhisarai district,148,173040
bihar,2022,2,aurangabad district,327,468808
bihar,2022,2,kaimur bhabua district,165,246810
bihar,2022,2,araria district,245,343057
bihar,2022,2,munger district,869,685212
bihar,2022,2,katihar district,480,605789
bihar,2022,2,khagaria district,279,403085
bihar,2022,2,saharsa district,288,379111
bihar,2022,2,bhagalpur district,806,1158286
bihar,2022,2,madhubani district,536,765513
bihar,2022,2,kishanganj district,133,182196
bihar,2022,2,gaya district,781,1127943
bihar,2022,2,samastipur district,866,1140296
bihar,2022,2,banka district,230,413190
bihar,2022,2,purbi champaran district,602,806310
bihar,2022,2,sheohar district,91,118708
bihar,2022,2,bhojpur district,433,554219
bihar,2022,3,madhepura district,312,360612
bihar,2022,3,purnia district,769,969744
bihar,2022,3,nalanda district,802,1007554
bihar,2022,3,buxar district,262,384070
bihar,2022,3,darbhanga district,978,1175895
bihar,2022,3,nawada district,328,416328
bihar,2022,3,jamui district,253,323778
bihar,2022,3,sheikhpura district,217,251319
bihar,2022,3,siwan district,621,785645
bihar,2022,3,muzaffarpur district,1848,2047804
bihar,2022,3,patna district,6711,7663832
bihar,2022,3,jehanabad district,305,358453
bihar,2022,3,rohtas district,490,748040
bihar,2022,3,begusarai district,1010,1185869
bihar,2022,3,supaul district,301,359591
bihar,2022,3,sitamarhi district,576,693893
bihar,2022,3,saran district,1013,1475793
bihar,2022,3,arwal district,142,220383
bihar,2022,3,vaishali district,1495,1738699
bihar,2022,3,pashchim champaran district,612,713749
bihar,2022,3,gopalganj district,469,671041
bihar,2022,3,lakhisarai district,167,193296
bihar,2022,3,aurangabad district,449,549606
bihar,2022,3,kaimur bhabua district,226,334469
bihar,2022,3,araria district,375,438329
bihar,2022,3,munger district,548,668235
bihar,2022,3,katihar district,635,825876
bihar,2022,3,khagaria district,341,443598
bihar,2022,3,saharsa district,397,440910
bihar,2022,3,bhagalpur district,1030,1287137
bihar,2022,3,madhubani district,700,880331
bihar,2022,3,kishanganj district,234,284796
bihar,2022,3,gaya district,1052,1275154
bihar,2022,3,samastipur district,1037,1446763
bihar,2022,3,banka district,292,381848
bihar,2022,3,purbi champaran district,801,834279
bihar,2022,3,sheohar district,134,156696
bihar,2022,3,bhojpur district,579,710836
bihar,2022,4,madhepura district,388,475077
bihar,2022,4,purnia district,915,1262372
bihar,2022,4,nalanda district,944,1190812
bihar,2022,4,buxar district,379,527851
bihar,2022,4,darbhanga district,1183,1530684
bihar,2022,4,nawada district,366,519474
bihar,2022,4,jamui district,653,767702
bihar,2022,4,sheikhpura district,157,217169
bihar,2022,4,siwan district,846,1156245
bihar,2022,4,muzaffarpur district,2305,2622512
bihar,2022,4,patna district,7741,8886520
bihar,2022,4,jehanabad district,337,394075
bihar,2022,4,rohtas district,615,960045
bihar,2022,4,begusarai district,1065,1313395
bihar,2022,4,supaul district,338,451200
bihar,2022,4,sitamarhi district,720,819838
bihar,2022,4,saran district,1260,1760294
bihar,2022,4,arwal district,183,252011
bihar,2022,4,vaishali district,1553,1950312
bihar,2022,4,pashchim champaran district,639,899415
bihar,2022,4,gopalganj district,493,817014
bihar,2022,4,lakhisarai district,232,352021
bihar,2022,4,aurangabad district,526,855196
bihar,2022,4,kaimur bhabua district,236,382037
bihar,2022,4,araria district,419,605578
bihar,2022,4,munger district,547,725502
bihar,2022,4,katihar district,737,1086841
bihar,2022,4,khagaria district,439,648593
bihar,2022,4,saharsa district,473,577623
bihar,2022,4,bhagalpur district,1277,1839829
bihar,2022,4,madhubani district,930,1430124
bihar,2022,4,kishanganj district,270,388500
bihar,2022,4,gaya district,1156,1515312
bihar,2022,4,samastipur district,1371,1741058
bihar,2022,4,banka district,426,672199
bihar,2022,4,purbi champaran district,906,1109687
bihar,2022,4,sheohar district,166,210454
bihar,2022,4,bhojpur district,704,999948
bihar,2023,1,madhepura district,296,410841
bihar,2023,1,purnia district,646,920119
bihar,2023,1,nalanda district,756,960264
bihar,2023,1,buxar district,295,578720
bihar,2023,1,darbhanga district,881,1157743
bihar,2023,1,nawada district,311,529371
bihar,2023,1,jamui district,239,440296
bihar,2023,1,sheikhpura district,115,181601
bihar,2023,1,siwan district,646,1075146
bihar,2023,1,muzaffarpur district,1775,2423353
bihar,2023,1,patna district,6401,7935610
bihar,2023,1,jehanabad district,295,364115
bihar,2023,1,rohtas district,478,893820
bihar,2023,1,begusarai district,981,1487117
bihar,2023,1,supaul district,324,464106
bihar,2023,1,sitamarhi district,617,957774
bihar,2023,1,saran district,934,1574069
bihar,2023,1,arwal district,136,189328
bihar,2023,1,vaishali district,1280,1787246
bihar,2023,1,pashchim champaran district,524,814281
bihar,2023,1,gopalganj district,436,760763
bihar,2023,1,lakhisarai district,160,287148
bihar,2023,1,aurangabad district,485,834835
bihar,2023,1,kaimur bhabua district,205,352711
bihar,2023,1,araria district,312,443219
bihar,2023,1,munger district,539,692051
bihar,2023,1,katihar district,619,877358
bihar,2023,1,khagaria district,307,442438
bihar,2023,1,saharsa district,361,556039
bihar,2023,1,bhagalpur district,1004,1450332
bihar,2023,1,madhubani district,811,1255509
bihar,2023,1,kishanganj district,199,339168
bihar,2023,1,gaya district,895,1335109
bihar,2023,1,samastipur district,1034,1410643
bihar,2023,1,banka district,325,665016
bihar,2023,1,purbi champaran district,720,980617
bihar,2023,1,sheohar district,78,96828
bihar,2023,1,bhojpur district,509,822007
bihar,2023,2,madhepura district,321,400446
bihar,2023,2,purnia district,674,900872
bihar,2023,2,nalanda district,674,985441
bihar,2023,2,buxar district,294,506947
bihar,2023,2,darbhanga district,929,1257052
bihar,2023,2,nawada district,299,470395
bihar,2023,2,jamui district,253,405840
bihar,2023,2,sheikhpura district,145,229309
bihar,2023,2,siwan district,690,1037251
bihar,2023,2,muzaffarpur district,2490,2986441
bihar,2023,2,patna district,7312,9370034
bihar,2023,2,jehanabad district,275,329492
bihar,2023,2,rohtas district,453,693270
bihar,2023,2,begusarai district,966,1389526
bihar,2023,2,supaul district,286,453261
bihar,2023,2,sitamarhi district,572,762732
bihar,2023,2,saran district,1273,1702530
bihar,2023,2,arwal district,123,212221
bihar,2023,2,vaishali district,1300,1679995
bihar,2023,2,pashchim champaran district,586,789847
bihar,2023,2,gopalganj district,484,910197
bihar,2023,2,lakhisarai district,169,243688
bihar,2023,2,aurangabad district,460,675324
bihar,2023,2,kaimur bhabua district,209,354119
bihar,2023,2,araria district,345,534710
bihar,2023,2,munger district,469,572110
bihar,2023,2,katihar district,661,1029203
bihar,2023,2,khagaria district,326,416016
bihar,2023,2,saharsa district,336,462222
bihar,2023,2,bhagalpur district,999,1448813
bihar,2023,2,madhubani district,838,1209798
bihar,2023,2,kishanganj district,211,354317
bihar,2023,2,gaya district,918,1313271
bihar,2023,2,samastipur district,1088,1604418
bihar,2023,2,banka district,303,585241
bihar,2023,2,purbi champaran district,810,1186756
bihar,2023,2,sheohar district,124,163114
bihar,2023,2,bhojpur district,547,728667
bihar,2023,3,madhepura district,346,411170
bihar,2023,3,purnia district,1062,1373810
bihar,2023,3,nalanda district,872,1111518
bihar,2023,3,buxar district,380,568474
bihar,2023,3,darbhanga district,973,1187853
bihar,2023,3,nawada district,368,557378
bihar,2023,3,jamui district,253,326791
bihar,2023,3,sheikhpura district,178,240882
bihar,2023,3,siwan district,747,1041457
bihar,2023,3,muzaffarpur district,2243,2653412
bihar,2023,3,patna district,10764,12203806
bihar,2023,3,jehanabad district,343,493933
bihar,2023,3,rohtas district,642,900091
bihar,2023,3,begusarai district,1431,1674507
bihar,2023,3,supaul district,338,370326
bihar,2023,3,sitamarhi district,606,709093
bihar,2023,3,saran district,1328,1885167
bihar,2023,3,arwal district,133,171167
bihar,2023,3,vaishali district,1795,2299571
bihar,2023,3,pashchim champaran district,625,744027
bihar,2023,3,gopalganj district,632,1086521
bihar,2023,3,lakhisarai district,219,312978
bihar,2023,3,aurangabad district,472,649728
bihar,2023,3,kaimur bhabua district,257,408596
bihar,2023,3,araria district,386,492427
bihar,2023,3,munger district,632,779613
bihar,2023,3,katihar district,952,1203516
bihar,2023,3,khagaria district,400,488603
bihar,2023,3,saharsa district,413,529771
bihar,2023,3,bhagalpur district,1261,1763671
bihar,2023,3,madhubani district,812,1079542
bihar,2023,3,kishanganj district,275,463874
bihar,2023,3,gaya district,1231,1481362
bihar,2023,3,samastipur district,1151,1505350
bihar,2023,3,banka district,329,503490
bihar,2023,3,purbi champaran district,921,1129881
bihar,2023,3,sheohar district,128,140742
bihar,2023,3,bhojpur district,652,888257
bihar,2023,4,madhepura district,501,670051
bihar,2023,4,purnia district,1144,1807978
bihar,2023,4,nalanda district,1162,1652110
bihar,2023,4,buxar district,474,752601
bihar,2023,4,darbhanga district,1385,1986204
bihar,2023,4,nawada district,456,646046
bihar,2023,4,jamui district,384,517794
bihar,2023,4,sheikhpura district,171,219961
bihar,2023,4,siwan district,973,1368965
bihar,2023,4,muzaffarpur district,2640,3487730
bihar,2023,4,patna district,9152,12139703
bihar,2023,4,jehanabad district,390,472828
bihar,2023,4,rohtas district,1073,1616734
bihar,2023,4,begusarai district,1515,1920706
bihar,2023,4,supaul district,427,538101
bihar,2023,4,sitamarhi district,732,923169
bihar,2023,4,saran district,1474,2082626
bihar,2023,4,arwal district,201,284877
bihar,2023,4,vaishali district,2076,2700720
bihar,2023,4,pashchim champaran district,921,1260604
bihar,2023,4,gopalganj district,687,1235130
bihar,2023,4,lakhisarai district,292,384425
bihar,2023,4,aurangabad district,719,1118569
bihar,2023,4,kaimur bhabua district,281,551983
bihar,2023,4,araria district,464,615694
bihar,2023,4,munger district,747,1181992
bihar,2023,4,katihar district,1034,1484472
bihar,2023,4,khagaria district,535,696333
bihar,2023,4,saharsa district,538,750031
bihar,2023,4,bhagalpur district,1712,2382914
bihar,2023,4,madhubani district,1261,1853704
bihar,2023,4,kishanganj district,380,530986
bihar,2023,4,gaya district,1459,2063105
bihar,2023,4,samastipur district,1650,2083069
bihar,2023,4,banka district,453,760554
bihar,2023,4,purbi champaran district,1096,1538483
bihar,2023,4,sheohar district,147,195218
bihar,2023,4,bhojpur district,741,1148152
bihar,2024,1,madhepura district,756,759259
bihar,2024,1,purnia district,1589,1866927
bihar,2024,1,nalanda district,1351,1611283
bihar,2024,1,buxar district,650,1064840
bihar,2024,1,darbhanga district,1834,2081177
bihar,2024,1,nawada district,716,924244
bihar,2024,1,jamui district,589,616452
bihar,2024,1,sheikhpura district,261,403177
bihar,2024,1,siwan district,1389,1848757
bihar,2024,1,muzaffarpur district,2904,3379803
bihar,2024,1,patna district,8766,12210439
bihar,2024,1,jehanabad district,462,465352
bihar,2024,1,rohtas district,1512,2036940
bihar,2024,1,begusarai district,2098,2480882
bihar,2024,1,supaul district,829,895459
bihar,2024,1,sitamarhi district,1042,1100294
bihar,2024,1,saran district,1758,2453695
bihar,2024,1,arwal district,257,283647
bihar,2024,1,vaishali district,2155,2395023
bihar,2024,1,pashchim champaran district,1366,1624172
bihar,2024,1,gopalganj district,906,1505279
bihar,2024,1,lakhisarai district,366,434399
bihar,2024,1,aurangabad district,1024,1474266
bihar,2024,1,kaimur bhabua district,414,624770
bihar,2024,1,araria district,880,946495
bihar,2024,1,munger district,742,840394
bihar,2024,1,katihar district,1579,1843413
bihar,2024,1,khagaria district,757,820301
bihar,2024,1,saharsa district,763,842135
bihar,2024,1,bhagalpur district,1961,2423152
bihar,2024,1,madhubani district,1736,2069780
bihar,2024,1,kishanganj district,476,518465
bihar,2024,1,gaya district,1794,2115644
bihar,2024,1,samastipur district,2166,2404317
bihar,2024,1,banka district,671,864756
bihar,2024,1,purbi champaran district,1825,1988941
bihar,2024,1,sheohar district,238,208523
bihar,2024,1,bhojpur district,1010,1417590
bihar,2024,2,madhepura district,679,784131
bihar,2024,2,purnia district,1324,1878860
bihar,2024,2,nalanda district,1240,1673415
bihar,2024,2,buxar district,641,956264
bihar,2024,2,darbhanga district,1835,2503350
bihar,2024,2,nawada district,609,916477
bihar,2024,2,jamui district,459,547378
bihar,2024,2,sheikhpura district,181,230876
bihar,2024,2,siwan district,1369,1873426
bihar,2024,2,muzaffarpur district,3030,3566917
bihar,2024,2,patna district,8676,12515913
bihar,2024,2,jehanabad district,391,467291
bihar,2024,2,rohtas district,1212,1827056
bihar,2024,2,begusarai district,1909,2345108
bihar,2024,2,supaul district,696,888251
bihar,2024,2,sitamarhi district,1096,1238490
bihar,2024,2,saran district,1947,2473772
bihar,2024,2,arwal district,241,396642
bihar,2024,2,vaishali district,2208,2694296
bihar,2024,2,pashchim champaran district,1305,1629164
bihar,2024,2,gopalganj district,936,1520481
bihar,2024,2,lakhisarai district,318,387022
bihar,2024,2,aurangabad district,852,1246430
bihar,2024,2,kaimur bhabua district,424,748132
bihar,2024,2,araria district,761,850251
bihar,2024,2,munger district,806,1122310
bihar,2024,2,katihar district,1244,1466113
bihar,2024,2,khagaria district,625,716916
bihar,2024,2,saharsa district,761,834576
bihar,2024,2,bhagalpur district,1936,2519217
bihar,2024,2,madhubani district,1652,2122923
bihar,2024,2,kishanganj district,460,582292
bihar,2024,2,gaya district,1680,2474293
bihar,2024,2,samastipur district,2019,2589400
bihar,2024,2,banka district,552,759629
bihar,2024,2,purbi champaran district,1912,2388778
bihar,2024,2,sheohar district,194,257234
bihar,2024,2,bhojpur district,921,1291991
bihar,2024,3,madhepura district,431,575284
bihar,2024,3,nalanda district,1278,1796354
bihar,2024,3,buxar district,518,901074
bihar,2024,3,darbhanga district,1284,1775628
bihar,2024,3,nawada district,583,835251
bihar,2024,3,jamui district,422,524409
bihar,2024,3,sheikhpura district,223,341298
bihar,2024,3,siwan district,911,1451338
bihar,2024,3,muzaffarpur district,2707,3612823
bihar,2024,3,patna district,10836,14766457
bihar,2024,3,jehanabad district,466,672404
bihar,2024,3,rohtas district,849,1378418
bihar,2024,3,kaimur district,284,485462
bihar,2024,3,begusarai district,1885,2296315
bihar,2024,3,supaul district,426,671482
bihar,2024,3,sitamarhi district,881,1158712
bihar,2024,3,saran district,1597,2272074
bihar,2024,3,arwal district,185,287085
bihar,2024,3,vaishali district,1988,2661199
bihar,2024,3,pashchim champaran district,957,1489404
bihar,2024,3,gopalganj district,690,1253747
bihar,2024,3,lakhisarai district,271,327816
bihar,2024,3,aurangabad district,653,1152105
bihar,2024,3,araria district,495,739749
bihar,2024,3,munger district,683,927365
bihar,2024,3,katihar district,1223,1632945
bihar,2024,3,khagaria district,515,690171
bihar,2024,3,saharsa district,506,689801
bihar,2024,3,bhagalpur district,1672,2351538
bihar,2024,3,purnea district,1247,2011539
bihar,2024,3,madhubani district,1146,1629192
bihar,2024,3,kishanganj district,370,608207
bihar,2024,3,gaya district,1750,2519779
bihar,2024,3,samastipur district,1598,2004913
bihar,2024,3,banka district,466,653896
bihar,2024,3,purbi champaran district,1794,2325571
bihar,2024,3,sheohar district,143,156430
bihar,2024,3,bhojpur district,812,1150051
bihar,2024,4,madhepura district,752,936696
bihar,2024,4,nalanda district,1722,2299999
bihar,2024,4,buxar district,688,1056361
bihar,2024,4,darbhanga district,1914,2497581
bihar,2024,4,nawada district,877,1277971
bihar,2024,4,jamui district,695,911308
bihar,2024,4,sheikhpura district,289,374305
bihar,2024,4,siwan district,1384,1911928
bihar,2024,4,muzaffarpur district,3574,4618556
bihar,2024,4,patna district,12285,17467167
bihar,2024,4,jehanabad district,605,737831
bihar,2024,4,rohtas district,1251,1981937
bihar,2024,4,kaimur district,463,828264
bihar,2024,4,begusarai district,2448,2967847
bihar,2024,4,supaul district,747,1019273
bihar,2024,4,sitamarhi district,1299,1606088
bihar,2024,4,saran district,2101,2867354
bihar,2024,4,arwal district,287,371870
bihar,2024,4,vaishali district,2751,3366259
bihar,2024,4,pashchim champaran district,1838,2334255
bihar,2024,4,gopalganj district,1123,1753919
bihar,2024,4,lakhisarai district,466,578719
bihar,2024,4,aurangabad district,1008,1478264
bihar,2024,4,araria district,900,1116066
bihar,2024,4,munger district,1003,1245754
bihar,2024,4,katihar district,1814,2099819
bihar,2024,4,khagaria district,781,1017811
bihar,2024,4,saharsa district,915,1085861
bihar,2024,4,bhagalpur district,2880,3502440
bihar,2024,4,purnea district,1850,2606446
bihar,2024,4,madhubani district,1964,2474980
bihar,2024,4,kishanganj district,590,802161
bihar,2024,4,gaya district,2142,2996672
bihar,2024,4,samastipur district,2399,3064251
bihar,2024,4,banka district,826,1054222
bihar,2024,4,purbi champaran district,2743,3484729
bihar,2024,4,sheohar district,239,290404
bihar,2024,4,bhojpur district,1049,1654432
chandigarh,2020,2,chandigarh district,149,29537
chandigarh,2020,3,chandigarh district,264,70969
chandigarh,2020,4,chandigarh district,200,153341
chandigarh,2021,1,chandigarh district,338,238576
chandigarh,2021,2,chandigarh district,378,310943
chandigarh,2021,3,chandigarh district,494,469634
chandigarh,2021,4,chandigarh district,710,835813
chandigarh,2022,1,chandigarh district,792,1150932
chandigarh,2022,2,chandigarh district,1330,1874959
chandigarh,2022,3,chandigarh district,1533,1998439
chandigarh,2022,4,chandigarh district,1403,2024528
chandigarh,2023,1,chandigarh district,1520,2415574
chandigarh,2023,2,chandigarh district,1704,2501107
chandigarh,2023,3,chandigarh district,1883,2660630
chandigarh,2023,4,chandigarh district,1767,3053934
chandigarh,2024,1,chandigarh district,1730,3143984
chandigarh,2024,2,chandigarh district,1798,3177315
chandigarh,2024,3,chandigarh district,1991,3445738
chandigarh,2024,4,chandigarh district,2095,3729932
chhattisgarh,2020,2,dhamtari district,15,3906
chhattisgarh,2020,2,korba district,64,13184
chhattisgarh,2020,2,surajpur district,14,3146
chhattisgarh,2020,2,baloda bazar district,11,3032
chhattisgarh,2020,2,sukma district,6,1571
chhattisgarh,2020,2,raigarh district,101,19804
chhattisgarh,2020,2,janjgir champa district,97,19462
chhattisgarh,2020,2,jashpur district,23,4935
chhattisgarh,2020,2,balod district,7,1737
chhattisgarh,2020,2,kabirdham district,17,3315
chhattisgarh,2020,2,surguja district,77,14582
chhattisgarh,2020,2,dantewada district,20,4174
chhattisgarh,2020,2,gariyaband district,9,3572
chhattisgarh,2020,2,durg district,172,37102
chhattisgarh,2020,2,rajnandgaon district,56,11803
chhattisgarh,2020,2,raipur district,410,81039
chhattisgarh,2020,2,narayanpur district,5,1085
chhattisgarh,2020,2,kanker district,7,1783
chhattisgarh,2020,2,korea district,8,2047
chhattisgarh,2020,2,mungeli district,9,1950
chhattisgarh,2020,2,bilaspur district,138,26772
chhattisgarh,2020,2,balrampur district,8,2116
chhattisgarh,2020,2,bijapur district,6,1432
chhattisgarh,2020,2,bemetara district,14,3017
chhattisgarh,2020,2,bastar district,15,3226
chhattisgarh,2020,2,kondagaon district,9,2310
chhattisgarh,2020,2,mahasamund district,28,6903
chhattisgarh,2020,3,dhamtari district,82,30742
chhattisgarh,2020,3,korba district,249,82657
chhattisgarh,2020,3,surajpur district,57,19706
chhattisgarh,2020,3,baloda bazar district,137,30918
chhattisgarh,2020,3,sukma district,27,8646
chhattisgarh,2020,3,raigarh district,347,107510
chhattisgarh,2020,3,janjgir champa district,247,72077
chhattisgarh,2020,3,jashpur district,55,17655
chhattisgarh,2020,3,balod district,65,15411
chhattisgarh,2020,3,kabirdham district,55,11366
chhattisgarh,2020,3,surguja district,135,37853
chhattisgarh,2020,3,dantewada district,38,13078
chhattisgarh,2020,3,gariyaband district,46,12417
chhattisgarh,2020,3,durg district,639,196453
chhattisgarh,2020,3,rajnandgaon district,134,38440
chhattisgarh,2020,3,raipur district,1324,395561
chhattisgarh,2020,3,narayanpur district,32,10680
chhattisgarh,2020,3,kanker district,104,26998
chhattisgarh,2020,3,korea district,73,24156
chhattisgarh,2020,3,mungeli district,37,8747
chhattisgarh,2020,3,bilaspur district,394,110531
chhattisgarh,2020,3,balrampur district,56,15657
chhattisgarh,2020,3,bijapur district,21,6208
chhattisgarh,2020,3,bemetara district,58,16195
chhattisgarh,2020,3,bastar district,83,29453
chhattisgarh,2020,3,kondagaon district,42,10630
chhattisgarh,2020,3,mahasamund district,165,43911
chhattisgarh,2020,4,dhamtari district,82,52059
chhattisgarh,2020,4,korba district,212,154943
chhattisgarh,2020,4,surajpur district,61,54006
chhattisgarh,2020,4,baloda bazar district,144,91702
chhattisgarh,2020,4,sukma district,23,18364
chhattisgarh,2020,4,raigarh district,253,133432
chhattisgarh,2020,4,janjgir champa district,250,129700
chhattisgarh,2020,4,jashpur district,101,35012
chhattisgarh,2020,4,balod district,70,40588
chhattisgarh,2020,4,kabirdham district,42,9451
chhattisgarh,2020,4,surguja district,84,43343
chhattisgarh,2020,4,dantewada district,42,22626
chhattisgarh,2020,4,gariyaband district,41,22606
chhattisgarh,2020,4,durg district,393,252505
chhattisgarh,2020,4,rajnandgaon district,154,119506
chhattisgarh,2020,4,raipur district,854,518623
chhattisgarh,2020,4,narayanpur district,16,17222
chhattisgarh,2020,4,kanker district,106,72276
chhattisgarh,2020,4,korea district,56,30592
chhattisgarh,2020,4,mungeli district,32,24173
chhattisgarh,2020,4,bilaspur district,341,195612
chhattisgarh,2020,4,balrampur district,59,31171
chhattisgarh,2020,4,bijapur district,36,16356
chhattisgarh,2020,4,bemetara district,58,23476
chhattisgarh,2020,4,bastar district,91,68443
chhattisgarh,2020,4,kondagaon district,43,20563
chhattisgarh,2020,4,mahasamund district,113,51551
chhattisgarh,2021,1,dhamtari district,77,34003
chhattisgarh,2021,1,korba district,244,151755
chhattisgarh,2021,1,surajpur district,83,54529
chhattisgarh,2021,1,baloda bazar district,173,82107
chhattisgarh,2021,1,sukma district,25,15413
chhattisgarh,2021,1,raigarh district,298,139430
chhattisgarh,2021,1,janjgir champa district,297,193584
chhattisgarh,2021,1,jashpur district,109,41648
chhattisgarh,2021,1,balod district,84,33234
chhattisgarh,2021,1,kabirdham district,72,45532
chhattisgarh,2021,1,surguja district,138,103150
chhattisgarh,2021,1,dantewada district,51,33437
chhattisgarh,2021,1,gariyaband district,77,34524
chhattisgarh,2021,1,durg district,513,326643
chhattisgarh,2021,1,rajnandgaon district,185,105281
chhattisgarh,2021,1,raipur district,1026,542296
chhattisgarh,2021,1,narayanpur district,31,22530
chhattisgarh,2021,1,kanker district,124,75425
chhattisgarh,2021,1,korea district,76,56279
chhattisgarh,2021,1,mungeli district,38,11713
chhattisgarh,2021,1,bilaspur district,464,257938
chhattisgarh,2021,1,balrampur district,71,43661
chhattisgarh,2021,1,bijapur district,51,25401
chhattisgarh,2021,1,bemetara district,72,38641
chhattisgarh,2021,1,bastar district,118,65730
chhattisgarh,2021,1,kondagaon district,72,37254
chhattisgarh,2021,1,mahasamund district,143,49330
chhattisgarh,2021,2,dhamtari district,98,52421
chhattisgarh,2021,2,korba district,338,204745
chhattisgarh,2021,2,surajpur district,84,120644
chhattisgarh,2021,2,baloda bazar district,143,107641
chhattisgarh,2021,2,sukma district,37,47916
chhattisgarh,2021,2,raigarh district,413,273255
chhattisgarh,2021,2,janjgir champa district,275,218849
chhattisgarh,2021,2,jashpur district,56,53236
chhattisgarh,2021,2,balod district,102,86602
chhattisgarh,2021,2,kabirdham district,93,64905
chhattisgarh,2021,2,surguja district,93,106623
chhattisgarh,2021,2,dantewada district,49,56415
chhattisgarh,2021,2,gariyaband district,60,51488
chhattisgarh,2021,2,durg district,534,404367
chhattisgarh,2021,2,rajnandgaon district,263,171631
chhattisgarh,2021,2,raipur district,1208,819324
chhattisgarh,2021,2,narayanpur district,18,10935
chhattisgarh,2021,2,kanker district,96,64652
chhattisgarh,2021,2,korea district,91,102817
chhattisgarh,2021,2,mungeli district,47,30181
chhattisgarh,2021,2,bilaspur district,422,372335
chhattisgarh,2021,2,balrampur district,55,41161
chhattisgarh,2021,2,bijapur district,46,54076
chhattisgarh,2021,2,bemetara district,71,47505
chhattisgarh,2021,2,bastar district,144,109459
chhattisgarh,2021,2,kondagaon district,75,52498
chhattisgarh,2021,2,mahasamund district,144,87736
chhattisgarh,2021,3,dhamtari district,79,44360
chhattisgarh,2021,3,korba district,281,237893
chhattisgarh,2021,3,surajpur district,101,99127
chhattisgarh,2021,3,baloda bazar district,155,113239
chhattisgarh,2021,3,sukma district,34,30758
chhattisgarh,2021,3,raigarh district,265,178817
chhattisgarh,2021,3,janjgir champa district,229,152293
chhattisgarh,2021,3,jashpur district,61,44172
chhattisgarh,2021,3,balod district,71,44741
chhattisgarh,2021,3,kabirdham district,64,47442
chhattisgarh,2021,3,surguja district,109,83204
chhattisgarh,2021,3,dantewada district,53,69575
chhattisgarh,2021,3,gariyaband district,56,46326
chhattisgarh,2021,3,durg district,564,457493
chhattisgarh,2021,3,rajnandgaon district,212,165704
chhattisgarh,2021,3,raipur district,1145,798270
chhattisgarh,2021,3,narayanpur district,18,30512
chhattisgarh,2021,3,kanker district,115,93731
chhattisgarh,2021,3,korea district,74,79332
chhattisgarh,2021,3,mungeli district,46,23156
chhattisgarh,2021,3,bilaspur district,385,289752
chhattisgarh,2021,3,balrampur district,68,66885
chhattisgarh,2021,3,bijapur district,54,36297
chhattisgarh,2021,3,bemetara district,54,54617
chhattisgarh,2021,3,bastar district,134,129106
chhattisgarh,2021,3,kondagaon district,103,71112
chhattisgarh,2021,3,mahasamund district,146,80923
chhattisgarh,2021,4,dhamtari district,131,207458
chhattisgarh,2021,4,korba district,389,532770
chhattisgarh,2021,4,surajpur district,125,205359
chhattisgarh,2021,4,baloda bazar district,138,176942
chhattisgarh,2021,4,sukma district,55,79202
chhattisgarh,2021,4,raigarh district,230,349708
chhattisgarh,2021,4,janjgir champa district,266,334273
chhattisgarh,2021,4,jashpur district,102,108590
chhattisgarh,2021,4,balod district,119,146398
chhattisgarh,2021,4,kabirdham district,69,129770
chhattisgarh,2021,4,surguja district,210,297790
chhattisgarh,2021,4,dantewada district,88,115936
chhattisgarh,2021,4,gariyaband district,75,109472
chhattisgarh,2021,4,durg district,857,1120413
chhattisgarh,2021,4,rajnandgaon district,145,274029
chhattisgarh,2021,4,raipur district,1504,1759887
chhattisgarh,2021,4,narayanpur district,45,79647
chhattisgarh,2021,4,kanker district,161,220818
chhattisgarh,2021,4,korea district,115,189229
chhattisgarh,2021,4,mungeli district,28,57201
chhattisgarh,2021,4,bilaspur district,510,802349
chhattisgarh,2021,4,balrampur district,98,156751
chhattisgarh,2021,4,bijapur district,55,89669
chhattisgarh,2021,4,bemetara district,82,108381
chhattisgarh,2021,4,bastar district,183,266874
chhattisgarh,2021,4,kondagaon district,84,131081
chhattisgarh,2021,4,mahasamund district,165,179042
chhattisgarh,2022,1,dhamtari district,106,191801
chhattisgarh,2022,1,korba district,402,675060
chhattisgarh,2022,1,surajpur district,138,327792
chhattisgarh,2022,1,baloda bazar district,185,345262
chhattisgarh,2022,1,sukma district,59,69288
chhattisgarh,2022,1,raigarh district,311,477426
chhattisgarh,2022,1,janjgir champa district,302,488142
chhattisgarh,2022,1,jashpur district,77,161213
chhattisgarh,2022,1,balod district,118,170963
chhattisgarh,2022,1,kabirdham district,78,131230
chhattisgarh,2022,1,surguja district,225,347658
chhattisgarh,2022,1,dantewada district,83,82431
chhattisgarh,2022,1,gariyaband district,83,131155
chhattisgarh,2022,1,durg district,879,1239930
chhattisgarh,2022,1,rajnandgaon district,207,330899
chhattisgarh,2022,1,raipur district,1650,2255466
chhattisgarh,2022,1,narayanpur district,46,23130
chhattisgarh,2022,1,kanker district,201,301862
chhattisgarh,2022,1,korea district,136,228484
chhattisgarh,2022,1,mungeli district,51,76863
chhattisgarh,2022,1,bilaspur district,610,961852
chhattisgarh,2022,1,balrampur district,97,162362
chhattisgarh,2022,1,bijapur district,82,60717
chhattisgarh,2022,1,bemetara district,89,147479
chhattisgarh,2022,1,bastar district,158,380450
chhattisgarh,2022,1,kondagaon district,78,116490
chhattisgarh,2022,1,mahasamund district,161,253785
chhattisgarh,2022,2,dhamtari district,97,113125
chhattisgarh,2022,2,korba district,353,543196
chhattisgarh,2022,2,surajpur district,89,179071
chhattisgarh,2022,2,baloda bazar district,175,342236
chhattisgarh,2022,2,sukma district,38,61391
chhattisgarh,2022,2,raigarh district,386,555753
chhattisgarh,2022,2,janjgir champa district,300,433751
chhattisgarh,2022,2,jashpur district,80,134960
chhattisgarh,2022,2,balod district,118,205885
chhattisgarh,2022,2,kabirdham district,96,120346
chhattisgarh,2022,2,surguja district,172,328700
chhattisgarh,2022,2,dantewada district,83,119447
chhattisgarh,2022,2,gariyaband district,78,123222
chhattisgarh,2022,2,durg district,1061,1499260
chhattisgarh,2022,2,rajnandgaon district,267,384283
chhattisgarh,2022,2,raipur district,1773,2243228
chhattisgarh,2022,2,narayanpur district,17,22179
chhattisgarh,2022,2,kanker district,166,260843
chhattisgarh,2022,2,korea district,124,229485
chhattisgarh,2022,2,mungeli district,39,56579
chhattisgarh,2022,2,bilaspur district,869,1181756
chhattisgarh,2022,2,balrampur district,68,121709
chhattisgarh,2022,2,bijapur district,62,84346
chhattisgarh,2022,2,bemetara district,85,134313
chhattisgarh,2022,2,bastar district,148,262060
chhattisgarh,2022,2,kondagaon district,89,106717
chhattisgarh,2022,2,mahasamund district,175,272123
chhattisgarh,2022,3,dhamtari district,133,204802
chhattisgarh,2022,3,korba district,544,785140
chhattisgarh,2022,3,surajpur district,140,277643
chhattisgarh,2022,3,baloda bazar district,214,288345
chhattisgarh,2022,3,sukma district,74,132770
chhattisgarh,2022,3,raigarh district,636,782616
chhattisgarh,2022,3,janjgir champa district,397,531798
chhattisgarh,2022,3,jashpur district,146,216135
chhattisgarh,2022,3,balod district,110,246933
chhattisgarh,2022,3,kabirdham district,114,156774
chhattisgarh,2022,3,surguja district,223,344772
chhattisgarh,2022,3,dantewada district,118,181948
chhattisgarh,2022,3,gariyaband district,115,108158
chhattisgarh,2022,3,durg district,1197,1644805
chhattisgarh,2022,3,rajnandgaon district,332,528822
chhattisgarh,2022,3,raipur district,2103,2618098
chhattisgarh,2022,3,narayanpur district,31,31612
chhattisgarh,2022,3,kanker district,174,241781
chhattisgarh,2022,3,korea district,139,213253
chhattisgarh,2022,3,mungeli district,74,101410
chhattisgarh,2022,3,bilaspur district,1015,1231179
chhattisgarh,2022,3,balrampur district,120,141883
chhattisgarh,2022,3,bijapur district,69,120400
chhattisgarh,2022,3,bemetara district,107,183386
chhattisgarh,2022,3,bastar district,238,366792
chhattisgarh,2022,3,kondagaon district,109,186575
chhattisgarh,2022,3,mahasamund district,177,251640
chhattisgarh,2022,4,dhamtari district,203,293984
chhattisgarh,2022,4,korba district,1020,1466794
chhattisgarh,2022,4,surajpur district,177,286964
chhattisgarh,2022,4,baloda bazar district,303,425204
chhattisgarh,2022,4,sukma district,74,95485
chhattisgarh,2022,4,raigarh district,642,920443
chhattisgarh,2022,4,janjgir champa district,489,702708
chhattisgarh,2022,4,jashpur district,154,394257
chhattisgarh,2022,4,balod district,152,231049
chhattisgarh,2022,4,kabirdham district,135,153010
chhattisgarh,2022,4,surguja district,345,629537
chhattisgarh,2022,4,dantewada district,129,277495
chhattisgarh,2022,4,gariyaband district,134,191355
chhattisgarh,2022,4,durg district,1757,2516798
chhattisgarh,2022,4,rajnandgaon district,388,677411
chhattisgarh,2022,4,raipur district,2894,3964532
chhattisgarh,2022,4,narayanpur district,60,116115
chhattisgarh,2022,4,kanker district,250,478766
chhattisgarh,2022,4,korea district,254,496847
chhattisgarh,2022,4,mungeli district,113,113689
chhattisgarh,2022,4,bilaspur district,1264,1762665
chhattisgarh,2022,4,balrampur district,145,295010
chhattisgarh,2022,4,bijapur district,50,128763
chhattisgarh,2022,4,bemetara district,145,239363
chhattisgarh,2022,4,bastar district,313,555336
chhattisgarh,2022,4,kondagaon district,120,218286
chhattisgarh,2022,4,mahasamund district,284,505990
chhattisgarh,2023,1,dhamtari district,171,399893
chhattisgarh,2023,1,korba district,647,969540
chhattisgarh,2023,1,surajpur district,190,389989
chhattisgarh,2023,1,baloda bazar district,261,481517
chhattisgarh,2023,1,sukma district,49,52567
chhattisgarh,2023,1,raigarh district,581,993311
chhattisgarh,2023,1,janjgir champa district,418,662015
chhattisgarh,2023,1,jashpur district,96,176023
chhattisgarh,2023,1,balod district,159,343750
chhattisgarh,2023,1,kabirdham district,125,238139
chhattisgarh,2023,1,surguja district,272,444122
chhattisgarh,2023,1,dantewada district,122,227658
chhattisgarh,2023,1,gariyaband district,95,148482
chhattisgarh,2023,1,durg district,1618,2496654
chhattisgarh,2023,1,rajnandgaon district,307,513794
chhattisgarh,2023,1,raipur district,2822,3781934
chhattisgarh,2023,1,narayanpur district,45,67044
chhattisgarh,2023,1,kanker district,195,311339
chhattisgarh,2023,1,korea district,165,321079
chhattisgarh,2023,1,mungeli district,74,93380
chhattisgarh,2023,1,bilaspur district,1173,1738639
chhattisgarh,2023,1,balrampur district,145,297291
chhattisgarh,2023,1,bijapur district,65,135243
chhattisgarh,2023,1,bemetara district,120,232343
chhattisgarh,2023,1,bastar district,276,517691
chhattisgarh,2023,1,kondagaon district,97,172036
chhattisgarh,2023,1,mahasamund district,172,371718
chhattisgarh,2023,2,dhamtari district,175,299020
chhattisgarh,2023,2,korba district,590,918450
chhattisgarh,2023,2,surajpur district,146,301027
chhattisgarh,2023,2,baloda bazar district,223,312129
chhattisgarh,2023,2,sukma district,67,91649
chhattisgarh,2023,2,raigarh district,651,1038992
chhattisgarh,2023,2,janjgir champa district,440,772564
chhattisgarh,2023,2,jashpur district,124,197817
chhattisgarh,2023,2,balod district,179,278369
chhattisgarh,2023,2,kabirdham district,145,230575
chhattisgarh,2023,2,surguja district,292,761839
chhattisgarh,2023,2,dantewada district,130,250940
chhattisgarh,2023,2,gariyaband district,128,140579
chhattisgarh,2023,2,durg district,1620,2446797
chhattisgarh,2023,2,rajnandgaon district,341,552029
chhattisgarh,2023,2,raipur district,2650,3689547
chhattisgarh,2023,2,narayanpur district,58,109245
chhattisgarh,2023,2,kanker district,177,368007
chhattisgarh,2023,2,korea district,177,303613
chhattisgarh,2023,2,mungeli district,77,126498
chhattisgarh,2023,2,bilaspur district,1081,1517472
chhattisgarh,2023,2,balrampur district,100,154768
chhattisgarh,2023,2,bijapur district,75,117838
chhattisgarh,2023,2,bemetara district,126,228254
chhattisgarh,2023,2,bastar district,410,559981
chhattisgarh,2023,2,kondagaon district,101,165405
chhattisgarh,2023,2,mahasamund district,231,456206
chhattisgarh,2023,3,dhamtari district,152,310090
chhattisgarh,2023,3,korba district,680,1012743
chhattisgarh,2023,3,surajpur district,197,442101
chhattisgarh,2023,3,baloda bazar district,287,481609
chhattisgarh,2023,3,sukma district,83,135940
chhattisgarh,2023,3,raigarh district,837,1101843
chhattisgarh,2023,3,janjgir champa district,456,643042
chhattisgarh,2023,3,jashpur district,220,384095
chhattisgarh,2023,3,balod district,170,306462
chhattisgarh,2023,3,kabirdham district,179,200611
chhattisgarh,2023,3,surguja district,332,550485
chhattisgarh,2023,3,dantewada district,131,258169
chhattisgarh,2023,3,gariyaband district,129,154988
chhattisgarh,2023,3,durg district,1796,2723875
chhattisgarh,2023,3,rajnandgaon district,388,655634
chhattisgarh,2023,3,raipur district,3101,4008990
chhattisgarh,2023,3,narayanpur district,38,69911
chhattisgarh,2023,3,kanker district,206,374043
chhattisgarh,2023,3,korea district,212,370591
chhattisgarh,2023,3,mungeli district,65,101231
chhattisgarh,2023,3,bilaspur district,1162,1711627
chhattisgarh,2023,3,balrampur district,178,265106
chhattisgarh,2023,3,bijapur district,81,150211
chhattisgarh,2023,3,bemetara district,148,261412
chhattisgarh,2023,3,bastar district,360,557854
chhattisgarh,2023,3,kondagaon district,110,216983
chhattisgarh,2023,3,mahasamund district,229,388736
chhattisgarh,2023,4,dhamtari district,290,525163
chhattisgarh,2023,4,korba district,1325,2428339
chhattisgarh,2023,4,surajpur district,302,635184
chhattisgarh,2023,4,baloda bazar district,415,670178
chhattisgarh,2023,4,sukma district,119,247662
chhattisgarh,2023,4,raigarh district,1001,1543078
chhattisgarh,2023,4,janjgir champa district,704,1097171
chhattisgarh,2023,4,jashpur district,313,662667
chhattisgarh,2023,4,balod district,264,466835
chhattisgarh,2023,4,kabirdham district,189,347098
chhattisgarh,2023,4,surguja district,544,1045385
chhattisgarh,2023,4,dantewada district,208,430009
chhattisgarh,2023,4,gariyaband district,225,234350
chhattisgarh,2023,4,durg district,2391,4187335
chhattisgarh,2023,4,rajnandgaon district,604,985105
chhattisgarh,2023,4,raipur district,4216,6830052
chhattisgarh,2023,4,narayanpur district,96,167576
chhattisgarh,2023,4,kanker district,287,621663
chhattisgarh,2023,4,korea district,351,682327
chhattisgarh,2023,4,mungeli district,112,175493
chhattisgarh,2023,4,bilaspur district,1688,2767222
chhattisgarh,2023,4,balrampur district,240,407479
chhattisgarh,2023,4,bijapur district,88,168861
chhattisgarh,2023,4,bemetara district,194,381253
chhattisgarh,2023,4,bastar district,612,970907
chhattisgarh,2023,4,kondagaon district,174,290377
chhattisgarh,2023,4,mahasamund district,348,735904
chhattisgarh,2024,1,dhamtari district,315,582935
chhattisgarh,2024,1,korba district,1264,2024895
chhattisgarh,2024,1,surajpur district,331,514195
chhattisgarh,2024,1,baloda bazar district,579,789583
chhattisgarh,2024,1,sukma district,113,200262
chhattisgarh,2024,1,raigarh district,1243,1713513
chhattisgarh,2024,1,janjgir champa district,847,1175253
chhattisgarh,2024,1,jashpur district,278,490098
chhattisgarh,2024,1,balod district,324,479015
chhattisgarh,2024,1,kabirdham district,263,372826
chhattisgarh,2024,1,surguja district,591,1143999
chhattisgarh,2024,1,dantewada district,253,370379
chhattisgarh,2024,1,gariyaband district,226,241290
chhattisgarh,2024,1,durg district,2798,4503702
chhattisgarh,2024,1,rajnandgaon district,796,1161349
chhattisgarh,2024,1,raipur district,4431,6662939
chhattisgarh,2024,1,narayanpur district,97,163157
chhattisgarh,2024,1,kanker district,443,715127
chhattisgarh,2024,1,korea district,348,582205
chhattisgarh,2024,1,mungeli district,169,196702
chhattisgarh,2024,1,bilaspur district,1885,2705056
chhattisgarh,2024,1,balrampur district,290,475422
chhattisgarh,2024,1,bijapur district,114,161834
chhattisgarh,2024,1,bemetara district,297,432629
chhattisgarh,2024,1,bastar district,652,1182790
chhattisgarh,2024,1,kondagaon district,200,326522
chhattisgarh,2024,1,mahasamund district,432,715582
chhattisgarh,2024,2,dhamtari district,272,446370
chhattisgarh,2024,2,korba district,1003,1593038
chhattisgarh,2024,2,surajpur district,272,556877
chhattisgarh,2024,2,baloda bazar district,464,729308
chhattisgarh,2024,2,sukma district,111,164280
chhattisgarh,2024,2,raigarh district,979,1397659
chhattisgarh,2024,2,janjgir champa district,682,1118473
chhattisgarh,2024,2,jashpur district,207,329787
chhattisgarh,2024,2,balod district,290,490569
chhattisgarh,2024,2,kabirdham district,185,364699
chhattisgarh,2024,2,surguja district,465,1002603
chhattisgarh,2024,2,dantewada district,182,347879
chhattisgarh,2024,2,gariyaband district,161,193897
chhattisgarh,2024,2,durg district,2258,3780232
chhattisgarh,2024,2,rajnandgaon district,598,1029575
chhattisgarh,2024,2,raipur district,3646,6000577
chhattisgarh,2024,2,narayanpur district,60,129704
chhattisgarh,2024,2,kanker district,321,571404
chhattisgarh,2024,2,korea district,299,450032
chhattisgarh,2024,2,mungeli district,129,186251
chhattisgarh,2024,2,bilaspur district,1489,2337487
chhattisgarh,2024,2,balrampur district,209,379480
chhattisgarh,2024,2,bijapur district,109,165664
chhattisgarh,2024,2,bemetara district,223,351612
chhattisgarh,2024,2,bastar district,569,870413
chhattisgarh,2024,2,kondagaon district,176,272696
chhattisgarh,2024,2,mahasamund district,365,675177
chhattisgarh,2024,3,dhamtari district,260,582859
chhattisgarh,2024,3,korba district,1115,1812021
chhattisgarh,2024,3,surajpur district,259,594114
chhattisgarh,2024,3,khairagarh chhuikhadan gandai district,102,140502
chhattisgarh,2024,3,sukma district,160,189217
chhattisgarh,2024,3,raigarh district,1096,1514472
chhattisgarh,2024,3,sakti district,172,379530
chhattisgarh,2024,3,janjgir champa district,519,839363
chhattisgarh,2024,3,jashpur district,256,604083
chhattisgarh,2024,3,balod district,262,428142
chhattisgarh,2024,3,kabirdham district,207,330965
chhattisgarh,2024,3,balodabazar bhatapara district,406,639999
chhattisgarh,2024,3,surguja district,425,820022
chhattisgarh,2024,3,mohla manpur ambagarh chouki district,64,93588
chhattisgarh,2024,3,dantewada district,234,397246
chhattisgarh,2024,3,durg district,2213,3720914
chhattisgarh,2024,3,gaurela pendra marwahi district,100,158905
chhattisgarh,2024,3,gariaband district,162,202285
chhattisgarh,2024,3,rajnandgaon district,441,769805
chhattisgarh,2024,3,manendragarh chirmiri bharatpur district,167,346933
chhattisgarh,2024,3,balrampur ramanujganj district,186,330427
chhattisgarh,2024,3,raipur district,3867,6026487
chhattisgarh,2024,3,narayanpur district,66,134332
chhattisgarh,2024,3,korea district,148,336149
chhattisgarh,2024,3,mungeli district,137,189209
chhattisgarh,2024,3,bilaspur district,1531,2522496
chhattisgarh,2024,3,bijapur district,137,275844
chhattisgarh,2024,3,bemetara district,213,385440
chhattisgarh,2024,3,north bastar kanker district,323,656134
chhattisgarh,2024,3,sarangarh bilaigarh district,178,302602
chhattisgarh,2024,3,bastar district,634,1101607
chhattisgarh,2024,3,kondagaon district,189,376719
chhattisgarh,2024,3,mahasamund district,321,521649
chhattisgarh,2024,4,dhamtari district,390,722627
chhattisgarh,2024,4,korba district,1736,2793511
chhattisgarh,2024,4,surajpur district,416,737818
chhattisgarh,2024,4,khairagarh chhuikhadan gandai district,116,203774
chhattisgarh,2024,4,sukma district,126,150543
chhattisgarh,2024,4,raigarh district,1377,1983492
chhattisgarh,2024,4,sakti district,289,545289
chhattisgarh,2024,4,janjgir champa district,763,1264517
chhattisgarh,2024,4,jashpur district,326,688282
chhattisgarh,2024,4,balod district,381,617377
chhattisgarh,2024,4,kabirdham district,264,379717
chhattisgarh,2024,4,balodabazar bhatapara district,566,751821
chhattisgarh,2024,4,surguja district,608,1284497
chhattisgarh,2024,4,mohla manpur ambagarh chouki district,103,212905
chhattisgarh,2024,4,dantewada district,272,465493
chhattisgarh,2024,4,durg district,3059,5223646
chhattisgarh,2024,4,gaurela pendra marwahi district,132,149779
chhattisgarh,2024,4,gariaband district,215,288201
chhattisgarh,2024,4,rajnandgaon district,540,929044
chhattisgarh,2024,4,manendragarh chirmiri bharatpur district,255,464127
chhattisgarh,2024,4,balrampur ramanujganj district,277,505829
chhattisgarh,2024,4,raipur district,5081,8313161
chhattisgarh,2024,4,narayanpur district,111,215593
chhattisgarh,2024,4,korea district,188,333787
chhattisgarh,2024,4,mungeli district,188,244662
chhattisgarh,2024,4,bilaspur district,2244,3412964
chhattisgarh,2024,4,bijapur district,161,236137
chhattisgarh,2024,4,bemetara district,316,477664
chhattisgarh,2024,4,north bastar kanker district,432,985597
chhattisgarh,2024,4,sarangarh bilaigarh district,230,287919
chhattisgarh,2024,4,bastar district,769,1263838
chhattisgarh,2024,4,kondagaon district,302,467088
chhattisgarh,2024,4,mahasamund district,490,820466
dadra-&-nagar-haveli-&-daman-&-diu,2020,2,diu district,4,796
dadra-&-nagar-haveli-&-daman-&-diu,2020,2,daman district,52,9916
dadra-&-nagar-haveli-&-daman-&-diu,2020,2,dadra and nagar haveli district,595,90317
dadra-&-nagar-haveli-&-daman-&-diu,2020,3,diu district,3,101
dadra-&-nagar-haveli-&-daman-&-diu,2020,3,daman district,87,20588
dadra-&-nagar-haveli-&-daman-&-diu,2020,3,dadra and nagar haveli district,167,44815
dadra-&-nagar-haveli-&-daman-&-diu,2020,4,diu district,6,1738
dadra-&-nagar-haveli-&-daman-&-diu,2020,4,daman district,115,95653
dadra-&-nagar-haveli-&-daman-&-diu,2020,4,dadra and nagar haveli district,111,52122
dadra-&-nagar-haveli-&-daman-&-diu,2021,1,diu district,17,35568
dadra-&-nagar-haveli-&-daman-&-diu,2021,1,daman district,234,150144
dadra-&-nagar-haveli-&-daman-&-diu,2021,1,dadra and nagar haveli district,216,99979
dadra-&-nagar-haveli-&-daman-&-diu,2021,2,diu district,6,2858
dadra-&-nagar-haveli-&-daman-&-diu,2021,2,daman district,141,165741
dadra-&-nagar-haveli-&-daman-&-diu,2021,2,dadra and nagar haveli district,221,107039
dadra-&-nagar-haveli-&-daman-&-diu,2021,3,diu district,12,3872
dadra-&-nagar-haveli-&-daman-&-diu,2021,3,daman district,157,143938
dadra-&-nagar-haveli-&-daman-&-diu,2021,3,dadra and nagar haveli district,191,125786
dadra-&-nagar-haveli-&-daman-&-diu,2021,4,diu district,9,38035
dadra-&-nagar-haveli-&-daman-&-diu,2021,4,daman district,168,179850
dadra-&-nagar-haveli-&-daman-&-diu,2021,4,dadra and nagar haveli district,244,207499
dadra-&-nagar-haveli-&-daman-&-diu,2022,1,diu district,15,45756
dadra-&-nagar-haveli-&-daman-&-diu,2022,1,daman district,197,337912
dadra-&-nagar-haveli-&-daman-&-diu,2022,1,dadra and nagar haveli district,281,337073
dadra-&-nagar-haveli-&-daman-&-diu,2022,2,diu district,11,45554
dadra-&-nagar-haveli-&-daman-&-diu,2022,2,daman district,167,286329
dadra-&-nagar-haveli-&-daman-&-diu,2022,2,dadra and nagar haveli district,260,354974
dadra-&-nagar-haveli-&-daman-&-diu,2022,3,diu district,11,24276
dadra-&-nagar-haveli-&-daman-&-diu,2022,3,daman district,177,366241
dadra-&-nagar-haveli-&-daman-&-diu,2022,3,dadra and nagar haveli district,519,593259
dadra-&-nagar-haveli-&-daman-&-diu,2022,4,diu district,23,67147
dadra-&-nagar-haveli-&-daman-&-diu,2022,4,daman district,238,442560
dadra-&-nagar-haveli-&-daman-&-diu,2022,4,dadra and nagar haveli district,610,762921
dadra-&-nagar-haveli-&-daman-&-diu,2023,1,diu district,16,56360
dadra-&-nagar-haveli-&-daman-&-diu,2023,1,daman district,185,348075
dadra-&-nagar-haveli-&-daman-&-diu,2023,1,dadra and nagar haveli district,598,810733
dadra-&-nagar-haveli-&-daman-&-diu,2023,2,diu district,27,86164
dadra-&-nagar-haveli-&-daman-&-diu,2023,2,daman district,175,350870
dadra-&-nagar-haveli-&-daman-&-diu,2023,2,dadra and nagar haveli district,492,621719
dadra-&-nagar-haveli-&-daman-&-diu,2023,3,diu district,20,44429
dadra-&-nagar-haveli-&-daman-&-diu,2023,3,daman district,349,511452
dadra-&-nagar-haveli-&-daman-&-diu,2023,3,dadra and nagar haveli district,600,777222
dadra-&-nagar-haveli-&-daman-&-diu,2023,4,diu district,14,65268
dadra-&-nagar-haveli-&-daman-&-diu,2023,4,daman district,360,601684
dadra-&-nagar-haveli-&-daman-&-diu,2023,4,dadra and nagar haveli district,833,1306915
dadra-&-nagar-haveli-&-daman-&-diu,2024,1,diu district,5,22350
dadra-&-nagar-haveli-&-daman-&-diu,2024,1,daman district,417,686036
dadra-&-nagar-haveli-&-daman-&-diu,2024,1,dadra and nagar haveli district,873,1200123
dadra-&-nagar-haveli-&-daman-&-diu,2024,2,diu district,24,36956
dadra-&-nagar-haveli-&-daman-&-diu,2024,2,daman district,344,461012
dadra-&-nagar-haveli-&-daman-&-diu,2024,2,dadra and nagar haveli district,640,869291
dadra-&-nagar-haveli-&-daman-&-diu,2024,3,diu district,22,64711
dadra-&-nagar-haveli-&-daman-&-diu,2024,3,daman district,341,611393
dadra-&-nagar-haveli-&-daman-&-diu,2024,3,dadra and nagar haveli district,689,926765
dadra-&-nagar-haveli-&-daman-&-diu,2024,4,diu district,21,49966
dadra-&-nagar-haveli-&-daman-&-diu,2024,4,daman district,437,748001
dadra-&-nagar-haveli-&-daman-&-diu,2024,4,dadra and nagar haveli district,1045,1494562
delhi,2020,2,south district,1251,206601
delhi,2020,2,central district,971,154625
delhi,2020,2,new delhi district,881,152882
delhi,2020,2,west district,2159,341511
delhi,2020,2,south west district,1131,186173
delhi,2020,2,south east delhi district,1438,232946
delhi,2020,2,shahdara district,435,73327
delhi,2020,2,north east district,319,52854
delhi,2020,2,east district,1247,188078
delhi,2020,2,north west district,1148,184911
delhi,2020,2,north district,736,123572
delhi,2020,3,south district,637,157653
delhi,2020,3,central district,672,153666
delhi,2020,3,new delhi district,652,161870
delhi,2020,3,west district,1250,330947
delhi,2020,3,south west district,789,243882
delhi,2020,3,south east delhi district,922,240168
delhi,2020,3,shahdara district,316,73604
delhi,2020,3,north east district,306,69506
delhi,2020,3,east district,641,163616
delhi,2020,3,north west district,815,195772
delhi,2020,3,north district,588,136601
delhi,2020,4,south district,622,567678
delhi,2020,4,central district,778,611387
delhi,2020,4,new delhi district,1030,945117
delhi,2020,4,west district,1383,1065762
delhi,2020,4,south west district,1094,1007667
delhi,2020,4,south east delhi district,1240,965278
delhi,2020,4,shahdara district,578,464731
delhi,2020,4,north east district,515,436697
delhi,2020,4,east district,732,564969
delhi,2020,4,north west district,993,770313
delhi,2020,4,north district,760,645843
delhi,2021,1,south district,876,689212
delhi,2021,1,central district,1248,904623
delhi,2021,1,new delhi district,1315,1007873
delhi,2021,1,west district,2017,1508820
delhi,2021,1,south west district,1122,955826
delhi,2021,1,south east delhi district,1672,1129582
delhi,2021,1,shahdara district,699,468701
delhi,2021,1,north east district,724,557236
delhi,2021,1,east district,869,557334
delhi,2021,1,north west district,1209,1039214
delhi,2021,1,north district,1071,836840
delhi,2021,2,south district,966,804844
delhi,2021,2,central district,1169,912743
delhi,2021,2,new delhi district,1214,1094080
delhi,2021,2,west district,1965,1709029
delhi,2021,2,south west district,1350,1213927
delhi,2021,2,south east delhi district,1372,1138461
delhi,2021,2,shahdara district,638,507316
delhi,2021,2,north east district,757,545097
delhi,2021,2,east district,905,673239
delhi,2021,2,north west district,1241,1037196
delhi,2021,2,north district,1715,1204997
delhi,2021,3,south district,1091,1054717
delhi,2021,3,central district,1922,1681351
delhi,2021,3,new delhi district,1614,1641612
delhi,2021,3,west district,2246,2081839
delhi,2021,3,south west district,1605,1521438
delhi,2021,3,south east delhi district,1983,1712098
delhi,2021,3,shahdara district,1003,803985
delhi,2021,3,north east district,1095,880410
delhi,2021,3,east district,1163,1050569
delhi,2021,3,north west district,1564,1354014
delhi,2021,3,north district,1393,1225046
delhi,2021,4,south district,2057,2315999
delhi,2021,4,central district,3812,3661609
delhi,2021,4,new delhi district,3386,3883912
delhi,2021,4,west district,5047,5302169
delhi,2021,4,south west district,3041,3508911
delhi,2021,4,south east delhi district,3928,4127616
delhi,2021,4,shahdara district,2078,2090727
delhi,2021,4,north east district,2002,1952268
delhi,2021,4,east district,2256,2417363
delhi,2021,4,north west district,3819,4201220
delhi,2021,4,north district,2825,3116537
delhi,2022,1,south district,1879,2413929
delhi,2022,1,central district,2816,3359581
delhi,2022,1,new delhi district,2587,3572728
delhi,2022,1,west district,4368,5442041
delhi,2022,1,south west district,2524,3460149
delhi,2022,1,south east delhi district,3520,4221226
delhi,2022,1,shahdara district,1608,1855210
delhi,2022,1,north east district,1695,1862686
delhi,2022,1,east district,1911,2269280
delhi,2022,1,north west district,3003,3853703
delhi,2022,1,north district,2321,3131536
delhi,2022,2,south district,1775,2119168
delhi,2022,2,central district,2686,3314681
delhi,2022,2,new delhi district,2855,3574229
delhi,2022,2,west district,3733,4528416
delhi,2022,2,south west district,2361,3039345
delhi,2022,2,south east delhi district,3161,3474446
delhi,2022,2,shahdara district,1609,1844384
delhi,2022,2,north east district,1558,1747276
delhi,2022,2,east district,1843,2145058
delhi,2022,2,north west district,2845,3510159
delhi,2022,2,north district,1952,2490119
delhi,2022,3,south district,2517,3019117
delhi,2022,3,central district,3498,3901385
delhi,2022,3,new delhi district,3866,4840514
delhi,2022,3,west district,5208,5873812
delhi,2022,3,south west district,3227,4114804
delhi,2022,3,south east delhi district,4420,4781194
delhi,2022,3,shahdara district,2094,2339310
delhi,2022,3,north east district,2085,2171219
delhi,2022,3,east district,2695,3102828
delhi,2022,3,north west district,3572,4132808
delhi,2022,3,north district,2762,3293169
delhi,2022,4,south district,3527,4511956
delhi,2022,4,central district,4815,5765957
delhi,2022,4,new delhi district,5340,7125528
delhi,2022,4,west district,6947,8360376
delhi,2022,4,south west district,4149,5489366
delhi,2022,4,south east delhi district,5868,7072604
delhi,2022,4,shahdara district,2919,3567941
delhi,2022,4,north east district,2948,3363238
delhi,2022,4,east district,3297,3984005
delhi,2022,4,north west district,5085,6057907
delhi,2022,4,north district,4013,5304295
delhi,2023,1,south district,3201,4269965
delhi,2023,1,central district,4699,6401871
delhi,2023,1,new delhi district,5291,6922018
delhi,2023,1,west district,6429,8754573
delhi,2023,1,south west district,3638,5341251
delhi,2023,1,south east delhi district,5517,7079871
delhi,2023,1,shahdara district,2806,3681028
delhi,2023,1,north east district,2724,3247609
delhi,2023,1,east district,3196,4249403
delhi,2023,1,north west district,4579,5962088
delhi,2023,1,north district,3741,5130361
delhi,2023,2,south district,3088,4214071
delhi,2023,2,central district,4368,5481162
delhi,2023,2,new delhi district,4694,6410215
delhi,2023,2,west district,5862,7931949
delhi,2023,2,south west district,3696,5282173
delhi,2023,2,south east delhi district,4732,6257813
delhi,2023,2,shahdara district,2225,2826508
delhi,2023,2,north east district,2131,2631371
delhi,2023,2,east district,2857,3875525
delhi,2023,2,north west district,4428,5604148
delhi,2023,2,north district,3277,4436173
delhi,2023,3,south district,3522,4443430
delhi,2023,3,central district,4404,5352372
delhi,2023,3,new delhi district,5549,7246294
delhi,2023,3,west district,6673,8338655
delhi,2023,3,south west district,4448,6189343
delhi,2023,3,south east delhi district,5876,7115008
delhi,2023,3,shahdara district,2697,3233714
delhi,2023,3,north east district,2446,2666969
delhi,2023,3,east district,3371,4011665
delhi,2023,3,north west district,4658,5650162
delhi,2023,3,north district,3469,4630888
delhi,2023,4,south district,4127,6172136
delhi,2023,4,central district,5884,7718670
delhi,2023,4,new delhi district,5952,8790140
delhi,2023,4,west district,7829,10545733
delhi,2023,4,south west district,5023,7264073
delhi,2023,4,south east delhi district,7111,9746023
delhi,2023,4,shahdara district,3426,4582842
delhi,2023,4,north east district,3408,4259823
delhi,2023,4,east district,3740,4742013
delhi,2023,4,north west district,5426,7399787
delhi,2023,4,north district,4410,6111161
delhi,2024,1,south district,3912,5652343
delhi,2024,1,central district,5322,7235636
delhi,2024,1,new delhi district,6087,9325880
delhi,2024,1,west district,7237,10552936
delhi,2024,1,south west district,4580,7322844
delhi,2024,1,south east delhi district,6809,9567339
delhi,2024,1,shahdara district,3164,4217939
delhi,2024,1,north east district,3102,3912630
delhi,2024,1,east district,3678,5392486
delhi,2024,1,north west district,4927,6850074
delhi,2024,1,north district,4232,6202239
delhi,2024,2,south district,3472,5238461
delhi,2024,2,central district,4851,6879526
delhi,2024,2,new delhi district,5492,8550323
delhi,2024,2,west district,6150,9059574
delhi,2024,2,south west district,4190,6424789
delhi,2024,2,south east delhi district,5596,7983727
delhi,2024,2,shahdara district,2603,3899405
delhi,2024,2,north east district,2483,3248158
delhi,2024,2,east district,3209,4765406
delhi,2024,2,north west district,4453,6426847
delhi,2024,2,north district,3690,5569856
delhi,2024,3,south east district,6501,9122525
delhi,2024,3,south district,3762,5506223
delhi,2024,3,central district,4735,6449913
delhi,2024,3,new delhi district,6055,9251030
delhi,2024,3,west district,6568,9409580
delhi,2024,3,south west district,4576,7288608
delhi,2024,3,south east delhi district,2,9316
delhi,2024,3,shahdara district,2721,3718115
delhi,2024,3,north east district,2638,3524522
delhi,2024,3,east district,3177,4212716
delhi,2024,3,north west district,4631,7025475
delhi,2024,3,north district,3784,5621466
delhi,2024,4,south east district,8789,11891728
delhi,2024,4,south district,4916,6929468
delhi,2024,4,central district,7265,9684280
delhi,2024,4,new delhi district,7568,11475253
delhi,2024,4,west district,9538,13105331
delhi,2024,4,south west district,5921,8998337
delhi,2024,4,shahdara district,3751,5131537
delhi,2024,4,north east district,3839,4765826
delhi,2024,4,east district,4096,5612454
delhi,2024,4,north west district,6893,9461832
delhi,2024,4,north district,5386,7334682
goa,2020,2,north goa district,181,37838
goa,2020,2,south goa district,160,33262
goa,2020,3,north goa district,401,115163
goa,2020,3,south goa district,282,81701
goa,2020,4,north goa district,351,398099
goa,2020,4,south goa district,263,284265
goa,2021,1,north goa district,514,464207
goa,2021,1,south goa district,365,363177
goa,2021,2,north goa district,561,531664
goa,2021,2,south goa district,455,496675
goa,2021,3,north goa district,668,825408
goa,2021,3,south goa district,546,560578
goa,2021,4,north goa district,1203,1604306
goa,2021,4,south goa district,884,1133010
goa,2022,1,north goa district,1369,2131215
goa,2022,1,south goa district,1265,1734030
goa,2022,2,north goa district,2018,3006451
goa,2022,2,south goa district,1506,2087059
goa,2022,3,north goa district,1669,2298586
goa,2022,3,south goa district,1488,1843522
goa,2022,4,north goa district,2517,3662258
goa,2022,4,south goa district,1871,2528411
goa,2023,1,north goa district,2130,3216159
goa,2023,1,south goa district,1967,2643390
goa,2023,2,north goa district,2231,3373064
goa,2023,2,south goa district,1935,2557737
goa,2023,3,north goa district,2161,3229062
goa,2023,3,south goa district,1766,2416992
goa,2023,4,north goa district,2725,4320025
goa,2023,4,south goa district,2158,3090976
goa,2024,1,north goa district,2803,4037155
goa,2024,1,south goa district,2422,3490938
goa,2024,2,north goa district,2752,4045983
goa,2024,2,south goa district,2269,3132575
goa,2024,3,north goa district,2518,3954359
goa,2024,3,south goa district,2836,4097331
goa,2024,4,north goa district,3236,5036265
goa,2024,4,south goa district,3426,4867109
gujarat,2020,2,anand district,136,27854
gujarat,2020,2,jamnagar district,101,19839
gujarat,2020,2,devbhumi dwarka district,22,4707
gujarat,2020,2,rajkot district,545,96057
gujarat,2020,2,aravallis district,22,5393
gujarat,2020,2,chhotaudepur district,10,1839
gujarat,2020,2,botad district,16,3356
gujarat,2020,2,bharuch district,273,54151
gujarat,2020,2,bhavnagar district,148,28854
gujarat,2020,2,junagadh district,60,12872
gujarat,2020,2,mahesana district,192,39039
gujarat,2020,2,the dangs district,14,2757
gujarat,2020,2,kheda district,91,20484
gujarat,2020,2,surat district,1255,220970
gujarat,2020,2,porbandar district,16,3481
gujarat,2020,2,gandhinagar district,509,92680
gujarat,2020,2,panch mahals district,52,11238
gujarat,2020,2,narmada district,5,1021
gujarat,2020,2,gir somnath district,39,9252
gujarat,2020,2,valsad district,348,64661
gujarat,2020,2,mahisagar district,14,3529
gujarat,2020,2,sabar kantha district,65,14618
gujarat,2020,2,tapi district,29,6739
gujarat,2020,2,vadodara district,580,110090
gujarat,2020,2,banas kantha district,111,24799
gujarat,2020,2,amreli district,42,10331
gujarat,2020,2,ahmadabad district,2282,396800
gujarat,2020,2,dohad district,37,7420
gujarat,2020,2,navsari district,105,21218
gujarat,2020,2,patan district,73,14660
gujarat,2020,2,kachchh district,320,65377
gujarat,2020,2,surendranagar district,146,26184
gujarat,2020,2,morbi district,39,8321
gujarat,2020,3,anand district,209,60630
gujarat,2020,3,jamnagar district,169,53054
gujarat,2020,3,devbhumi dwarka district,54,16789
gujarat,2020,3,rajkot district,522,136449
gujarat,2020,3,aravallis district,106,31256
gujarat,2020,3,chhotaudepur district,40,19589
gujarat,2020,3,botad district,55,18361
gujarat,2020,3,bharuch district,614,174068
gujarat,2020,3,bhavnagar district,257,62615
gujarat,2020,3,junagadh district,122,46235
gujarat,2020,3,mahesana district,464,115807
gujarat,2020,3,the dangs district,7,3950
gujarat,2020,3,kheda district,234,58841
gujarat,2020,3,surat district,2206,544354
gujarat,2020,3,porbandar district,33,9335
gujarat,2020,3,gandhinagar district,562,162208
gujarat,2020,3,panch mahals district,247,73504
gujarat,2020,3,narmada district,48,19181
gujarat,2020,3,gir somnath district,69,15186
gujarat,2020,3,valsad district,474,130312
gujarat,2020,3,mahisagar district,57,13036
gujarat,2020,3,sabar kantha district,211,54268
gujarat,2020,3,tapi district,68,16240
gujarat,2020,3,vadodara district,1162,360274
gujarat,2020,3,banas kantha district,330,77539
gujarat,2020,3,amreli district,151,45558
gujarat,2020,3,ahmadabad district,2682,655107
gujarat,2020,3,dohad district,96,25194
gujarat,2020,3,navsari district,133,32840
gujarat,2020,3,patan district,294,64517
gujarat,2020,3,kachchh district,583,164427
gujarat,2020,3,surendranagar district,118,29234
gujarat,2020,3,morbi district,148,45854
gujarat,2020,4,anand district,209,104965
gujarat,2020,4,jamnagar district,105,66383
gujarat,2020,4,devbhumi dwarka district,50,27492
gujarat,2020,4,rajkot district,321,181318
gujarat,2020,4,aravallis district,112,59674
gujarat,2020,4,chhotaudepur district,24,6945
gujarat,2020,4,botad district,52,27484
gujarat,2020,4,bharuch district,524,356570
gujarat,2020,4,bhavnagar district,192,118250
gujarat,2020,4,junagadh district,79,51256
gujarat,2020,4,mahesana district,324,192309
gujarat,2020,4,the dangs district,21,10412
gujarat,2020,4,kheda district,191,114185
gujarat,2020,4,surat district,1858,1147153
gujarat,2020,4,porbandar district,43,44832
gujarat,2020,4,gandhinagar district,387,237333
gujarat,2020,4,panch mahals district,180,93519
gujarat,2020,4,narmada district,29,13439
gujarat,2020,4,gir somnath district,74,24539
gujarat,2020,4,valsad district,387,267121
gujarat,2020,4,mahisagar district,32,15115
gujarat,2020,4,sabar kantha district,204,134455
gujarat,2020,4,tapi district,56,33815
gujarat,2020,4,vadodara district,748,468371
gujarat,2020,4,banas kantha district,321,174192
gujarat,2020,4,amreli district,117,77606
gujarat,2020,4,ahmadabad district,2306,1404202
gujarat,2020,4,dohad district,61,31695
gujarat,2020,4,navsari district,139,82688
gujarat,2020,4,patan district,150,76634
gujarat,2020,4,kachchh district,503,291840
gujarat,2020,4,surendranagar district,79,61766
gujarat,2020,4,morbi district,112,57479
gujarat,2021,1,anand district,262,130297
gujarat,2021,1,jamnagar district,128,104112
gujarat,2021,1,devbhumi dwarka district,70,64828
gujarat,2021,1,rajkot district,374,191505
gujarat,2021,1,aravallis district,132,57750
gujarat,2021,1,chhotaudepur district,29,8801
gujarat,2021,1,botad district,48,47154
gujarat,2021,1,bharuch district,709,381284
gujarat,2021,1,bhavnagar district,243,147699
gujarat,2021,1,junagadh district,95,75867
gujarat,2021,1,mahesana district,342,194492
gujarat,2021,1,the dangs district,17,6417
gujarat,2021,1,kheda district,187,100371
gujarat,2021,1,surat district,2549,1538786
gujarat,2021,1,porbandar district,45,38138
gujarat,2021,1,gandhinagar district,531,341921
gujarat,2021,1,panch mahals district,183,72752
gujarat,2021,1,narmada district,39,16168
gujarat,2021,1,gir somnath district,101,45453
gujarat,2021,1,valsad district,548,307917
gujarat,2021,1,mahisagar district,51,22440
gujarat,2021,1,sabar kantha district,208,80533
gujarat,2021,1,tapi district,70,42028
gujarat,2021,1,vadodara district,859,544564
gujarat,2021,1,banas kantha district,446,246377
gujarat,2021,1,amreli district,172,74457
gujarat,2021,1,ahmadabad district,2902,1664753
gujarat,2021,1,dohad district,109,89360
gujarat,2021,1,navsari district,118,78281
gujarat,2021,1,patan district,181,102959
gujarat,2021,1,kachchh district,674,340650
gujarat,2021,1,surendranagar district,99,58848
gujarat,2021,1,morbi district,152,71142
gujarat,2021,2,anand district,271,222053
gujarat,2021,2,jamnagar district,150,100740
gujarat,2021,2,devbhumi dwarka district,57,38080
gujarat,2021,2,rajkot district,462,360621
gujarat,2021,2,aravallis district,119,80568
gujarat,2021,2,chhotaudepur district,51,31348
gujarat,2021,2,botad district,67,27359
gujarat,2021,2,bharuch district,823,593029
gujarat,2021,2,bhavnagar district,274,202446
gujarat,2021,2,junagadh district,156,118345
gujarat,2021,2,mahesana district,453,306266
gujarat,2021,2,the dangs district,22,19066
gujarat,2021,2,kheda district,244,145116
gujarat,2021,2,surat district,2863,1847117
gujarat,2021,2,porbandar district,49,61980
gujarat,2021,2,gandhinagar district,590,519006
gujarat,2021,2,panch mahals district,212,163468
gujarat,2021,2,narmada district,46,17878
gujarat,2021,2,gir somnath district,110,50123
gujarat,2021,2,valsad district,640,471194
gujarat,2021,2,mahisagar district,73,47536
gujarat,2021,2,sabar kantha district,282,157215
gujarat,2021,2,tapi district,102,85437
gujarat,2021,2,vadodara district,1171,874836
gujarat,2021,2,banas kantha district,475,272134
gujarat,2021,2,amreli district,254,143329
gujarat,2021,2,ahmadabad district,3074,2177028
gujarat,2021,2,dohad district,126,63382
gujarat,2021,2,navsari district,199,160612
gujarat,2021,2,patan district,227,164035
gujarat,2021,2,kachchh district,730,529809
gujarat,2021,2,surendranagar district,131,68373
gujarat,2021,2,morbi district,173,144469
gujarat,2021,3,anand district,312,253672
gujarat,2021,3,jamnagar district,167,144133
gujarat,2021,3,devbhumi dwarka district,61,66013
gujarat,2021,3,rajkot district,515,389381
gujarat,2021,3,aravallis district,145,98886
gujarat,2021,3,chhotaudepur district,46,29257
gujarat,2021,3,botad district,67,38646
gujarat,2021,3,bharuch district,751,676899
gujarat,2021,3,bhavnagar district,267,211839
gujarat,2021,3,junagadh district,118,91519
gujarat,2021,3,mahesana district,419,348892
gujarat,2021,3,the dangs district,13,16738
gujarat,2021,3,kheda district,253,187117
gujarat,2021,3,surat district,3409,2501335
gujarat,2021,3,porbandar district,70,109615
gujarat,2021,3,gandhinagar district,586,553002
gujarat,2021,3,panch mahals district,200,165600
gujarat,2021,3,narmada district,45,37310
gujarat,2021,3,gir somnath district,99,75929
gujarat,2021,3,valsad district,648,601347
gujarat,2021,3,mahisagar district,61,51882
gujarat,2021,3,sabar kantha district,212,178233
gujarat,2021,3,tapi district,74,96225
gujarat,2021,3,vadodara district,1071,1010170
gujarat,2021,3,banas kantha district,567,390139
gujarat,2021,3,amreli district,141,112208
gujarat,2021,3,ahmadabad district,3405,2607478
gujarat,2021,3,dohad district,151,144391
gujarat,2021,3,navsari district,200,177626
gujarat,2021,3,patan district,246,222766
gujarat,2021,3,kachchh district,719,583735
gujarat,2021,3,surendranagar district,129,84217
gujarat,2021,3,morbi district,181,85703
gujarat,2021,4,anand district,361,415798
gujarat,2021,4,jamnagar district,236,326799
gujarat,2021,4,devbhumi dwarka district,83,110975
gujarat,2021,4,rajkot district,698,782642
gujarat,2021,4,aravallis district,113,167858
gujarat,2021,4,chhotaudepur district,50,78840
gujarat,2021,4,botad district,48,75827
gujarat,2021,4,bharuch district,982,1253200
gujarat,2021,4,bhavnagar district,441,555221
gujarat,2021,4,junagadh district,152,261608
gujarat,2021,4,mahesana district,483,611027
gujarat,2021,4,the dangs district,21,30145
gujarat,2021,4,kheda district,314,397315
gujarat,2021,4,surat district,3232,4111750
gujarat,2021,4,porbandar district,106,136394
gujarat,2021,4,gandhinagar district,801,1076996
gujarat,2021,4,panch mahals district,318,386340
gujarat,2021,4,narmada district,59,88598
gujarat,2021,4,gir somnath district,148,194109
gujarat,2021,4,valsad district,1030,1250430
gujarat,2021,4,mahisagar district,76,84831
gujarat,2021,4,sabar kantha district,274,314168
gujarat,2021,4,tapi district,91,214264
gujarat,2021,4,vadodara district,1531,1938084
gujarat,2021,4,banas kantha district,555,642556
gujarat,2021,4,amreli district,147,180814
gujarat,2021,4,ahmadabad district,4857,5269395
gujarat,2021,4,dohad district,140,152375
gujarat,2021,4,navsari district,271,354724
gujarat,2021,4,patan district,245,261065
gujarat,2021,4,kachchh district,937,1187041
gujarat,2021,4,surendranagar district,152,156574
gujarat,2021,4,morbi district,190,215158
gujarat,2022,1,anand district,299,540613
gujarat,2022,1,jamnagar district,269,351909
gujarat,2022,1,devbhumi dwarka district,98,158450
gujarat,2022,1,rajkot district,840,1218172
gujarat,2022,1,aravallis district,132,232418
gujarat,2022,1,chhotaudepur district,56,106341
gujarat,2022,1,botad district,64,99208
gujarat,2022,1,bharuch district,934,1363523
gujarat,2022,1,bhavnagar district,494,599549
gujarat,2022,1,junagadh district,181,302292
gujarat,2022,1,mahesana district,439,662382
gujarat,2022,1,the dangs district,30,49986
gujarat,2022,1,kheda district,255,429033
gujarat,2022,1,surat district,4674,5433634
gujarat,2022,1,porbandar district,141,211293
gujarat,2022,1,gandhinagar district,914,1703161
gujarat,2022,1,panch mahals district,287,295279
gujarat,2022,1,narmada district,64,145553
gujarat,2022,1,gir somnath district,113,182757
gujarat,2022,1,valsad district,1138,1398820
gujarat,2022,1,mahisagar district,84,169559
gujarat,2022,1,sabar kantha district,257,478193
gujarat,2022,1,tapi district,100,231599
gujarat,2022,1,vadodara district,1414,2085056
gujarat,2022,1,banas kantha district,485,634204
gujarat,2022,1,amreli district,131,191137
gujarat,2022,1,ahmadabad district,6393,7847666
gujarat,2022,1,dohad district,133,211855
gujarat,2022,1,navsari district,280,481638
gujarat,2022,1,patan district,224,306263
gujarat,2022,1,kachchh district,923,1288962
gujarat,2022,1,surendranagar district,168,209825
gujarat,2022,1,morbi district,207,333103
gujarat,2022,2,anand district,358,546286
gujarat,2022,2,jamnagar district,450,611771
gujarat,2022,2,devbhumi dwarka district,132,176830
gujarat,2022,2,rajkot district,879,1248141
gujarat,2022,2,aravallis district,135,230921
gujarat,2022,2,chhotaudepur district,56,68263
gujarat,2022,2,botad district,76,104941
gujarat,2022,2,bharuch district,848,1226599
gujarat,2022,2,bhavnagar district,601,696335
gujarat,2022,2,junagadh district,240,365897
gujarat,2022,2,mahesana district,545,823387
gujarat,2022,2,the dangs district,20,23712
gujarat,2022,2,kheda district,296,384083
gujarat,2022,2,surat district,6127,6420167
gujarat,2022,2,porbandar district,140,200202
gujarat,2022,2,gandhinagar district,985,1513678
gujarat,2022,2,panch mahals district,357,352238
gujarat,2022,2,narmada district,51,106890
gujarat,2022,2,gir somnath district,125,213967
gujarat,2022,2,valsad district,1079,1455802
gujarat,2022,2,mahisagar district,86,107730
gujarat,2022,2,sabar kantha district,227,378335
gujarat,2022,2,tapi district,118,245318
gujarat,2022,2,vadodara district,1538,2192046
gujarat,2022,2,banas kantha district,597,724979
gujarat,2022,2,amreli district,170,191259
gujarat,2022,2,ahmadabad district,6962,8565312
gujarat,2022,2,dohad district,156,172030
gujarat,2022,2,navsari district,319,499586
gujarat,2022,2,patan district,205,251468
gujarat,2022,2,kachchh district,1071,1371510
gujarat,2022,2,surendranagar district,176,222858
gujarat,2022,2,morbi district,256,398424
gujarat,2022,3,anand district,391,585701
gujarat,2022,3,jamnagar district,473,638239
gujarat,2022,3,devbhumi dwarka district,149,270002
gujarat,2022,3,rajkot district,1093,1436547
gujarat,2022,3,aravallis district,214,277069
gujarat,2022,3,chhotaudepur district,60,69347
gujarat,2022,3,botad district,82,114553
gujarat,2022,3,bharuch district,1082,1429310
gujarat,2022,3,bhavnagar district,696,791631
gujarat,2022,3,junagadh district,273,426086
gujarat,2022,3,mahesana district,626,878635
gujarat,2022,3,the dangs district,20,47702
gujarat,2022,3,kheda district,372,482085
gujarat,2022,3,surat district,7447,7491198
gujarat,2022,3,porbandar district,200,344387
gujarat,2022,3,gandhinagar district,1356,1828271
gujarat,2022,3,panch mahals district,294,319199
gujarat,2022,3,narmada district,88,132636
gujarat,2022,3,gir somnath district,166,223630
gujarat,2022,3,valsad district,1327,1699968
gujarat,2022,3,mahisagar district,101,120980
gujarat,2022,3,sabar kantha district,333,445646
gujarat,2022,3,tapi district,136,288593
gujarat,2022,3,vadodara district,1983,2630678
gujarat,2022,3,banas kantha district,735,893785
gujarat,2022,3,amreli district,207,276929
gujarat,2022,3,ahmadabad district,8499,9788819
gujarat,2022,3,dohad district,202,262749
gujarat,2022,3,navsari district,322,485373
gujarat,2022,3,patan district,321,428067
gujarat,2022,3,kachchh district,1501,1786596
gujarat,2022,3,surendranagar district,277,356327
gujarat,2022,3,morbi district,276,306489
gujarat,2022,4,anand district,584,941848
gujarat,2022,4,jamnagar district,627,858011
gujarat,2022,4,devbhumi dwarka district,166,329270
gujarat,2022,4,rajkot district,1428,2034588
gujarat,2022,4,aravallis district,234,433584
gujarat,2022,4,chhotaudepur district,77,121159
gujarat,2022,4,botad district,116,181421
gujarat,2022,4,bharuch district,1522,2134893
gujarat,2022,4,bhavnagar district,689,972237
gujarat,2022,4,junagadh district,351,661766
gujarat,2022,4,mahesana district,837,1221962
gujarat,2022,4,the dangs district,33,61664
gujarat,2022,4,kheda district,498,732511
gujarat,2022,4,surat district,7288,8864843
gujarat,2022,4,porbandar district,223,310088
gujarat,2022,4,gandhinagar district,1681,2507697
gujarat,2022,4,panch mahals district,456,778503
gujarat,2022,4,narmada district,93,157202
gujarat,2022,4,gir somnath district,204,395364
gujarat,2022,4,valsad district,1666,2409645
gujarat,2022,4,mahisagar district,146,296545
gujarat,2022,4,sabar kantha district,427,611465
gujarat,2022,4,tapi district,196,406033
gujarat,2022,4,vadodara district,2574,3669216
gujarat,2022,4,banas kantha district,806,1117875
gujarat,2022,4,amreli district,278,497418
gujarat,2022,4,ahmadabad district,9650,12572383
gujarat,2022,4,dohad district,281,449458
gujarat,2022,4,navsari district,514,1000148
gujarat,2022,4,patan district,366,550900
gujarat,2022,4,kachchh district,1696,2267368
gujarat,2022,4,surendranagar district,326,525176
gujarat,2022,4,morbi district,385,557084
gujarat,2023,1,anand district,431,752250
gujarat,2023,1,jamnagar district,499,797706
gujarat,2023,1,devbhumi dwarka district,93,214168
gujarat,2023,1,rajkot district,1601,2385641
gujarat,2023,1,aravallis district,203,388648
gujarat,2023,1,chhotaudepur district,44,165912
gujarat,2023,1,botad district,95,174788
gujarat,2023,1,bharuch district,1216,1826288
gujarat,2023,1,bhavnagar district,657,955529
gujarat,2023,1,junagadh district,291,631159
gujarat,2023,1,mahesana district,622,1242341
gujarat,2023,1,the dangs district,37,93504
gujarat,2023,1,kheda district,413,617685
gujarat,2023,1,surat district,8426,9641022
gujarat,2023,1,porbandar district,208,306923
gujarat,2023,1,gandhinagar district,1288,2310699
gujarat,2023,1,panch mahals district,339,554587
gujarat,2023,1,narmada district,73,141909
gujarat,2023,1,gir somnath district,143,249736
gujarat,2023,1,valsad district,1434,2301774
gujarat,2023,1,mahisagar district,80,159032
gujarat,2023,1,sabar kantha district,277,459798
gujarat,2023,1,tapi district,150,339021
gujarat,2023,1,vadodara district,1954,3124485
gujarat,2023,1,banas kantha district,608,1111894
gujarat,2023,1,amreli district,130,240548
gujarat,2023,1,ahmadabad district,8530,11389837
gujarat,2023,1,dohad district,213,354806
gujarat,2023,1,navsari district,365,694293
gujarat,2023,1,patan district,243,354916
gujarat,2023,1,kachchh district,1315,1898195
gujarat,2023,1,surendranagar district,292,482354
gujarat,2023,1,morbi district,330,576246
gujarat,2023,2,anand district,461,903873
gujarat,2023,2,jamnagar district,568,839559
gujarat,2023,2,devbhumi dwarka district,117,193968
gujarat,2023,2,rajkot district,1718,2477120
gujarat,2023,2,aravallis district,169,272584
gujarat,2023,2,chhotaudepur district,59,125590
gujarat,2023,2,botad district,98,104766
gujarat,2023,2,bharuch district,1114,1801068
gujarat,2023,2,bhavnagar district,767,873266
gujarat,2023,2,junagadh district,323,478868
gujarat,2023,2,mahesana district,666,1215625
gujarat,2023,2,the dangs district,29,79481
gujarat,2023,2,kheda district,403,649135
gujarat,2023,2,surat district,6993,8153676
gujarat,2023,2,porbandar district,191,274885
gujarat,2023,2,gandhinagar district,1496,2467953
gujarat,2023,2,panch mahals district,315,459266
gujarat,2023,2,narmada district,80,151634
gujarat,2023,2,gir somnath district,166,281497
gujarat,2023,2,valsad district,1427,2277522
gujarat,2023,2,mahisagar district,83,162140
gujarat,2023,2,sabar kantha district,278,432201
gujarat,2023,2,tapi district,128,263468
gujarat,2023,2,vadodara district,2055,3482569
gujarat,2023,2,banas kantha district,690,1193324
gujarat,2023,2,amreli district,134,282052
gujarat,2023,2,ahmadabad district,9078,11920370
gujarat,2023,2,dohad district,218,327688
gujarat,2023,2,navsari district,380,729752
gujarat,2023,2,patan district,304,453384
gujarat,2023,2,kachchh district,1366,1915160
gujarat,2023,2,surendranagar district,287,541385
gujarat,2023,2,morbi district,323,469266
gujarat,2023,3,anand district,528,905466
gujarat,2023,3,jamnagar district,877,1222855
gujarat,2023,3,devbhumi dwarka district,254,482220
gujarat,2023,3,rajkot district,2289,3157047
gujarat,2023,3,aravallis district,273,468442
gujarat,2023,3,chhotaudepur district,91,201432
gujarat,2023,3,botad district,141,282914
gujarat,2023,3,bharuch district,1777,2345201
gujarat,2023,3,bhavnagar district,1099,1299978
gujarat,2023,3,junagadh district,887,1329975
gujarat,2023,3,mahesana district,902,1537376
gujarat,2023,3,the dangs district,38,101069
gujarat,2023,3,kheda district,532,922252
gujarat,2023,3,surat district,13306,13249715
gujarat,2023,3,porbandar district,260,404716
gujarat,2023,3,gandhinagar district,2270,3606515
gujarat,2023,3,panch mahals district,404,636651
gujarat,2023,3,narmada district,110,222526
gujarat,2023,3,gir somnath district,313,537433
gujarat,2023,3,valsad district,1912,2584154
gujarat,2023,3,mahisagar district,132,264209
gujarat,2023,3,sabar kantha district,439,760281
gujarat,2023,3,tapi district,293,579048
gujarat,2023,3,vadodara district,2630,3955251
gujarat,2023,3,banas kantha district,940,1540747
gujarat,2023,3,amreli district,200,385726
gujarat,2023,3,ahmadabad district,13645,16204152
gujarat,2023,3,dohad district,346,573684
gujarat,2023,3,navsari district,622,1123974
gujarat,2023,3,patan district,517,710409
gujarat,2023,3,kachchh district,2111,2799676
gujarat,2023,3,surendranagar district,442,740792
gujarat,2023,3,morbi district,469,632199
gujarat,2023,4,anand district,581,1027082
gujarat,2023,4,jamnagar district,666,1051194
gujarat,2023,4,devbhumi dwarka district,182,402737
gujarat,2023,4,rajkot district,2109,3364383
gujarat,2023,4,aravallis district,291,515049
gujarat,2023,4,chhotaudepur district,75,135045
gujarat,2023,4,botad district,117,255023
gujarat,2023,4,bharuch district,1750,2901972
gujarat,2023,4,bhavnagar district,971,1371224
gujarat,2023,4,junagadh district,416,879478
gujarat,2023,4,mahesana district,952,1765324
gujarat,2023,4,the dangs district,31,83962
gujarat,2023,4,kheda district,516,992219
gujarat,2023,4,surat district,8196,11477882
gujarat,2023,4,porbandar district,222,346340
gujarat,2023,4,gandhinagar district,1952,3618581
gujarat,2023,4,panch mahals district,489,899552
gujarat,2023,4,narmada district,100,271738
gujarat,2023,4,gir somnath district,219,417003
gujarat,2023,4,valsad district,2030,3301560
gujarat,2023,4,mahisagar district,149,294549
gujarat,2023,4,sabar kantha district,419,789645
gujarat,2023,4,tapi district,232,540519
gujarat,2023,4,vadodara district,2756,4865088
gujarat,2023,4,banas kantha district,955,1817338
gujarat,2023,4,amreli district,261,506106
gujarat,2023,4,ahmadabad district,10344,16047139
gujarat,2023,4,dohad district,365,503495
gujarat,2023,4,navsari district,494,1131620
gujarat,2023,4,patan district,411,716029
gujarat,2023,4,kachchh district,1972,2767311
gujarat,2023,4,surendranagar district,439,865094
gujarat,2023,4,morbi district,466,814165
gujarat,2024,1,anand district,586,962479
gujarat,2024,1,jamnagar district,828,1282966
gujarat,2024,1,devbhumi dwarka district,229,423696
gujarat,2024,1,rajkot district,2612,3794409
gujarat,2024,1,aravallis district,334,509266
gujarat,2024,1,chhotaudepur district,117,159755
gujarat,2024,1,botad district,157,206798
gujarat,2024,1,bharuch district,2022,3022124
gujarat,2024,1,bhavnagar district,1049,1211558
gujarat,2024,1,junagadh district,403,733301
gujarat,2024,1,mahesana district,1088,1661780
gujarat,2024,1,the dangs district,38,92244
gujarat,2024,1,kheda district,619,998821
gujarat,2024,1,surat district,9277,10645109
gujarat,2024,1,porbandar district,255,362516
gujarat,2024,1,gandhinagar district,1991,3417398
gujarat,2024,1,panch mahals district,477,717321
gujarat,2024,1,narmada district,136,216998
gujarat,2024,1,gir somnath district,269,382105
gujarat,2024,1,valsad district,2218,3196463
gujarat,2024,1,mahisagar district,188,277377
gujarat,2024,1,sabar kantha district,451,723185
gujarat,2024,1,tapi district,266,555989
gujarat,2024,1,vadodara district,2674,4324591
gujarat,2024,1,banas kantha district,1155,1457558
gujarat,2024,1,amreli district,235,333199
gujarat,2024,1,ahmadabad district,10018,14364566
gujarat,2024,1,dohad district,497,555306
gujarat,2024,1,navsari district,521,931938
gujarat,2024,1,patan district,496,741796
gujarat,2024,1,kachchh district,2270,2841893
gujarat,2024,1,surendranagar district,506,738371
gujarat,2024,1,morbi district,683,791034
gujarat,2024,2,anand district,699,1037990
gujarat,2024,2,jamnagar district,817,1317877
gujarat,2024,2,devbhumi dwarka district,219,370747
gujarat,2024,2,rajkot district,3116,4171290
gujarat,2024,2,aravallis district,251,469379
gujarat,2024,2,chhotaudepur district,99,164713
gujarat,2024,2,botad district,134,236538
gujarat,2024,2,bharuch district,1711,2452287
gujarat,2024,2,bhavnagar district,1110,1430220
gujarat,2024,2,junagadh district,379,601960
gujarat,2024,2,mahesana district,1048,1719893
gujarat,2024,2,the dangs district,32,76675
gujarat,2024,2,kheda district,581,825582
gujarat,2024,2,surat district,9120,11220662
gujarat,2024,2,porbandar district,232,321710
gujarat,2024,2,gandhinagar district,1985,3217376
gujarat,2024,2,panch mahals district,459,634440
gujarat,2024,2,narmada district,136,268897
gujarat,2024,2,gir somnath district,239,390738
gujarat,2024,2,valsad district,1967,3083166
gujarat,2024,2,mahisagar district,136,244575
gujarat,2024,2,sabar kantha district,411,677621
gujarat,2024,2,tapi district,232,389875
gujarat,2024,2,vadodara district,2706,4644588
gujarat,2024,2,banas kantha district,1075,1816483
gujarat,2024,2,amreli district,232,389260
gujarat,2024,2,ahmadabad district,10341,15547955
gujarat,2024,2,dohad district,359,419543
gujarat,2024,2,navsari district,511,940315
gujarat,2024,2,patan district,410,519797
gujarat,2024,2,kachchh district,2146,2785372
gujarat,2024,2,surendranagar district,569,807201
gujarat,2024,2,morbi district,545,671738
gujarat,2024,3,anand district,612,1110227
gujarat,2024,3,jamnagar district,872,1431892
gujarat,2024,3,devbhumi dwarka district,230,511593
gujarat,2024,3,aravalli district,283,610530
gujarat,2024,3,rajkot district,2935,4371113
gujarat,2024,3,chhotaudepur district,102,162088
gujarat,2024,3,botad district,149,299486
gujarat,2024,3,bharuch district,1768,2801543
gujarat,2024,3,bhavnagar district,1168,1635336
gujarat,2024,3,ahmedabad district,12184,17553288
gujarat,2024,3,junagadh district,499,832069
gujarat,2024,3,dahod district,404,723966
gujarat,2024,3,mahesana district,1087,1969857
gujarat,2024,3,kheda district,605,1101417
gujarat,2024,3,surat district,9244,11486994
gujarat,2024,3,porbandar district,217,378599
gujarat,2024,3,gandhinagar district,2386,4058142
gujarat,2024,3,narmada district,108,247124
gujarat,2024,3,gir somnath district,290,636434
gujarat,2024,3,valsad district,1905,2794216
gujarat,2024,3,panchmahals district,505,861485
gujarat,2024,3,mahisagar district,182,415463
gujarat,2024,3,tapi district,210,529005
gujarat,2024,3,vadodara district,2679,4369142
gujarat,2024,3,sabarkantha district,456,884495
gujarat,2024,3,amreli district,195,300758
gujarat,2024,3,ahmadabad district,4,9426
gujarat,2024,3,navsari district,476,881255
gujarat,2024,3,patan district,474,796611
gujarat,2024,3,kachchh district,2218,3200203
gujarat,2024,3,surendranagar district,620,1049509
gujarat,2024,3,dangs district,42,105457
gujarat,2024,3,morbi district,572,820152
gujarat,2024,3,banaskantha district,1082,2011452
gujarat,2024,4,anand district,790,1495423
gujarat,2024,4,jamnagar district,1092,1483950
gujarat,2024,4,devbhumi dwarka district,258,445520
gujarat,2024,4,aravalli district,348,623672
gujarat,2024,4,rajkot district,3682,5459568
gujarat,2024,4,chhotaudepur district,121,197771
gujarat,2024,4,botad district,243,354090
gujarat,2024,4,bharuch district,2348,3655512
gujarat,2024,4,bhavnagar district,1544,1903033
gujarat,2024,4,ahmedabad district,18268,25165090
gujarat,2024,4,junagadh district,542,975146
gujarat,2024,4,dahod district,551,847170
gujarat,2024,4,mahesana district,1458,2462736
gujarat,2024,4,kheda district,817,1439398
gujarat,2024,4,surat district,11616,14897974
gujarat,2024,4,porbandar district,259,406040
gujarat,2024,4,gandhinagar district,3082,5330046
gujarat,2024,4,narmada district,159,252289
gujarat,2024,4,gir somnath district,376,572232
gujarat,2024,4,valsad district,2601,4056897
gujarat,2024,4,panchmahals district,678,1129560
gujarat,2024,4,mahisagar district,246,432537
gujarat,2024,4,tapi district,313,780205
gujarat,2024,4,vadodara district,3482,5748869
gujarat,2024,4,sabarkantha district,569,1038111
gujarat,2024,4,amreli district,371,658706
gujarat,2024,4,navsari district,660,1251925
gujarat,2024,4,patan district,671,1056513
gujarat,2024,4,kachchh district,2511,3190903
gujarat,2024,4,surendranagar district,701,1079791
gujarat,2024,4,dangs district,53,160275
gujarat,2024,4,morbi district,719,920058
gujarat,2024,4,banaskantha district,1397,2387095
haryana,2020,2,yamunanagar district,91,18968
haryana,2020,2,sonipat district,210,43359
haryana,2020,2,jind district,32,8495
haryana,2020,2,rohtak district,127,27796
haryana,2020,2,faridabad district,1051,189308
haryana,2020,2,mahendragarh district,94,23269
haryana,2020,2,hisar district,191,36813
haryana,2020,2,karnal district,303,52030
haryana,2020,2,fatehabad district,21,5143
haryana,2020,2,palwal district,130,28921
haryana,2020,2,charkhi dadri district,29,7053
haryana,2020,2,ambala district,191,43269
haryana,2020,2,rewari district,343,69983
haryana,2020,2,panchkula district,110,22019
haryana,2020,2,bhiwani district,83,19585
haryana,2020,2,sirsa district,75,14945
haryana,2020,2,mewat district,31,7908
haryana,2020,2,panipat district,297,53337
haryana,2020,2,gurugram district,2571,438481
haryana,2020,2,kaithal district,43,9656
haryana,2020,2,kurukshetra district,94,19177
haryana,2020,2,jhajjar district,204,40299
haryana,2020,3,yamunanagar district,142,42759
haryana,2020,3,sonipat district,278,77076
haryana,2020,3,jind district,150,46196
haryana,2020,3,rohtak district,130,35802
haryana,2020,3,faridabad district,1144,297042
haryana,2020,3,mahendragarh district,237,61501
haryana,2020,3,hisar district,361,114981
haryana,2020,3,karnal district,232,63907
haryana,2020,3,fatehabad district,86,26433
haryana,2020,3,palwal district,258,65067
haryana,2020,3,charkhi dadri district,42,12075
haryana,2020,3,ambala district,198,56775
haryana,2020,3,rewari district,483,135250
haryana,2020,3,panchkula district,140,41974
haryana,2020,3,bhiwani district,204,68318
haryana,2020,3,sirsa district,123,36793
haryana,2020,3,mewat district,129,27001
haryana,2020,3,panipat district,296,79561
haryana,2020,3,gurugram district,1999,454846
haryana,2020,3,kaithal district,111,27034
haryana,2020,3,kurukshetra district,154,43794
haryana,2020,3,jhajjar district,242,70683
haryana,2020,4,yamunanagar district,129,119098
haryana,2020,4,sonipat district,357,304138
haryana,2020,4,jind district,142,100629
haryana,2020,4,rohtak district,230,192791
haryana,2020,4,faridabad district,1370,1022011
haryana,2020,4,mahendragarh district,271,184572
haryana,2020,4,hisar district,374,243421
haryana,2020,4,karnal district,220,141312
haryana,2020,4,fatehabad district,109,65087
haryana,2020,4,palwal district,295,205874
haryana,2020,4,charkhi dadri district,64,60044
haryana,2020,4,ambala district,146,155468
haryana,2020,4,rewari district,639,442173
haryana,2020,4,panchkula district,127,98899
haryana,2020,4,bhiwani district,257,204503
haryana,2020,4,sirsa district,112,73566
haryana,2020,4,mewat district,157,106280
haryana,2020,4,panipat district,265,148352
haryana,2020,4,gurugram district,2380,1626450
haryana,2020,4,kaithal district,107,68122
haryana,2020,4,kurukshetra district,139,87224
haryana,2020,4,jhajjar district,393,324264
haryana,2021,1,yamunanagar district,184,104493
haryana,2021,1,sonipat district,493,389233
haryana,2021,1,jind district,231,138364
haryana,2021,1,rohtak district,312,284433
haryana,2021,1,faridabad district,1845,1250394
haryana,2021,1,mahendragarh district,303,221897
haryana,2021,1,hisar district,499,324109
haryana,2021,1,karnal district,339,211754
haryana,2021,1,fatehabad district,125,81821
haryana,2021,1,palwal district,386,239181
haryana,2021,1,charkhi dadri district,95,60263
haryana,2021,1,ambala district,214,181616
haryana,2021,1,rewari district,757,485758
haryana,2021,1,panchkula district,155,122780
haryana,2021,1,bhiwani district,282,214493
haryana,2021,1,sirsa district,188,106173
haryana,2021,1,mewat district,176,148542
haryana,2021,1,panipat district,428,245026
haryana,2021,1,gurugram district,3377,2003697
haryana,2021,1,kaithal district,126,99001
haryana,2021,1,kurukshetra district,206,112407
haryana,2021,1,jhajjar district,317,272445
haryana,2021,2,yamunanagar district,232,192920
haryana,2021,2,sonipat district,739,843265
haryana,2021,2,jind district,250,242044
haryana,2021,2,rohtak district,463,488282
haryana,2021,2,faridabad district,1707,1330963
haryana,2021,2,mahendragarh district,502,622610
haryana,2021,2,hisar district,683,636895
haryana,2021,2,karnal district,386,293629
haryana,2021,2,fatehabad district,172,163244
haryana,2021,2,palwal district,396,360453
haryana,2021,2,charkhi dadri district,136,148579
haryana,2021,2,ambala district,225,229972
haryana,2021,2,rewari district,1001,900929
haryana,2021,2,panchkula district,237,249180
haryana,2021,2,bhiwani district,424,442945
haryana,2021,2,sirsa district,221,202173
haryana,2021,2,mewat district,182,118123
haryana,2021,2,panipat district,457,396928
haryana,2021,2,gurugram district,3238,2521099
haryana,2021,2,kaithal district,204,192044
haryana,2021,2,kurukshetra district,204,196915
haryana,2021,2,jhajjar district,457,499261
haryana,2021,3,yamunanagar district,245,210209
haryana,2021,3,sonipat district,673,772054
haryana,2021,3,jind district,272,279378
haryana,2021,3,rohtak district,431,484147
haryana,2021,3,faridabad district,1957,1608197
haryana,2021,3,mahendragarh district,415,496367
haryana,2021,3,hisar district,600,562880
haryana,2021,3,karnal district,458,395742
haryana,2021,3,fatehabad district,191,250241
haryana,2021,3,palwal district,410,426458
haryana,2021,3,charkhi dadri district,119,167228
haryana,2021,3,ambala district,233,248012
haryana,2021,3,rewari district,960,921840
haryana,2021,3,panchkula district,232,251841
haryana,2021,3,bhiwani district,458,471344
haryana,2021,3,sirsa district,241,216209
haryana,2021,3,mewat district,288,260893
haryana,2021,3,panipat district,522,513232
haryana,2021,3,gurugram district,4501,3651728
haryana,2021,3,kaithal district,217,178157
haryana,2021,3,kurukshetra district,231,189756
haryana,2021,3,jhajjar district,509,659985
haryana,2021,4,yamunanagar district,364,537704
haryana,2021,4,sonipat district,1000,1514842
haryana,2021,4,jind district,268,509518
haryana,2021,4,rohtak district,557,1036418
haryana,2021,4,faridabad district,3250,3581730
haryana,2021,4,mahendragarh district,669,1016832
haryana,2021,4,hisar district,717,1163784
haryana,2021,4,karnal district,577,747027
haryana,2021,4,fatehabad district,186,342325
haryana,2021,4,palwal district,548,750722
haryana,2021,4,charkhi dadri district,159,317419
haryana,2021,4,ambala district,417,627099
haryana,2021,4,rewari district,1182,1635811
haryana,2021,4,panchkula district,427,638673
haryana,2021,4,bhiwani district,547,899073
haryana,2021,4,sirsa district,278,546704
haryana,2021,4,mewat district,326,404438
haryana,2021,4,panipat district,600,903045
haryana,2021,4,gurugram district,5951,6492219
haryana,2021,4,kaithal district,296,353943
haryana,2021,4,kurukshetra district,322,544433
haryana,2021,4,jhajjar district,848,1322079
haryana,2022,1,yamunanagar district,400,663141
haryana,2022,1,sonipat district,1178,1965399
haryana,2022,1,jind district,507,788896
haryana,2022,1,rohtak district,836,1302980
haryana,2022,1,faridabad district,3517,4282216
haryana,2022,1,mahendragarh district,675,1004950
haryana,2022,1,hisar district,855,1334248
haryana,2022,1,karnal district,850,1119397
haryana,2022,1,fatehabad district,297,429572
haryana,2022,1,palwal district,565,896780
haryana,2022,1,charkhi dadri district,308,528211
haryana,2022,1,ambala district,467,788192
haryana,2022,1,rewari district,1254,1910239
haryana,2022,1,panchkula district,463,779739
haryana,2022,1,bhiwani district,652,1039556
haryana,2022,1,sirsa district,467,892805
haryana,2022,1,mewat district,356,556434
haryana,2022,1,panipat district,806,1239244
haryana,2022,1,gurugram district,6642,8138262
haryana,2022,1,kaithal district,417,644997
haryana,2022,1,kurukshetra district,402,688759
haryana,2022,1,jhajjar district,869,1532926
haryana,2022,2,yamunanagar district,613,941216
haryana,2022,2,sonipat district,1227,2016582
haryana,2022,2,jind district,739,901739
haryana,2022,2,rohtak district,908,1318503
haryana,2022,2,faridabad district,3527,4157319
haryana,2022,2,mahendragarh district,766,1018904
haryana,2022,2,hisar district,1141,1695856
haryana,2022,2,karnal district,901,1294206
haryana,2022,2,fatehabad district,375,573627
haryana,2022,2,palwal district,662,908950
haryana,2022,2,charkhi dadri district,291,429520
haryana,2022,2,ambala district,759,1103441
haryana,2022,2,rewari district,1449,2050909
haryana,2022,2,panchkula district,630,909242
haryana,2022,2,bhiwani district,931,1348492
haryana,2022,2,sirsa district,476,822260
haryana,2022,2,mewat district,318,430238
haryana,2022,2,panipat district,1030,1355321
haryana,2022,2,gurugram district,6554,7627997
haryana,2022,2,kaithal district,495,633675
haryana,2022,2,kurukshetra district,573,771908
haryana,2022,2,jhajjar district,987,1449163
haryana,2022,3,yamunanagar district,720,1041481
haryana,2022,3,sonipat district,1657,2565808
haryana,2022,3,jind district,1006,1332327
haryana,2022,3,rohtak district,1242,1806212
haryana,2022,3,faridabad district,4789,5313116
haryana,2022,3,mahendragarh district,1139,1402381
haryana,2022,3,hisar district,1516,2224226
haryana,2022,3,karnal district,1150,1799811
haryana,2022,3,fatehabad district,494,827400
haryana,2022,3,palwal district,917,1243503
haryana,2022,3,charkhi dadri district,370,495110
haryana,2022,3,ambala district,975,1462020
haryana,2022,3,rewari district,1838,2341723
haryana,2022,3,panchkula district,760,1148757
haryana,2022,3,bhiwani district,1147,1597842
haryana,2022,3,sirsa district,688,1182871
haryana,2022,3,mewat district,637,893202
haryana,2022,3,panipat district,1432,1773022
haryana,2022,3,gurugram district,10085,10744733
haryana,2022,3,kaithal district,654,890678
haryana,2022,3,kurukshetra district,679,1104792
haryana,2022,3,jhajjar district,1451,2211785
haryana,2022,4,yamunanagar district,725,1368909
haryana,2022,4,sonipat district,1969,3340650
haryana,2022,4,jind district,861,1461931
haryana,2022,4,rohtak district,1355,2305432
haryana,2022,4,faridabad district,5980,7492688
haryana,2022,4,mahendragarh district,1211,1666096
haryana,2022,4,hisar district,1413,2309773
haryana,2022,4,karnal district,1113,2024575
haryana,2022,4,fatehabad district,525,1002278
haryana,2022,4,palwal district,991,1456844
haryana,2022,4,charkhi dadri district,350,662919
haryana,2022,4,ambala district,924,1647332
haryana,2022,4,rewari district,1987,2881000
haryana,2022,4,panchkula district,824,1464209
haryana,2022,4,bhiwani district,1044,1887378
haryana,2022,4,sirsa district,654,1424465
haryana,2022,4,mewat district,481,747463
haryana,2022,4,panipat district,1375,2059529
haryana,2022,4,gurugram district,11347,14333166
haryana,2022,4,kaithal district,513,929535
haryana,2022,4,kurukshetra district,747,1447766
haryana,2022,4,jhajjar district,1582,2713177
haryana,2023,1,yamunanagar district,802,1436458
haryana,2023,1,sonipat district,1780,3324135
haryana,2023,1,jind district,789,1528474
haryana,2023,1,rohtak district,1273,2377291
haryana,2023,1,faridabad district,5728,7830067
haryana,2023,1,mahendragarh district,758,1487149
haryana,2023,1,hisar district,2090,3545685
haryana,2023,1,karnal district,1119,2173782
haryana,2023,1,fatehabad district,590,1371262
haryana,2023,1,palwal district,893,1673096
haryana,2023,1,charkhi dadri district,334,601389
haryana,2023,1,ambala district,1034,1859227
haryana,2023,1,rewari district,1988,3178735
haryana,2023,1,panchkula district,874,1618388
haryana,2023,1,bhiwani district,1033,1862883
haryana,2023,1,sirsa district,961,2155839
haryana,2023,1,mewat district,469,790181
haryana,2023,1,panipat district,1190,1891460
haryana,2023,1,gurugram district,10981,15057940
haryana,2023,1,kaithal district,524,1236444
haryana,2023,1,kurukshetra district,645,1354698
haryana,2023,1,jhajjar district,1432,2772611
haryana,2023,2,yamunanagar district,772,1409076
haryana,2023,2,sonipat district,2089,3563822
haryana,2023,2,jind district,871,1408897
haryana,2023,2,rohtak district,1425,2386384
haryana,2023,2,faridabad district,5775,7426519
haryana,2023,2,mahendragarh district,1007,1613165
haryana,2023,2,hisar district,2201,3727277
haryana,2023,2,karnal district,1185,2020785
haryana,2023,2,fatehabad district,581,1149250
haryana,2023,2,palwal district,969,1595403
haryana,2023,2,charkhi dadri district,425,693007
haryana,2023,2,ambala district,1312,2316706
haryana,2023,2,rewari district,2301,3295937
haryana,2023,2,panchkula district,830,1340391
haryana,2023,2,bhiwani district,1272,2111956
haryana,2023,2,sirsa district,852,1967431
haryana,2023,2,mewat district,495,870256
haryana,2023,2,panipat district,1548,2298671
haryana,2023,2,gurugram district,11759,15891257
haryana,2023,2,kaithal district,604,1081384
haryana,2023,2,kurukshetra district,754,1267099
haryana,2023,2,jhajjar district,1683,2751393
haryana,2023,3,yamunanagar district,797,1287150
haryana,2023,3,sonipat district,1998,3234041
haryana,2023,3,jind district,769,1375846
haryana,2023,3,rohtak district,1425,2349687
haryana,2023,3,faridabad district,6299,7830941
haryana,2023,3,mahendragarh district,1022,1729740
haryana,2023,3,hisar district,1931,3178279
haryana,2023,3,karnal district,1574,2126635
haryana,2023,3,fatehabad district,515,1068249
haryana,2023,3,palwal district,1012,1522507
haryana,2023,3,charkhi dadri district,465,771025
haryana,2023,3,ambala district,1143,1814206
haryana,2023,3,rewari district,2303,3251849
haryana,2023,3,panchkula district,1064,1764279
haryana,2023,3,bhiwani district,1187,1847464
haryana,2023,3,sirsa district,720,1489750
haryana,2023,3,mewat district,497,802467
haryana,2023,3,panipat district,1713,2369450
haryana,2023,3,gurugram district,13467,16796070
haryana,2023,3,kaithal district,578,1078099
haryana,2023,3,kurukshetra district,726,1423466
haryana,2023,3,jhajjar district,1610,2671111
haryana,2023,4,yamunanagar district,989,1946237
haryana,2023,4,sonipat district,2370,4304743
haryana,2023,4,jind district,1043,1848746
haryana,2023,4,rohtak district,1541,2892015
haryana,2023,4,faridabad district,7244,10321129
haryana,2023,4,mahendragarh district,1237,2323156
haryana,2023,4,hisar district,1999,3705402
haryana,2023,4,karnal district,1422,2515568
haryana,2023,4,fatehabad district,581,1453398
haryana,2023,4,palwal district,1345,2452791
haryana,2023,4,charkhi dadri district,481,952122
haryana,2023,4,ambala district,1266,2722928
haryana,2023,4,rewari district,2540,4615327
haryana,2023,4,panchkula district,899,2031089
haryana,2023,4,bhiwani district,1439,2523209
haryana,2023,4,sirsa district,846,2084219
haryana,2023,4,mewat district,674,1074004
haryana,2023,4,panipat district,1919,3130020
haryana,2023,4,gurugram district,14118,20950373
haryana,2023,4,kaithal district,665,1399682
haryana,2023,4,kurukshetra district,848,1894715
haryana,2023,4,jhajjar district,2040,3606286
haryana,2024,1,yamunanagar district,1088,2000216
haryana,2024,1,sonipat district,2578,4420850
haryana,2024,1,jind district,966,1904931
haryana,2024,1,rohtak district,1738,3167356
haryana,2024,1,faridabad district,7236,10275823
haryana,2024,1,mahendragarh district,1296,2059603
haryana,2024,1,hisar district,2257,4098922
haryana,2024,1,karnal district,1573,2899134
haryana,2024,1,fatehabad district,570,1223609
haryana,2024,1,palwal district,1488,2485930
haryana,2024,1,charkhi dadri district,478,774085
haryana,2024,1,ambala district,1271,2544180
haryana,2024,1,rewari district,3110,4640986
haryana,2024,1,panchkula district,955,1660620
haryana,2024,1,bhiwani district,1650,2866805
haryana,2024,1,sirsa district,1062,2518577
haryana,2024,1,mewat district,837,1002732
haryana,2024,1,panipat district,1875,2690679
haryana,2024,1,gurugram district,14505,21783690
haryana,2024,1,kaithal district,683,1431028
haryana,2024,1,kurukshetra district,885,1713758
haryana,2024,1,jhajjar district,2290,3652995
haryana,2024,2,yamunanagar district,1016,1765664
haryana,2024,2,sonipat district,2312,3912847
haryana,2024,2,jind district,975,1785327
haryana,2024,2,rohtak district,1651,3142822
haryana,2024,2,faridabad district,6154,8987725
haryana,2024,2,mahendragarh district,1360,2067112
haryana,2024,2,hisar district,2224,3926907
haryana,2024,2,karnal district,1343,2589266
haryana,2024,2,fatehabad district,637,1379979
haryana,2024,2,palwal district,1212,2151056
haryana,2024,2,charkhi dadri district,510,894887
haryana,2024,2,ambala district,1383,2595393
haryana,2024,2,rewari district,2772,4028981
haryana,2024,2,panchkula district,960,1980023
haryana,2024,2,bhiwani district,1544,2636029
haryana,2024,2,sirsa district,1029,2096128
haryana,2024,2,mewat district,693,1179911
haryana,2024,2,panipat district,1700,2446471
haryana,2024,2,gurugram district,12964,18926670
haryana,2024,2,kaithal district,690,1241812
haryana,2024,2,kurukshetra district,915,1601651
haryana,2024,2,jhajjar district,2041,3443218
haryana,2024,3,yamunanagar district,896,1603752
haryana,2024,3,sonipat district,2558,4389086
haryana,2024,3,jind district,968,1902638
haryana,2024,3,rohtak district,1733,3087076
haryana,2024,3,faridabad district,6523,9267676
haryana,2024,3,mahendragarh district,1326,2212434
haryana,2024,3,hisar district,2396,4055598
haryana,2024,3,karnal district,1307,2470164
haryana,2024,3,fatehabad district,660,1493009
haryana,2024,3,palwal district,1294,2208744
haryana,2024,3,charkhi dadri district,714,1136594
haryana,2024,3,ambala district,1295,2256135
haryana,2024,3,rewari district,3002,4363318
haryana,2024,3,panchkula district,1126,1931264
haryana,2024,3,bhiwani district,1635,2539565
haryana,2024,3,sirsa district,1006,2176866
haryana,2024,3,panipat district,1758,2639675
haryana,2024,3,nuh district,697,1146977
haryana,2024,3,gurugram district,14956,21502434
haryana,2024,3,kaithal district,706,1334272
haryana,2024,3,kurukshetra district,984,1864216
haryana,2024,3,jhajjar district,2195,3617149
haryana,2024,4,yamunanagar district,1131,1982069
haryana,2024,4,sonipat district,3330,5335496
haryana,2024,4,jind district,1126,2156026
haryana,2024,4,rohtak district,2112,3678163
haryana,2024,4,faridabad district,8261,11419458
haryana,2024,4,mahendragarh district,1591,2697906
haryana,2024,4,hisar district,2396,4349181
haryana,2024,4,karnal district,1497,2597479
haryana,2024,4,fatehabad district,734,1472253
haryana,2024,4,palwal district,1824,2933025
haryana,2024,4,charkhi dadri district,796,1397085
haryana,2024,4,ambala district,1449,2842321
haryana,2024,4,rewari district,4037,6018179
haryana,2024,4,panchkula district,1143,2092220
haryana,2024,4,bhiwani district,1693,2967792
haryana,2024,4,sirsa district,1166,2787279
haryana,2024,4,panipat district,2026,3004028
haryana,2024,4,nuh district,972,1283299
haryana,2024,4,gurugram district,16973,25145012
haryana,2024,4,kaithal district,885,1705356
haryana,2024,4,kurukshetra district,1036,1992708
haryana,2024,4,jhajjar district,2630,4460177
himachal-pradesh,2020,2,solan district,97,19714
himachal-pradesh,2020,2,sirmaur district,19,4111
himachal-pradesh,2020,2,shimla district,44,8364
himachal-pradesh,2020,2,bilaspur district,11,2712
himachal-pradesh,2020,2,hamirpur district,31,6714
himachal-pradesh,2020,2,una district,11,2651
himachal-pradesh,2020,2,kangra district,38,9269
himachal-pradesh,2020,2,kullu district,80,11543
himachal-pradesh,2020,2,mandi district,54,10723
himachal-pradesh,2020,2,chamba district,4,1447
himachal-pradesh,2020,2,kinnaur district,3,688
himachal-pradesh,2020,3,solan district,132,38040
himachal-pradesh,2020,3,sirmaur district,39,10928
himachal-pradesh,2020,3,shimla district,74,26993
himachal-pradesh,2020,3,bilaspur district,17,4750
himachal-pradesh,2020,3,hamirpur district,25,8139
himachal-pradesh,2020,3,una district,31,6127
himachal-pradesh,2020,3,kangra district,89,26682
himachal-pradesh,2020,3,kullu district,34,14714
himachal-pradesh,2020,3,mandi district,58,21176
himachal-pradesh,2020,3,lahul and spiti district,9,1719
himachal-pradesh,2020,3,chamba district,14,4150
himachal-pradesh,2020,3,kinnaur district,9,2141
himachal-pradesh,2020,4,solan district,162,88870
himachal-pradesh,2020,4,sirmaur district,50,47332
himachal-pradesh,2020,4,shimla district,74,57412
himachal-pradesh,2020,4,bilaspur district,19,16248
himachal-pradesh,2020,4,hamirpur district,59,57764
himachal-pradesh,2020,4,una district,51,48891
himachal-pradesh,2020,4,kangra district,153,166625
himachal-pradesh,2020,4,kullu district,19,14390
himachal-pradesh,2020,4,mandi district,73,83521
himachal-pradesh,2020,4,lahul and spiti district,3,1018
himachal-pradesh,2020,4,chamba district,29,20481
himachal-pradesh,2020,4,kinnaur district,18,28414
himachal-pradesh,2021,1,solan district,248,140127
himachal-pradesh,2021,1,sirmaur district,82,57506
himachal-pradesh,2021,1,shimla district,97,96526
himachal-pradesh,2021,1,bilaspur district,43,38469
himachal-pradesh,2021,1,hamirpur district,84,121562
himachal-pradesh,2021,1,una district,67,61213
himachal-pradesh,2021,1,kangra district,214,225446
himachal-pradesh,2021,1,kullu district,58,22094
himachal-pradesh,2021,1,mandi district,116,82328
himachal-pradesh,2021,1,lahul and spiti district,4,10490
himachal-pradesh,2021,1,chamba district,41,44528
himachal-pradesh,2021,1,kinnaur district,10,6203
himachal-pradesh,2021,2,solan district,243,196231
himachal-pradesh,2021,2,sirmaur district,107,115857
himachal-pradesh,2021,2,shimla district,117,118778
himachal-pradesh,2021,2,bilaspur district,68,66886
himachal-pradesh,2021,2,hamirpur district,86,146075
himachal-pradesh,2021,2,una district,65,86930
himachal-pradesh,2021,2,kangra district,233,344261
himachal-pradesh,2021,2,kullu district,75,45639
himachal-pradesh,2021,2,mandi district,135,197249
himachal-pradesh,2021,2,lahul and spiti district,7,10582
himachal-pradesh,2021,2,chamba district,59,60257
himachal-pradesh,2021,2,kinnaur district,15,13593
himachal-pradesh,2021,3,solan district,391,390500
himachal-pradesh,2021,3,sirmaur district,133,167321
himachal-pradesh,2021,3,shimla district,137,189891
himachal-pradesh,2021,3,bilaspur district,97,143442
himachal-pradesh,2021,3,hamirpur district,133,198322
himachal-pradesh,2021,3,una district,95,174175
himachal-pradesh,2021,3,kangra district,362,662048
himachal-pradesh,2021,3,kullu district,168,138495
himachal-pradesh,2021,3,mandi district,125,200257
himachal-pradesh,2021,3,lahul and spiti district,10,25448
himachal-pradesh,2021,3,chamba district,87,119346
himachal-pradesh,2021,3,kinnaur district,21,35300
himachal-pradesh,2021,4,solan district,506,677171
himachal-pradesh,2021,4,sirmaur district,196,327046
himachal-pradesh,2021,4,shimla district,192,487857
himachal-pradesh,2021,4,bilaspur district,116,195467
himachal-pradesh,2021,4,hamirpur district,234,454797
himachal-pradesh,2021,4,una district,245,489125
himachal-pradesh,2021,4,kangra district,535,1087881
himachal-pradesh,2021,4,kullu district,97,207502
himachal-pradesh,2021,4,mandi district,216,461966
himachal-pradesh,2021,4,lahul and spiti district,6,14475
himachal-pradesh,2021,4,chamba district,96,184684
himachal-pradesh,2021,4,kinnaur district,35,79690
himachal-pradesh,2022,1,solan district,552,852367
himachal-pradesh,2022,1,sirmaur district,253,503526
himachal-pradesh,2022,1,shimla district,180,482453
himachal-pradesh,2022,1,bilaspur district,108,196856
himachal-pradesh,2022,1,hamirpur district,312,604752
himachal-pradesh,2022,1,una district,198,383701
himachal-pradesh,2022,1,kangra district,674,1204389
himachal-pradesh,2022,1,kullu district,101,184037
himachal-pradesh,2022,1,mandi district,189,424112
himachal-pradesh,2022,1,lahul and spiti district,9,26969
himachal-pradesh,2022,1,chamba district,165,277194
himachal-pradesh,2022,1,kinnaur district,27,94383
himachal-pradesh,2022,2,solan district,556,859012
himachal-pradesh,2022,2,sirmaur district,218,341033
himachal-pradesh,2022,2,shimla district,221,489594
himachal-pradesh,2022,2,bilaspur district,93,213842
himachal-pradesh,2022,2,hamirpur district,239,479368
himachal-pradesh,2022,2,una district,230,450565
himachal-pradesh,2022,2,kangra district,669,1348463
himachal-pradesh,2022,2,kullu district,159,305767
himachal-pradesh,2022,2,mandi district,251,500409
himachal-pradesh,2022,2,lahul and spiti district,18,52942
himachal-pradesh,2022,2,chamba district,154,274749
himachal-pradesh,2022,2,kinnaur district,23,55334
himachal-pradesh,2022,3,solan district,805,1176468
himachal-pradesh,2022,3,sirmaur district,322,498374
himachal-pradesh,2022,3,shimla district,295,570328
himachal-pradesh,2022,3,bilaspur district,138,266328
himachal-pradesh,2022,3,hamirpur district,301,550440
himachal-pradesh,2022,3,una district,230,358128
himachal-pradesh,2022,3,kangra district,823,1348052
himachal-pradesh,2022,3,kullu district,156,300504
himachal-pradesh,2022,3,mandi district,293,588312
himachal-pradesh,2022,3,lahul and spiti district,12,42943
himachal-pradesh,2022,3,chamba district,217,379656
himachal-pradesh,2022,3,kinnaur district,49,82159
himachal-pradesh,2022,4,solan district,1009,1741427
himachal-pradesh,2022,4,sirmaur district,432,710927
himachal-pradesh,2022,4,shimla district,341,854465
himachal-pradesh,2022,4,bilaspur district,174,346816
himachal-pradesh,2022,4,hamirpur district,359,728113
himachal-pradesh,2022,4,una district,353,682027
himachal-pradesh,2022,4,kangra district,1085,2218111
himachal-pradesh,2022,4,kullu district,175,371574
himachal-pradesh,2022,4,mandi district,310,725635
himachal-pradesh,2022,4,lahul and spiti district,25,80169
himachal-pradesh,2022,4,chamba district,249,459421
himachal-pradesh,2022,4,kinnaur district,53,141751
himachal-pradesh,2023,1,solan district,812,1428093
himachal-pradesh,2023,1,sirmaur district,375,732159
himachal-pradesh,2023,1,shimla district,334,801571
himachal-pradesh,2023,1,bilaspur district,108,212666
himachal-pradesh,2023,1,hamirpur district,350,684183
himachal-pradesh,2023,1,una district,253,621486
himachal-pradesh,2023,1,kangra district,950,1883388
himachal-pradesh,2023,1,kullu district,189,310035
himachal-pradesh,2023,1,mandi district,264,633837
himachal-pradesh,2023,1,lahul and spiti district,1,5870
himachal-pradesh,2023,1,chamba district,242,418898
himachal-pradesh,2023,1,kinnaur district,31,93947
himachal-pradesh,2023,2,solan district,878,1427609
himachal-pradesh,2023,2,sirmaur district,289,518018
himachal-pradesh,2023,2,shimla district,351,883035
himachal-pradesh,2023,2,bilaspur district,144,317410
himachal-pradesh,2023,2,hamirpur district,371,718811
himachal-pradesh,2023,2,una district,299,645275
himachal-pradesh,2023,2,kangra district,979,2087628
himachal-pradesh,2023,2,kullu district,227,566436
himachal-pradesh,2023,2,mandi district,373,750098
himachal-pradesh,2023,2,lahul and spiti district,21,64814
himachal-pradesh,2023,2,chamba district,229,406428
himachal-pradesh,2023,2,kinnaur district,36,113863
himachal-pradesh,2023,3,solan district,825,1315793
himachal-pradesh,2023,3,sirmaur district,347,642000
himachal-pradesh,2023,3,shimla district,264,718409
himachal-pradesh,2023,3,bilaspur district,141,345402
himachal-pradesh,2023,3,hamirpur district,375,780271
himachal-pradesh,2023,3,una district,276,506882
himachal-pradesh,2023,3,kangra district,998,2023047
himachal-pradesh,2023,3,kullu district,133,306144
himachal-pradesh,2023,3,mandi district,303,659502
himachal-pradesh,2023,3,lahul and spiti district,22,116767
himachal-pradesh,2023,3,chamba district,202,333469
himachal-pradesh,2023,3,kinnaur district,49,122081
himachal-pradesh,2023,4,solan district,1075,2115674
himachal-pradesh,2023,4,sirmaur district,460,988869
himachal-pradesh,2023,4,shimla district,373,1041293
himachal-pradesh,2023,4,bilaspur district,185,478990
himachal-pradesh,2023,4,hamirpur district,437,976800
himachal-pradesh,2023,4,una district,381,917948
himachal-pradesh,2023,4,kangra district,1319,3070701
himachal-pradesh,2023,4,kullu district,205,555859
himachal-pradesh,2023,4,mandi district,430,1051722
himachal-pradesh,2023,4,lahul and spiti district,16,36318
himachal-pradesh,2023,4,chamba district,287,512946
himachal-pradesh,2023,4,kinnaur district,43,151704
himachal-pradesh,2024,1,solan district,1127,1883899
himachal-pradesh,2024,1,sirmaur district,519,923526
himachal-pradesh,2024,1,shimla district,405,923693
himachal-pradesh,2024,1,bilaspur district,195,429266
himachal-pradesh,2024,1,hamirpur district,451,869363
himachal-pradesh,2024,1,una district,371,817480
himachal-pradesh,2024,1,kangra district,1303,2449390
himachal-pradesh,2024,1,kullu district,270,545030
himachal-pradesh,2024,1,mandi district,404,937473
himachal-pradesh,2024,1,lahul and spiti district,11,11488
himachal-pradesh,2024,1,chamba district,340,559835
himachal-pradesh,2024,1,kinnaur district,34,82811
himachal-pradesh,2024,2,solan district,1001,1677733
himachal-pradesh,2024,2,sirmaur district,397,804090
himachal-pradesh,2024,2,shimla district,444,1032380
himachal-pradesh,2024,2,bilaspur district,204,454795
himachal-pradesh,2024,2,hamirpur district,416,777099
himachal-pradesh,2024,2,una district,325,624562
himachal-pradesh,2024,2,kangra district,1292,2408760
himachal-pradesh,2024,2,kullu district,272,548077
himachal-pradesh,2024,2,mandi district,438,921989
himachal-pradesh,2024,2,lahul and spiti district,18,49194
himachal-pradesh,2024,2,chamba district,330,535510
himachal-pradesh,2024,2,kinnaur district,57,174516
himachal-pradesh,2024,3,solan district,1024,1885481
himachal-pradesh,2024,3,sirmaur district,464,790427
himachal-pradesh,2024,3,shimla district,402,999227
himachal-pradesh,2024,3,bilaspur district,186,409446
himachal-pradesh,2024,3,hamirpur district,495,920841
himachal-pradesh,2024,3,una district,367,763355
himachal-pradesh,2024,3,kangra district,1280,2577841
himachal-pradesh,2024,3,lahaul and spiti district,37,68112
himachal-pradesh,2024,3,kullu district,210,500823
himachal-pradesh,2024,3,mandi district,469,988997
himachal-pradesh,2024,3,chamba district,294,538361
himachal-pradesh,2024,3,kinnaur district,44,96088
himachal-pradesh,2024,4,solan district,1311,2240286
himachal-pradesh,2024,4,sirmaur district,488,1033480
himachal-pradesh,2024,4,shimla district,569,1416469
himachal-pradesh,2024,4,bilaspur district,267,662116
himachal-pradesh,2024,4,hamirpur district,620,1310194
himachal-pradesh,2024,4,una district,505,1250921
himachal-pradesh,2024,4,kangra district,1686,3420558
himachal-pradesh,2024,4,lahaul and spiti district,36,123376
himachal-pradesh,2024,4,kullu district,257,558743
himachal-pradesh,2024,4,mandi district,521,1111164
himachal-pradesh,2024,4,chamba district,377,761585
himachal-pradesh,2024,4,kinnaur district,60,201631
jammu-&-kashmir,2020,2,doda district,4,693
jammu-&-kashmir,2020,2,samba district,12,2538
jammu-&-kashmir,2020,2,srinagar district,13,3764
jammu-&-kashmir,2020,2,baramulla district,8,2309
jammu-&-kashmir,2020,2,jammu district,90,20793
jammu-&-kashmir,2020,2,ganderbal district,1,231
jammu-&-kashmir,2020,2,udhampur district,15,3721
jammu-&-kashmir,2020,2,bandipore district,1,226
jammu-&-kashmir,2020,2,reasi district,7,1356
jammu-&-kashmir,2020,2,kathua district,9,2171
jammu-&-kashmir,2020,2,kishtwar district,5,1027
jammu-&-kashmir,2020,2,pulwama district,6,1637
jammu-&-kashmir,2020,2,ramban district,4,1401
jammu-&-kashmir,2020,2,rajouri district,10,1961
jammu-&-kashmir,2020,2,kulgam district,1,231
jammu-&-kashmir,2020,2,budgam district,4,1699
jammu-&-kashmir,2020,2,anantnag district,5,1057
jammu-&-kashmir,2020,2,kupwara district,11,1669
jammu-&-kashmir,2020,3,doda district,7,1095
jammu-&-kashmir,2020,3,samba district,26,7652
jammu-&-kashmir,2020,3,srinagar district,37,12500
jammu-&-kashmir,2020,3,baramulla district,31,7873
jammu-&-kashmir,2020,3,jammu district,178,57768
jammu-&-kashmir,2020,3,ganderbal district,7,2398
jammu-&-kashmir,2020,3,udhampur district,15,2284
jammu-&-kashmir,2020,3,bandipore district,4,761
jammu-&-kashmir,2020,3,reasi district,14,5059
jammu-&-kashmir,2020,3,shopian district,3,383
jammu-&-kashmir,2020,3,poonch district,3,1058
jammu-&-kashmir,2020,3,kathua district,25,6856
jammu-&-kashmir,2020,3,kishtwar district,1,166
jammu-&-kashmir,2020,3,pulwama district,11,2994
jammu-&-kashmir,2020,3,ramban district,10,3343
jammu-&-kashmir,2020,3,rajouri district,18,4443
jammu-&-kashmir,2020,3,kulgam district,5,3014
jammu-&-kashmir,2020,3,budgam district,23,6888
jammu-&-kashmir,2020,3,anantnag district,8,1194
jammu-&-kashmir,2020,3,kupwara district,15,5610
jammu-&-kashmir,2020,4,doda district,9,10047
jammu-&-kashmir,2020,4,samba district,55,52801
jammu-&-kashmir,2020,4,mirpur district,2,2612
jammu-&-kashmir,2020,4,srinagar district,48,71117
jammu-&-kashmir,2020,4,baramulla district,29,26838
jammu-&-kashmir,2020,4,jammu district,220,234831
jammu-&-kashmir,2020,4,ganderbal district,7,11507
jammu-&-kashmir,2020,4,udhampur district,39,38569
jammu-&-kashmir,2020,4,bandipore district,8,6649
jammu-&-kashmir,2020,4,reasi district,34,26958
jammu-&-kashmir,2020,4,shopian district,2,5368
jammu-&-kashmir,2020,4,poonch district,23,26902
jammu-&-kashmir,2020,4,kathua district,42,48827
jammu-&-kashmir,2020,4,kishtwar district,6,16741
jammu-&-kashmir,2020,4,pulwama district,14,17539
jammu-&-kashmir,2020,4,ramban district,9,7703
jammu-&-kashmir,2020,4,rajouri district,19,12775
jammu-&-kashmir,2020,4,kulgam district,6,15663
jammu-&-kashmir,2020,4,budgam district,26,47506
jammu-&-kashmir,2020,4,anantnag district,23,32801
jammu-&-kashmir,2020,4,kupwara district,26,21107
jammu-&-kashmir,2021,1,muzaffarabad district,2,835
jammu-&-kashmir,2021,1,doda district,15,16399
jammu-&-kashmir,2021,1,samba district,53,70708
jammu-&-kashmir,2021,1,mirpur district,2,3853
jammu-&-kashmir,2021,1,srinagar district,53,89002
jammu-&-kashmir,2021,1,baramulla district,33,22277
jammu-&-kashmir,2021,1,jammu district,330,366886
jammu-&-kashmir,2021,1,ganderbal district,168,244079
jammu-&-kashmir,2021,1,udhampur district,49,58092
jammu-&-kashmir,2021,1,bandipore district,45,117749
jammu-&-kashmir,2021,1,reasi district,20,37520
jammu-&-kashmir,2021,1,shopian district,16,52181
jammu-&-kashmir,2021,1,poonch district,21,24190
jammu-&-kashmir,2021,1,kathua district,74,114276
jammu-&-kashmir,2021,1,kishtwar district,8,909
jammu-&-kashmir,2021,1,pulwama district,38,51363
jammu-&-kashmir,2021,1,ramban district,14,31961
jammu-&-kashmir,2021,1,rajouri district,34,31011
jammu-&-kashmir,2021,1,kulgam district,13,27494
jammu-&-kashmir,2021,1,budgam district,38,48723
jammu-&-kashmir,2021,1,anantnag district,46,90513
jammu-&-kashmir,2021,1,kupwara district,33,46267
jammu-&-kashmir,2021,2,doda district,23,43898
jammu-&-kashmir,2021,2,samba district,65,100030
jammu-&-kashmir,2021,2,mirpur district,1,4956
jammu-&-kashmir,2021,2,srinagar district,70,92975
jammu-&-kashmir,2021,2,baramulla district,36,56117
jammu-&-kashmir,2021,2,jammu district,371,621718
jammu-&-kashmir,2021,2,ganderbal district,134,78764
jammu-&-kashmir,2021,2,udhampur district,71,114207
jammu-&-kashmir,2021,2,bandipore district,39,58097
jammu-&-kashmir,2021,2,reasi district,33,46716
jammu-&-kashmir,2021,2,shopian district,9,27915
jammu-&-kashmir,2021,2,poonch district,17,29030
jammu-&-kashmir,2021,2,kathua district,85,144589
jammu-&-kashmir,2021,2,kishtwar district,16,11972
jammu-&-kashmir,2021,2,pulwama district,42,82595
jammu-&-kashmir,2021,2,ramban district,13,15378
jammu-&-kashmir,2021,2,rajouri district,40,61758
jammu-&-kashmir,2021,2,kulgam district,11,25961
jammu-&-kashmir,2021,2,budgam district,41,73783
jammu-&-kashmir,2021,2,anantnag district,38,66008
jammu-&-kashmir,2021,2,kupwara district,42,75622
jammu-&-kashmir,2021,3,muzaffarabad district,2,1419
jammu-&-kashmir,2021,3,doda district,26,37163
jammu-&-kashmir,2021,3,samba district,98,168234
jammu-&-kashmir,2021,3,mirpur district,4,8265
jammu-&-kashmir,2021,3,srinagar district,74,147231
jammu-&-kashmir,2021,3,baramulla district,39,57845
jammu-&-kashmir,2021,3,jammu district,475,624158
jammu-&-kashmir,2021,3,ganderbal district,18,26384
jammu-&-kashmir,2021,3,udhampur district,94,170249
jammu-&-kashmir,2021,3,bandipore district,18,56848
jammu-&-kashmir,2021,3,reasi district,37,61064
jammu-&-kashmir,2021,3,shopian district,50,47443
jammu-&-kashmir,2021,3,poonch district,16,19141
jammu-&-kashmir,2021,3,kathua district,92,134313
jammu-&-kashmir,2021,3,kishtwar district,17,32838
jammu-&-kashmir,2021,3,pulwama district,118,86114
jammu-&-kashmir,2021,3,ramban district,18,40117
jammu-&-kashmir,2021,3,rajouri district,39,61196
jammu-&-kashmir,2021,3,kulgam district,24,60071
jammu-&-kashmir,2021,3,budgam district,84,115627
jammu-&-kashmir,2021,3,anantnag district,79,135519
jammu-&-kashmir,2021,3,kupwara district,30,47894
jammu-&-kashmir,2021,4,doda district,25,53510
jammu-&-kashmir,2021,4,samba district,150,298729
jammu-&-kashmir,2021,4,mirpur district,3,5203
jammu-&-kashmir,2021,4,srinagar district,193,460213
jammu-&-kashmir,2021,4,baramulla district,70,155381
jammu-&-kashmir,2021,4,jammu district,918,1563386
jammu-&-kashmir,2021,4,ganderbal district,43,83757
jammu-&-kashmir,2021,4,udhampur district,108,174710
jammu-&-kashmir,2021,4,bandipore district,29,64569
jammu-&-kashmir,2021,4,reasi district,64,109941
jammu-&-kashmir,2021,4,shopian district,154,170478
jammu-&-kashmir,2021,4,poonch district,57,107585
jammu-&-kashmir,2021,4,kathua district,151,264155
jammu-&-kashmir,2021,4,kishtwar district,29,69915
jammu-&-kashmir,2021,4,pulwama district,115,214708
jammu-&-kashmir,2021,4,ramban district,30,86266
jammu-&-kashmir,2021,4,rajouri district,81,171652
jammu-&-kashmir,2021,4,kulgam district,48,148267
jammu-&-kashmir,2021,4,budgam district,628,483043
jammu-&-kashmir,2021,4,anantnag district,155,414820
jammu-&-kashmir,2021,4,kupwara district,62,123029
jammu-&-kashmir,2022,1,doda district,66,200819
jammu-&-kashmir,2022,1,samba district,141,336914
jammu-&-kashmir,2022,1,mirpur district,2,5326
jammu-&-kashmir,2022,1,srinagar district,399,734819
jammu-&-kashmir,2022,1,baramulla district,171,348488
jammu-&-kashmir,2022,1,jammu district,974,1927670
jammu-&-kashmir,2022,1,ganderbal district,38,85839
jammu-&-kashmir,2022,1,udhampur district,142,306421
jammu-&-kashmir,2022,1,bandipore district,50,153502
jammu-&-kashmir,2022,1,reasi district,69,165808
jammu-&-kashmir,2022,1,shopian district,119,223541
jammu-&-kashmir,2022,1,poonch district,42,88435
jammu-&-kashmir,2022,1,kathua district,184,442387
jammu-&-kashmir,2022,1,kishtwar district,33,78143
jammu-&-kashmir,2022,1,pulwama district,265,464390
jammu-&-kashmir,2022,1,ramban district,32,109268
jammu-&-kashmir,2022,1,rajouri district,72,171099
jammu-&-kashmir,2022,1,kulgam district,94,239998
jammu-&-kashmir,2022,1,budgam district,252,394334
jammu-&-kashmir,2022,1,anantnag district,356,523325
jammu-&-kashmir,2022,1,kupwara district,83,243741
jammu-&-kashmir,2022,2,muzaffarabad district,3,6048
jammu-&-kashmir,2022,2,doda district,72,187923
jammu-&-kashmir,2022,2,samba district,208,380723
jammu-&-kashmir,2022,2,mirpur district,7,8857
jammu-&-kashmir,2022,2,srinagar district,528,967474
jammu-&-kashmir,2022,2,baramulla district,180,366809
jammu-&-kashmir,2022,2,jammu district,1181,1988901
jammu-&-kashmir,2022,2,ganderbal district,38,79233
jammu-&-kashmir,2022,2,udhampur district,193,322630
jammu-&-kashmir,2022,2,bandipore district,46,126244
jammu-&-kashmir,2022,2,reasi district,88,136751
jammu-&-kashmir,2022,2,shopian district,75,172190
jammu-&-kashmir,2022,2,poonch district,81,144338
jammu-&-kashmir,2022,2,kathua district,204,445358
jammu-&-kashmir,2022,2,kishtwar district,50,100544
jammu-&-kashmir,2022,2,pulwama district,199,408613
jammu-&-kashmir,2022,2,ramban district,37,106990
jammu-&-kashmir,2022,2,rajouri district,111,235383
jammu-&-kashmir,2022,2,kulgam district,106,220085
jammu-&-kashmir,2022,2,budgam district,259,512454
jammu-&-kashmir,2022,2,anantnag district,263,539003
jammu-&-kashmir,2022,2,kupwara district,142,273241
jammu-&-kashmir,2022,3,muzaffarabad district,1,56
jammu-&-kashmir,2022,3,doda district,115,211141
jammu-&-kashmir,2022,3,samba district,292,442303
jammu-&-kashmir,2022,3,mirpur district,20,24984
jammu-&-kashmir,2022,3,srinagar district,504,908586
jammu-&-kashmir,2022,3,baramulla district,131,268011
jammu-&-kashmir,2022,3,jammu district,1674,2443103
jammu-&-kashmir,2022,3,ganderbal district,50,99812
jammu-&-kashmir,2022,3,udhampur district,266,394002
jammu-&-kashmir,2022,3,bandipore district,52,140927
jammu-&-kashmir,2022,3,reasi district,140,247331
jammu-&-kashmir,2022,3,shopian district,59,90368
jammu-&-kashmir,2022,3,poonch district,79,172947
jammu-&-kashmir,2022,3,kathua district,342,529015
jammu-&-kashmir,2022,3,kishtwar district,64,163254
jammu-&-kashmir,2022,3,pulwama district,162,308696
jammu-&-kashmir,2022,3,ramban district,58,126047
jammu-&-kashmir,2022,3,rajouri district,139,303672
jammu-&-kashmir,2022,3,kulgam district,73,196641
jammu-&-kashmir,2022,3,budgam district,251,519645
jammu-&-kashmir,2022,3,anantnag district,219,442368
jammu-&-kashmir,2022,3,kupwara district,103,248917
jammu-&-kashmir,2022,4,muzaffarabad district,3,9604
jammu-&-kashmir,2022,4,doda district,118,266240
jammu-&-kashmir,2022,4,samba district,356,656320
jammu-&-kashmir,2022,4,mirpur district,25,51068
jammu-&-kashmir,2022,4,srinagar district,471,926220
jammu-&-kashmir,2022,4,baramulla district,171,452532
jammu-&-kashmir,2022,4,jammu district,1879,3260604
jammu-&-kashmir,2022,4,ganderbal district,38,82168
jammu-&-kashmir,2022,4,udhampur district,286,561757
jammu-&-kashmir,2022,4,bandipore district,54,140579
jammu-&-kashmir,2022,4,reasi district,124,240637
jammu-&-kashmir,2022,4,shopian district,59,173169
jammu-&-kashmir,2022,4,poonch district,88,213470
jammu-&-kashmir,2022,4,kathua district,254,545133
jammu-&-kashmir,2022,4,kishtwar district,62,97461
jammu-&-kashmir,2022,4,pulwama district,183,400652
jammu-&-kashmir,2022,4,ramban district,40,97082
jammu-&-kashmir,2022,4,rajouri district,167,352179
jammu-&-kashmir,2022,4,kulgam district,81,182823
jammu-&-kashmir,2022,4,budgam district,186,484368
jammu-&-kashmir,2022,4,anantnag district,273,607958
jammu-&-kashmir,2022,4,kupwara district,113,309159
jammu-&-kashmir,2023,1,muzaffarabad district,3,3988
jammu-&-kashmir,2023,1,doda district,96,225252
jammu-&-kashmir,2023,1,samba district,277,599467
jammu-&-kashmir,2023,1,mirpur district,12,27903
jammu-&-kashmir,2023,1,srinagar district,470,1055223
jammu-&-kashmir,2023,1,baramulla district,147,422741
jammu-&-kashmir,2023,1,jammu district,1657,3092481
jammu-&-kashmir,2023,1,ganderbal district,49,128223
jammu-&-kashmir,2023,1,udhampur district,238,544808
jammu-&-kashmir,2023,1,bandipore district,67,196095
jammu-&-kashmir,2023,1,reasi district,120,277347
jammu-&-kashmir,2023,1,shopian district,69,209705
jammu-&-kashmir,2023,1,poonch district,89,149158
jammu-&-kashmir,2023,1,kathua district,224,506261
jammu-&-kashmir,2023,1,kishtwar district,72,168872
jammu-&-kashmir,2023,1,pulwama district,148,381535
jammu-&-kashmir,2023,1,ramban district,39,118120
jammu-&-kashmir,2023,1,rajouri district,104,246115
jammu-&-kashmir,2023,1,kulgam district,113,374422
jammu-&-kashmir,2023,1,budgam district,201,561024
jammu-&-kashmir,2023,1,anantnag district,250,657402
jammu-&-kashmir,2023,1,kupwara district,110,329735
jammu-&-kashmir,2023,2,muzaffarabad district,1,6952
jammu-&-kashmir,2023,2,doda district,143,310246
jammu-&-kashmir,2023,2,samba district,332,644903
jammu-&-kashmir,2023,2,mirpur district,15,29201
jammu-&-kashmir,2023,2,srinagar district,683,1303991
jammu-&-kashmir,2023,2,baramulla district,215,592287
jammu-&-kashmir,2023,2,jammu district,1710,3178077
jammu-&-kashmir,2023,2,ganderbal district,69,169949
jammu-&-kashmir,2023,2,udhampur district,276,517843
jammu-&-kashmir,2023,2,bandipore district,59,131745
jammu-&-kashmir,2023,2,reasi district,129,259277
jammu-&-kashmir,2023,2,shopian district,74,190895
jammu-&-kashmir,2023,2,poonch district,99,204724
jammu-&-kashmir,2023,2,kathua district,263,596557
jammu-&-kashmir,2023,2,kishtwar district,57,113660
jammu-&-kashmir,2023,2,pulwama district,170,435195
jammu-&-kashmir,2023,2,ramban district,51,90890
jammu-&-kashmir,2023,2,rajouri district,134,359591
jammu-&-kashmir,2023,2,kulgam district,143,316687
jammu-&-kashmir,2023,2,budgam district,275,617323
jammu-&-kashmir,2023,2,anantnag district,219,549864
jammu-&-kashmir,2023,2,kupwara district,145,354982
jammu-&-kashmir,2023,3,doda district,140,307395
jammu-&-kashmir,2023,3,samba district,289,642825
jammu-&-kashmir,2023,3,mirpur district,22,71881
jammu-&-kashmir,2023,3,srinagar district,583,1097144
jammu-&-kashmir,2023,3,baramulla district,197,510511
jammu-&-kashmir,2023,3,jammu district,1802,2956782
jammu-&-kashmir,2023,3,ganderbal district,64,174877
jammu-&-kashmir,2023,3,udhampur district,321,537296
jammu-&-kashmir,2023,3,bandipore district,69,144739
jammu-&-kashmir,2023,3,reasi district,137,289816
jammu-&-kashmir,2023,3,shopian district,61,118915
jammu-&-kashmir,2023,3,poonch district,147,342884
jammu-&-kashmir,2023,3,kathua district,332,661848
jammu-&-kashmir,2023,3,kishtwar district,110,251088
jammu-&-kashmir,2023,3,pulwama district,176,445019
jammu-&-kashmir,2023,3,ramban district,83,258748
jammu-&-kashmir,2023,3,rajouri district,163,355757
jammu-&-kashmir,2023,3,kulgam district,79,222947
jammu-&-kashmir,2023,3,budgam district,316,636758
jammu-&-kashmir,2023,3,anantnag district,232,614771
jammu-&-kashmir,2023,3,kupwara district,130,333873
jammu-&-kashmir,2023,4,doda district,189,409244
jammu-&-kashmir,2023,4,samba district,402,894382
jammu-&-kashmir,2023,4,mirpur district,26,65653
jammu-&-kashmir,2023,4,srinagar district,537,1200208
jammu-&-kashmir,2023,4,baramulla district,197,547589
jammu-&-kashmir,2023,4,jammu district,2185,4418006
jammu-&-kashmir,2023,4,ganderbal district,47,94791
jammu-&-kashmir,2023,4,udhampur district,450,883613
jammu-&-kashmir,2023,4,bandipore district,63,159820
jammu-&-kashmir,2023,4,reasi district,171,400644
jammu-&-kashmir,2023,4,shopian district,55,175492
jammu-&-kashmir,2023,4,poonch district,144,358098
jammu-&-kashmir,2023,4,kathua district,445,915976
jammu-&-kashmir,2023,4,kishtwar district,137,269578
jammu-&-kashmir,2023,4,pulwama district,142,377116
jammu-&-kashmir,2023,4,ramban district,77,195756
jammu-&-kashmir,2023,4,rajouri district,226,468990
jammu-&-kashmir,2023,4,kulgam district,110,316316
jammu-&-kashmir,2023,4,budgam district,278,678542
jammu-&-kashmir,2023,4,anantnag district,223,695092
jammu-&-kashmir,2023,4,kupwara district,160,407403
jammu-&-kashmir,2024,1,muzaffarabad district,1,5516
jammu-&-kashmir,2024,1,doda district,171,387272
jammu-&-kashmir,2024,1,samba district,392,775248
jammu-&-kashmir,2024,1,mirpur district,29,53282
jammu-&-kashmir,2024,1,srinagar district,709,1399799
jammu-&-kashmir,2024,1,baramulla district,349,848069
jammu-&-kashmir,2024,1,jammu district,2285,4279724
jammu-&-kashmir,2024,1,ganderbal district,104,213933
jammu-&-kashmir,2024,1,udhampur district,420,746405
jammu-&-kashmir,2024,1,bandipore district,94,209085
jammu-&-kashmir,2024,1,reasi district,261,390942
jammu-&-kashmir,2024,1,shopian district,106,271590
jammu-&-kashmir,2024,1,poonch district,190,386811
jammu-&-kashmir,2024,1,kathua district,426,806125
jammu-&-kashmir,2024,1,kishtwar district,143,277335
jammu-&-kashmir,2024,1,pulwama district,241,575610
jammu-&-kashmir,2024,1,ramban district,92,136451
jammu-&-kashmir,2024,1,rajouri district,225,469337
jammu-&-kashmir,2024,1,kulgam district,162,412906
jammu-&-kashmir,2024,1,budgam district,333,755256
jammu-&-kashmir,2024,1,anantnag district,369,836595
jammu-&-kashmir,2024,1,kupwara district,211,457891
jammu-&-kashmir,2024,2,muzaffarabad district,2,3179
jammu-&-kashmir,2024,2,doda district,228,460236
jammu-&-kashmir,2024,2,samba district,392,728182
jammu-&-kashmir,2024,2,mirpur district,21,32846
jammu-&-kashmir,2024,2,srinagar district,737,1484156
jammu-&-kashmir,2024,2,baramulla district,353,729995
jammu-&-kashmir,2024,2,jammu district,2025,3825224
jammu-&-kashmir,2024,2,ganderbal district,126,190590
jammu-&-kashmir,2024,2,udhampur district,459,849237
jammu-&-kashmir,2024,2,bandipore district,96,194767
jammu-&-kashmir,2024,2,reasi district,172,301149
jammu-&-kashmir,2024,2,shopian district,122,312659
jammu-&-kashmir,2024,2,poonch district,196,382908
jammu-&-kashmir,2024,2,kathua district,381,635565
jammu-&-kashmir,2024,2,kishtwar district,133,225986
jammu-&-kashmir,2024,2,pulwama district,270,634847
jammu-&-kashmir,2024,2,ramban district,112,252028
jammu-&-kashmir,2024,2,rajouri district,283,562851
jammu-&-kashmir,2024,2,kulgam district,195,414549
jammu-&-kashmir,2024,2,budgam district,404,754974
jammu-&-kashmir,2024,2,anantnag district,431,752310
jammu-&-kashmir,2024,2,kupwara district,259,509469
jammu-&-kashmir,2024,3,muzaffarabad district,1,1057
jammu-&-kashmir,2024,3,doda district,189,486398
jammu-&-kashmir,2024,3,samba district,440,859054
jammu-&-kashmir,2024,3,mirpur district,1,3049
jammu-&-kashmir,2024,3,srinagar district,776,1629149
jammu-&-kashmir,2024,3,baramulla district,285,598621
jammu-&-kashmir,2024,3,jammu district,2214,4321501
jammu-&-kashmir,2024,3,ganderbal district,224,289842
jammu-&-kashmir,2024,3,udhampur district,536,1055146
jammu-&-kashmir,2024,3,bandipore district,114,274202
jammu-&-kashmir,2024,3,reasi district,231,480669
jammu-&-kashmir,2024,3,shopian district,86,184015
jammu-&-kashmir,2024,3,poonch district,194,446033
jammu-&-kashmir,2024,3,kathua district,469,782594
jammu-&-kashmir,2024,3,kishtwar district,154,265075
jammu-&-kashmir,2024,3,pulwama district,222,609629
jammu-&-kashmir,2024,3,ramban district,130,363031
jammu-&-kashmir,2024,3,rajouri district,331,700702
jammu-&-kashmir,2024,3,kulgam district,130,292323
jammu-&-kashmir,2024,3,budgam district,324,650444
jammu-&-kashmir,2024,3,anantnag district,329,755629
jammu-&-kashmir,2024,3,kupwara district,217,506472
jammu-&-kashmir,2024,4,muzaffarabad district,4,4486
jammu-&-kashmir,2024,4,doda district,205,444693
jammu-&-kashmir,2024,4,samba district,483,925626
jammu-&-kashmir,2024,4,srinagar district,1173,2226604
jammu-&-kashmir,2024,4,baramulla district,442,984313
jammu-&-kashmir,2024,4,jammu district,2381,4423225
jammu-&-kashmir,2024,4,ganderbal district,87,203778
jammu-&-kashmir,2024,4,udhampur district,569,1088486
jammu-&-kashmir,2024,4,bandipore district,147,365879
jammu-&-kashmir,2024,4,reasi district,260,531086
jammu-&-kashmir,2024,4,shopian district,150,351324
jammu-&-kashmir,2024,4,poonch district,194,489525
jammu-&-kashmir,2024,4,kathua district,485,902086
jammu-&-kashmir,2024,4,kishtwar district,180,421414
jammu-&-kashmir,2024,4,pulwama district,301,745600
jammu-&-kashmir,2024,4,ramban district,131,301858
jammu-&-kashmir,2024,4,rajouri district,318,675781
jammu-&-kashmir,2024,4,kulgam district,166,430964
jammu-&-kashmir,2024,4,budgam district,461,986540
jammu-&-kashmir,2024,4,anantnag district,466,1115918
jammu-&-kashmir,2024,4,kupwara district,290,632924
jharkhand,2020,2,ramgarh district,44,9554
jharkhand,2020,2,ranchi district,376,71618
jharkhand,2020,2,east singhbhum district,283,56879
jharkhand,2020,2,jamtara district,16,3204
jharkhand,2020,2,dumka district,9,2326
jharkhand,2020,2,koderma district,24,5581
jharkhand,2020,2,hazaribagh district,59,12131
jharkhand,2020,2,simdega district,3,693
jharkhand,2020,2,garhwa district,22,5537
jharkhand,2020,2,saraikela kharsawan district,69,13249
jharkhand,2020,2,gumla district,2,457
jharkhand,2020,2,chatra district,26,6364
jharkhand,2020,2,khunti district,2,462
jharkhand,2020,2,dhanbad district,741,134652
jharkhand,2020,2,godda district,28,6191
jharkhand,2020,2,deoghar district,42,8257
jharkhand,2020,2,palamu district,43,9949
jharkhand,2020,2,latehar district,13,2808
jharkhand,2020,2,west singhbhum district,19,4181
jharkhand,2020,2,pakur district,3,688
jharkhand,2020,2,lohardaga district,5,986
jharkhand,2020,2,sahebganj district,19,4214
jharkhand,2020,2,giridih district,40,9051
jharkhand,2020,2,bokaro district,175,35999
jharkhand,2020,3,ramgarh district,199,60283
jharkhand,2020,3,ranchi district,1123,283853
jharkhand,2020,3,east singhbhum district,698,168697
jharkhand,2020,3,jamtara district,31,6282
jharkhand,2020,3,dumka district,79,18961
jharkhand,2020,3,koderma district,79,18309
jharkhand,2020,3,hazaribagh district,238,63439
jharkhand,2020,3,simdega district,14,3235
jharkhand,2020,3,garhwa district,67,19425
jharkhand,2020,3,saraikela kharsawan district,185,42177
jharkhand,2020,3,gumla district,42,13677
jharkhand,2020,3,chatra district,60,12606
jharkhand,2020,3,khunti district,16,4051
jharkhand,2020,3,dhanbad district,1459,365170
jharkhand,2020,3,godda district,64,13181
jharkhand,2020,3,deoghar district,97,20112
jharkhand,2020,3,palamu district,121,24683
jharkhand,2020,3,latehar district,56,14762
jharkhand,2020,3,west singhbhum district,88,22388
jharkhand,2020,3,pakur district,19,4473
jharkhand,2020,3,lohardaga district,19,4039
jharkhand,2020,3,sahebganj district,58,14523
jharkhand,2020,3,giridih district,144,32688
jharkhand,2020,3,bokaro district,412,118920
jharkhand,2020,4,ramgarh district,172,123911
jharkhand,2020,4,ranchi district,670,559639
jharkhand,2020,4,east singhbhum district,426,349290
jharkhand,2020,4,jamtara district,27,21212
jharkhand,2020,4,dumka district,50,30957
jharkhand,2020,4,koderma district,90,58807
jharkhand,2020,4,hazaribagh district,201,137221
jharkhand,2020,4,simdega district,31,59161
jharkhand,2020,4,garhwa district,121,99467
jharkhand,2020,4,saraikela kharsawan district,133,103772
jharkhand,2020,4,gumla district,45,53802
jharkhand,2020,4,chatra district,68,72700
jharkhand,2020,4,khunti district,22,14654
jharkhand,2020,4,dhanbad district,553,360209
jharkhand,2020,4,godda district,58,48432
jharkhand,2020,4,deoghar district,96,70532
jharkhand,2020,4,palamu district,216,179548
jharkhand,2020,4,latehar district,50,35737
jharkhand,2020,4,west singhbhum district,84,62701
jharkhand,2020,4,pakur district,24,9298
jharkhand,2020,4,lohardaga district,31,28363
jharkhand,2020,4,sahebganj district,57,53731
jharkhand,2020,4,giridih district,138,92474
jharkhand,2020,4,bokaro district,296,231406
jharkhand,2021,1,ramgarh district,204,131405
jharkhand,2021,1,ranchi district,1026,734770
jharkhand,2021,1,east singhbhum district,625,404402
jharkhand,2021,1,jamtara district,38,18540
jharkhand,2021,1,dumka district,80,49753
jharkhand,2021,1,koderma district,105,70712
jharkhand,2021,1,hazaribagh district,271,134641
jharkhand,2021,1,simdega district,65,55468
jharkhand,2021,1,garhwa district,158,144421
jharkhand,2021,1,saraikela kharsawan district,153,93522
jharkhand,2021,1,gumla district,67,57850
jharkhand,2021,1,chatra district,97,51594
jharkhand,2021,1,khunti district,35,30639
jharkhand,2021,1,dhanbad district,570,392616
jharkhand,2021,1,godda district,85,53107
jharkhand,2021,1,deoghar district,135,72035
jharkhand,2021,1,palamu district,271,186504
jharkhand,2021,1,latehar district,66,34684
jharkhand,2021,1,west singhbhum district,91,79765
jharkhand,2021,1,pakur district,41,36195
jharkhand,2021,1,lohardaga district,37,28508
jharkhand,2021,1,sahebganj district,72,46009
jharkhand,2021,1,giridih district,184,108108
jharkhand,2021,1,bokaro district,403,259603
jharkhand,2021,2,ramgarh district,191,199495
jharkhand,2021,2,ranchi district,1116,1206771
jharkhand,2021,2,east singhbhum district,789,715258
jharkhand,2021,2,jamtara district,28,14300
jharkhand,2021,2,dumka district,81,66777
jharkhand,2021,2,koderma district,123,99393
jharkhand,2021,2,hazaribagh district,236,199302
jharkhand,2021,2,simdega district,50,56762
jharkhand,2021,2,garhwa district,159,161183
jharkhand,2021,2,saraikela kharsawan district,190,136575
jharkhand,2021,2,gumla district,60,57744
jharkhand,2021,2,chatra district,92,82667
jharkhand,2021,2,khunti district,47,60531
jharkhand,2021,2,dhanbad district,562,542379
jharkhand,2021,2,godda district,115,114144
jharkhand,2021,2,deoghar district,141,167411
jharkhand,2021,2,palamu district,248,225217
jharkhand,2021,2,latehar district,61,72491
jharkhand,2021,2,west singhbhum district,86,105481
jharkhand,2021,2,pakur district,58,52634
jharkhand,2021,2,lohardaga district,72,56969
jharkhand,2021,2,sahebganj district,73,77008
jharkhand,2021,2,giridih district,197,191694
jharkhand,2021,2,bokaro district,405,422044
jharkhand,2021,3,ramgarh district,238,272231
jharkhand,2021,3,ranchi district,1484,1611727
jharkhand,2021,3,east singhbhum district,963,921561
jharkhand,2021,3,jamtara district,34,31389
jharkhand,2021,3,dumka district,86,132763
jharkhand,2021,3,koderma district,108,88713
jharkhand,2021,3,hazaribagh district,282,274354
jharkhand,2021,3,simdega district,34,43312
jharkhand,2021,3,garhwa district,145,125641
jharkhand,2021,3,saraikela kharsawan district,241,241991
jharkhand,2021,3,gumla district,62,75267
jharkhand,2021,3,chatra district,96,89477
jharkhand,2021,3,khunti district,89,131108
jharkhand,2021,3,dhanbad district,820,813608
jharkhand,2021,3,godda district,94,101288
jharkhand,2021,3,deoghar district,179,159871
jharkhand,2021,3,palamu district,606,672846
jharkhand,2021,3,latehar district,75,91517
jharkhand,2021,3,west singhbhum district,124,171002
jharkhand,2021,3,pakur district,32,47606
jharkhand,2021,3,lohardaga district,152,76185
jharkhand,2021,3,sahebganj district,58,67062
jharkhand,2021,3,giridih district,194,175791
jharkhand,2021,3,bokaro district,598,629738
jharkhand,2021,4,ramgarh district,355,479936
jharkhand,2021,4,ranchi district,2151,2693792
jharkhand,2021,4,east singhbhum district,1241,1587274
jharkhand,2021,4,jamtara district,53,78716
jharkhand,2021,4,dumka district,122,156949
jharkhand,2021,4,koderma district,112,128101
jharkhand,2021,4,hazaribagh district,276,496461
jharkhand,2021,4,simdega district,73,95839
jharkhand,2021,4,garhwa district,165,214695
jharkhand,2021,4,saraikela kharsawan district,332,403274
jharkhand,2021,4,gumla district,100,172701
jharkhand,2021,4,chatra district,71,112169
jharkhand,2021,4,khunti district,125,130221
jharkhand,2021,4,dhanbad district,1022,1522634
jharkhand,2021,4,godda district,113,143720
jharkhand,2021,4,deoghar district,235,250418
jharkhand,2021,4,palamu district,479,537986
jharkhand,2021,4,latehar district,80,92996
jharkhand,2021,4,west singhbhum district,210,282927
jharkhand,2021,4,pakur district,65,57733
jharkhand,2021,4,lohardaga district,97,121817
jharkhand,2021,4,sahebganj district,83,100522
jharkhand,2021,4,giridih district,254,311822
jharkhand,2021,4,bokaro district,651,1017720
jharkhand,2022,1,ramgarh district,299,447478
jharkhand,2022,1,ranchi district,2342,3350440
jharkhand,2022,1,east singhbhum district,1582,1994586
jharkhand,2022,1,jamtara district,89,139277
jharkhand,2022,1,dumka district,159,244881
jharkhand,2022,1,koderma district,93,183047
jharkhand,2022,1,hazaribagh district,322,588476
jharkhand,2022,1,simdega district,68,149968
jharkhand,2022,1,garhwa district,200,295904
jharkhand,2022,1,saraikela kharsawan district,389,538634
jharkhand,2022,1,gumla district,102,265852
jharkhand,2022,1,chatra district,81,132869
jharkhand,2022,1,khunti district,155,189976
jharkhand,2022,1,dhanbad district,1203,1741406
jharkhand,2022,1,godda district,129,218015
jharkhand,2022,1,deoghar district,204,295711
jharkhand,2022,1,palamu district,379,664690
jharkhand,2022,1,latehar district,109,142219
jharkhand,2022,1,west singhbhum district,181,342409
jharkhand,2022,1,pakur district,96,118084
jharkhand,2022,1,lohardaga district,80,116551
jharkhand,2022,1,sahebganj district,100,128839
jharkhand,2022,1,giridih district,202,298725
jharkhand,2022,1,bokaro district,809,1231429
jharkhand,2022,2,ramgarh district,328,524659
jharkhand,2022,2,ranchi district,2225,3046609
jharkhand,2022,2,east singhbhum district,1708,2091608
jharkhand,2022,2,jamtara district,45,70077
jharkhand,2022,2,dumka district,107,168017
jharkhand,2022,2,koderma district,124,198870
jharkhand,2022,2,hazaribagh district,320,467770
jharkhand,2022,2,simdega district,65,117705
jharkhand,2022,2,garhwa district,169,304089
jharkhand,2022,2,saraikela kharsawan district,385,503592
jharkhand,2022,2,gumla district,99,177888
jharkhand,2022,2,chatra district,118,187175
jharkhand,2022,2,khunti district,64,112073
jharkhand,2022,2,dhanbad district,1262,1847695
jharkhand,2022,2,godda district,170,272725
jharkhand,2022,2,deoghar district,244,332029
jharkhand,2022,2,palamu district,335,452609
jharkhand,2022,2,latehar district,76,103310
jharkhand,2022,2,west singhbhum district,182,336897
jharkhand,2022,2,pakur district,46,69193
jharkhand,2022,2,lohardaga district,81,93961
jharkhand,2022,2,sahebganj district,94,174922
jharkhand,2022,2,giridih district,287,459744
jharkhand,2022,2,bokaro district,943,1351623
jharkhand,2022,3,ramgarh district,475,754788
jharkhand,2022,3,ranchi district,3281,4087473
jharkhand,2022,3,east singhbhum district,2570,2947659
jharkhand,2022,3,jamtara district,73,89050
jharkhand,2022,3,dumka district,181,297086
jharkhand,2022,3,koderma district,155,169952
jharkhand,2022,3,hazaribagh district,439,596772
jharkhand,2022,3,simdega district,97,187937
jharkhand,2022,3,garhwa district,220,270071
jharkhand,2022,3,saraikela kharsawan district,575,658243
jharkhand,2022,3,gumla district,120,158764
jharkhand,2022,3,chatra district,146,207000
jharkhand,2022,3,khunti district,124,239690
jharkhand,2022,3,dhanbad district,2278,2802748
jharkhand,2022,3,godda district,197,264261
jharkhand,2022,3,deoghar district,335,432550
jharkhand,2022,3,palamu district,492,613354
jharkhand,2022,3,latehar district,136,138017
jharkhand,2022,3,west singhbhum district,267,401967
jharkhand,2022,3,pakur district,104,154631
jharkhand,2022,3,lohardaga district,283,207259
jharkhand,2022,3,sahebganj district,119,185356
jharkhand,2022,3,giridih district,353,445260
jharkhand,2022,3,bokaro district,1368,1846969
jharkhand,2022,4,ramgarh district,508,731301
jharkhand,2022,4,ranchi district,3465,4954150
jharkhand,2022,4,east singhbhum district,2922,3742763
jharkhand,2022,4,jamtara district,118,140089
jharkhand,2022,4,dumka district,211,372982
jharkhand,2022,4,koderma district,162,208583
jharkhand,2022,4,hazaribagh district,489,820023
jharkhand,2022,4,simdega district,165,264772
jharkhand,2022,4,garhwa district,230,356175
jharkhand,2022,4,saraikela kharsawan district,821,1001690
jharkhand,2022,4,gumla district,149,270759
jharkhand,2022,4,chatra district,165,203127
jharkhand,2022,4,khunti district,160,277756
jharkhand,2022,4,dhanbad district,2647,3394523
jharkhand,2022,4,godda district,293,447690
jharkhand,2022,4,deoghar district,446,699994
jharkhand,2022,4,palamu district,836,1119095
jharkhand,2022,4,latehar district,184,178558
jharkhand,2022,4,west singhbhum district,391,536241
jharkhand,2022,4,pakur district,106,109855
jharkhand,2022,4,lohardaga district,270,267802
jharkhand,2022,4,sahebganj district,192,276457
jharkhand,2022,4,giridih district,411,577270
jharkhand,2022,4,bokaro district,1438,2196150
jharkhand,2023,1,ramgarh district,457,860169
jharkhand,2023,1,ranchi district,3361,4959921
jharkhand,2023,1,east singhbhum district,3445,4138971
jharkhand,2023,1,jamtara district,123,205553
jharkhand,2023,1,dumka district,201,291230
jharkhand,2023,1,koderma district,135,282759
jharkhand,2023,1,hazaribagh district,412,895618
jharkhand,2023,1,simdega district,142,222682
jharkhand,2023,1,garhwa district,275,412989
jharkhand,2023,1,saraikela kharsawan district,959,1214912
jharkhand,2023,1,gumla district,197,360162
jharkhand,2023,1,chatra district,177,246712
jharkhand,2023,1,khunti district,158,286600
jharkhand,2023,1,dhanbad district,2024,3004847
jharkhand,2023,1,godda district,272,447004
jharkhand,2023,1,deoghar district,358,556745
jharkhand,2023,1,palamu district,862,1272161
jharkhand,2023,1,latehar district,166,312407
jharkhand,2023,1,west singhbhum district,343,546385
jharkhand,2023,1,pakur district,114,168629
jharkhand,2023,1,lohardaga district,91,143364
jharkhand,2023,1,sahebganj district,245,367373
jharkhand,2023,1,giridih district,317,557669
jharkhand,2023,1,bokaro district,1274,2068544
jharkhand,2023,2,ramgarh district,459,767058
jharkhand,2023,2,ranchi district,3303,5125799
jharkhand,2023,2,east singhbhum district,4220,4665989
jharkhand,2023,2,jamtara district,87,101585
jharkhand,2023,2,dumka district,203,281146
jharkhand,2023,2,koderma district,163,281781
jharkhand,2023,2,hazaribagh district,469,776237
jharkhand,2023,2,simdega district,96,164466
jharkhand,2023,2,garhwa district,282,399554
jharkhand,2023,2,saraikela kharsawan district,1094,1201420
jharkhand,2023,2,gumla district,165,297123
jharkhand,2023,2,chatra district,162,231928
jharkhand,2023,2,khunti district,120,232212
jharkhand,2023,2,dhanbad district,1934,2695083
jharkhand,2023,2,godda district,247,427627
jharkhand,2023,2,deoghar district,295,453455
jharkhand,2023,2,palamu district,545,767545
jharkhand,2023,2,latehar district,138,201100
jharkhand,2023,2,west singhbhum district,308,484218
jharkhand,2023,2,pakur district,85,125014
jharkhand,2023,2,lohardaga district,107,114950
jharkhand,2023,2,sahebganj district,167,265384
jharkhand,2023,2,giridih district,324,630943
jharkhand,2023,2,bokaro district,1689,2524598
jharkhand,2023,3,ramgarh district,628,948269
jharkhand,2023,3,ranchi district,4543,5962408
jharkhand,2023,3,east singhbhum district,4396,4714889
jharkhand,2023,3,jamtara district,83,118764
jharkhand,2023,3,dumka district,248,421914
jharkhand,2023,3,koderma district,191,220453
jharkhand,2023,3,hazaribagh district,567,819073
jharkhand,2023,3,simdega district,104,155725
jharkhand,2023,3,garhwa district,268,338897
jharkhand,2023,3,saraikela kharsawan district,1077,1291701
jharkhand,2023,3,gumla district,154,309392
jharkhand,2023,3,chatra district,228,308058
jharkhand,2023,3,khunti district,144,253328
jharkhand,2023,3,dhanbad district,2437,3232731
jharkhand,2023,3,godda district,323,481530
jharkhand,2023,3,deoghar district,394,639073
jharkhand,2023,3,palamu district,535,695377
jharkhand,2023,3,latehar district,154,142128
jharkhand,2023,3,west singhbhum district,369,546821
jharkhand,2023,3,pakur district,130,195084
jharkhand,2023,3,lohardaga district,88,100761
jharkhand,2023,3,sahebganj district,172,178708
jharkhand,2023,3,giridih district,385,527131
jharkhand,2023,3,bokaro district,1860,2563487
jharkhand,2023,4,ramgarh district,601,1083013
jharkhand,2023,4,ranchi district,4651,7441219
jharkhand,2023,4,east singhbhum district,4283,5861735
jharkhand,2023,4,jamtara district,146,198706
jharkhand,2023,4,dumka district,281,463515
jharkhand,2023,4,koderma district,207,382924
jharkhand,2023,4,hazaribagh district,678,1310320
jharkhand,2023,4,simdega district,169,234638
jharkhand,2023,4,garhwa district,328,420409
jharkhand,2023,4,saraikela kharsawan district,1193,1592632
jharkhand,2023,4,gumla district,214,341196
jharkhand,2023,4,chatra district,267,400454
jharkhand,2023,4,khunti district,166,270289
jharkhand,2023,4,dhanbad district,3263,4735925
jharkhand,2023,4,godda district,360,501524
jharkhand,2023,4,deoghar district,685,1179198
jharkhand,2023,4,palamu district,736,925141
jharkhand,2023,4,latehar district,427,474700
jharkhand,2023,4,west singhbhum district,541,802644
jharkhand,2023,4,pakur district,162,181523
jharkhand,2023,4,lohardaga district,157,241107
jharkhand,2023,4,sahebganj district,265,402347
jharkhand,2023,4,giridih district,492,809699
jharkhand,2023,4,bokaro district,2126,3229786
jharkhand,2024,1,ramgarh district,821,1168156
jharkhand,2024,1,ranchi district,4909,7487602
jharkhand,2024,1,east singhbhum district,4224,5638498
jharkhand,2024,1,jamtara district,214,255596
jharkhand,2024,1,dumka district,363,439857
jharkhand,2024,1,koderma district,308,361723
jharkhand,2024,1,hazaribagh district,787,1333311
jharkhand,2024,1,simdega district,209,308899
jharkhand,2024,1,garhwa district,520,711770
jharkhand,2024,1,saraikela kharsawan district,1403,1691795
jharkhand,2024,1,gumla district,281,390441
jharkhand,2024,1,chatra district,283,354070
jharkhand,2024,1,khunti district,239,396446
jharkhand,2024,1,dhanbad district,3509,4659985
jharkhand,2024,1,godda district,399,546477
jharkhand,2024,1,deoghar district,751,987012
jharkhand,2024,1,palamu district,1042,1334866
jharkhand,2024,1,latehar district,357,387539
jharkhand,2024,1,west singhbhum district,587,804182
jharkhand,2024,1,pakur district,184,207219
jharkhand,2024,1,lohardaga district,172,236726
jharkhand,2024,1,sahebganj district,316,352891
jharkhand,2024,1,giridih district,654,837074
jharkhand,2024,1,bokaro district,2292,3440855
jharkhand,2024,2,ramgarh district,765,1104446
jharkhand,2024,2,ranchi district,4661,7298351
jharkhand,2024,2,east singhbhum district,4022,5532150
jharkhand,2024,2,jamtara district,181,250214
jharkhand,2024,2,dumka district,294,401701
jharkhand,2024,2,koderma district,232,357044
jharkhand,2024,2,hazaribagh district,760,1367112
jharkhand,2024,2,simdega district,128,167401
jharkhand,2024,2,garhwa district,417,531070
jharkhand,2024,2,saraikela kharsawan district,1189,1559768
jharkhand,2024,2,gumla district,204,351324
jharkhand,2024,2,chatra district,290,391348
jharkhand,2024,2,khunti district,163,242522
jharkhand,2024,2,dhanbad district,2818,3833061
jharkhand,2024,2,godda district,433,599757
jharkhand,2024,2,deoghar district,651,1072013
jharkhand,2024,2,palamu district,825,1134267
jharkhand,2024,2,latehar district,228,324278
jharkhand,2024,2,west singhbhum district,542,843112
jharkhand,2024,2,pakur district,205,301813
jharkhand,2024,2,lohardaga district,136,201748
jharkhand,2024,2,sahebganj district,314,403116
jharkhand,2024,2,giridih district,604,922936
jharkhand,2024,2,bokaro district,2162,3054577
jharkhand,2024,3,ramgarh district,800,1272047
jharkhand,2024,3,seraikela kharsawan district,1251,1633675
jharkhand,2024,3,ranchi district,5026,7826939
jharkhand,2024,3,east singhbhum district,4855,6343645
jharkhand,2024,3,jamtara district,142,221309
jharkhand,2024,3,dumka district,264,461825
jharkhand,2024,3,koderma district,264,401027
jharkhand,2024,3,hazaribagh district,1,1209
jharkhand,2024,3,simdega district,127,210858
jharkhand,2024,3,garhwa district,317,423787
jharkhand,2024,3,sahibganj district,267,392487
jharkhand,2024,3,gumla district,213,294509
jharkhand,2024,3,chatra district,202,303032
jharkhand,2024,3,khunti district,185,321021
jharkhand,2024,3,dhanbad district,3365,4837925
jharkhand,2024,3,godda district,310,368754
jharkhand,2024,3,deoghar district,608,949812
jharkhand,2024,3,palamu district,694,1034769
jharkhand,2024,3,latehar district,213,288472
jharkhand,2024,3,west singhbhum district,478,751095
jharkhand,2024,3,pakur district,143,160430
jharkhand,2024,3,lohardaga district,111,166164
jharkhand,2024,3,hazaribag district,852,1337065
jharkhand,2024,3,giridih district,461,758779
jharkhand,2024,3,bokaro district,2480,3592511
jharkhand,2024,4,ramgarh district,904,1475834
jharkhand,2024,4,seraikela kharsawan district,1565,2028357
jharkhand,2024,4,ranchi district,5480,9068274
jharkhand,2024,4,east singhbhum district,5693,7616882
jharkhand,2024,4,jamtara district,240,383041
jharkhand,2024,4,dumka district,406,677544
jharkhand,2024,4,koderma district,330,518195
jharkhand,2024,4,simdega district,209,296096
jharkhand,2024,4,garhwa district,517,578425
jharkhand,2024,4,sahibganj district,373,409258
jharkhand,2024,4,gumla district,299,488990
jharkhand,2024,4,chatra district,344,479698
jharkhand,2024,4,khunti district,235,372354
jharkhand,2024,4,dhanbad district,4077,5874868
jharkhand,2024,4,godda district,529,817137
jharkhand,2024,4,deoghar district,850,1288200
jharkhand,2024,4,palamu district,974,1129766
jharkhand,2024,4,latehar district,311,384952
jharkhand,2024,4,west singhbhum district,685,1055376
jharkhand,2024,4,pakur district,241,247768
jharkhand,2024,4,lohardaga district,194,254068
jharkhand,2024,4,hazaribag district,982,1445214
jharkhand,2024,4,giridih district,747,1005641
jharkhand,2024,4,bokaro district,2894,4357676
karnataka,2020,2,mysuru district,767,144997
karnataka,2020,2,chitradurga district,137,29079
karnataka,2020,2,kalaburagi district,217,43849
karnataka,2020,2,ramanagara district,259,54476
karnataka,2020,2,mandya district,183,38693
karnataka,2020,2,kodagu district,52,12092
karnataka,2020,2,chikkamagaluru district,140,28853
karnataka,2020,2,haveri district,98,22383
karnataka,2020,2,ballari district,611,120952
karnataka,2020,2,belagavi district,590,111501
karnataka,2020,2,kolar district,205,43378
karnataka,2020,2,uttara kannada district,195,44254
karnataka,2020,2,tumakuru district,372,75362
karnataka,2020,2,yadgir district,56,14419
karnataka,2020,2,bengaluru urban district,20040,3301769
karnataka,2020,2,chikkaballapura district,231,49467
karnataka,2020,2,davanagere district,309,59794
karnataka,2020,2,bagalkote district,116,26873
karnataka,2020,2,vijayapura district,207,44039
karnataka,2020,2,koppal district,99,22296
karnataka,2020,2,bidar district,136,30258
karnataka,2020,2,bengaluru rural district,416,83476
karnataka,2020,2,raichur district,175,39720
karnataka,2020,2,chamarajanagara district,52,11113
karnataka,2020,2,dakshina kannada district,380,80252
karnataka,2020,2,hassan district,176,37175
karnataka,2020,2,dharwad district,656,119671
karnataka,2020,2,shivamogga district,232,49738
karnataka,2020,2,udupi district,191,40248
karnataka,2020,2,gadag district,60,13973
karnataka,2020,3,mysuru district,2128,558128
karnataka,2020,3,chitradurga district,447,109659
karnataka,2020,3,kalaburagi district,714,190305
karnataka,2020,3,ramanagara district,561,138904
karnataka,2020,3,mandya district,576,148053
karnataka,2020,3,kodagu district,124,31651
karnataka,2020,3,chikkamagaluru district,319,89016
karnataka,2020,3,haveri district,378,92186
karnataka,2020,3,ballari district,1213,306386
karnataka,2020,3,belagavi district,2016,533172
karnataka,2020,3,kolar district,611,158524
karnataka,2020,3,uttara kannada district,579,149066
karnataka,2020,3,tumakuru district,1236,311665
karnataka,2020,3,yadgir district,190,49296
karnataka,2020,3,bengaluru urban district,32192,6940765
karnataka,2020,3,chikkaballapura district,453,108480
karnataka,2020,3,davanagere district,743,190154
karnataka,2020,3,bagalkote district,697,177054
karnataka,2020,3,vijayapura district,768,175988
karnataka,2020,3,koppal district,393,105433
karnataka,2020,3,bidar district,528,128168
karnataka,2020,3,bengaluru rural district,1068,267171
karnataka,2020,3,raichur district,631,147182
karnataka,2020,3,chamarajanagara district,142,40852
karnataka,2020,3,dakshina kannada district,1271,330557
karnataka,2020,3,hassan district,547,155607
karnataka,2020,3,dharwad district,1606,358476
karnataka,2020,3,shivamogga district,781,200079
karnataka,2020,3,udupi district,502,139549
karnataka,2020,3,gadag district,287,75868
karnataka,2020,4,mysuru district,1109,1073388
karnataka,2020,4,chitradurga district,280,198419
karnataka,2020,4,kalaburagi district,472,383654
karnataka,2020,4,ramanagara district,392,349122
karnataka,2020,4,mandya district,385,355768
karnataka,2020,4,kodagu district,81,119477
karnataka,2020,4,chikkamagaluru district,192,169902
karnataka,2020,4,haveri district,230,183717
karnataka,2020,4,ballari district,863,690500
karnataka,2020,4,belagavi district,1586,924521
karnataka,2020,4,kolar district,482,516354
karnataka,2020,4,uttara kannada district,323,284151
karnataka,2020,4,tumakuru district,751,718936
karnataka,2020,4,yadgir district,136,72342
karnataka,2020,4,bengaluru urban district,18485,15922383
karnataka,2020,4,chikkaballapura district,381,281471
karnataka,2020,4,davanagere district,383,326889
karnataka,2020,4,bagalkote district,365,228368
karnataka,2020,4,vijayapura district,493,393668
karnataka,2020,4,koppal district,226,178303
karnataka,2020,4,bidar district,335,269118
karnataka,2020,4,bengaluru rural district,661,759279
karnataka,2020,4,raichur district,392,235950
karnataka,2020,4,chamarajanagara district,103,113049
karnataka,2020,4,dakshina kannada district,557,445633
karnataka,2020,4,hassan district,381,369876
karnataka,2020,4,dharwad district,819,552794
karnataka,2020,4,shivamogga district,412,313231
karnataka,2020,4,udupi district,280,252217
karnataka,2020,4,gadag district,192,132488
karnataka,2021,1,mysuru district,1473,1099863
karnataka,2021,1,chitradurga district,274,209349
karnataka,2021,1,kalaburagi district,665,465871
karnataka,2021,1,ramanagara district,606,602933
karnataka,2021,1,mandya district,434,390308
karnataka,2021,1,kodagu district,149,127876
karnataka,2021,1,chikkamagaluru district,259,220237
karnataka,2021,1,haveri district,234,166097
karnataka,2021,1,ballari district,919,731673
karnataka,2021,1,belagavi district,1459,1055645
karnataka,2021,1,kolar district,575,423114
karnataka,2021,1,uttara kannada district,422,376724
karnataka,2021,1,tumakuru district,921,782869
karnataka,2021,1,yadgir district,169,119279
karnataka,2021,1,bengaluru urban district,21606,17636524
karnataka,2021,1,chikkaballapura district,325,290390
karnataka,2021,1,davanagere district,520,459062
karnataka,2021,1,bagalkote district,479,307761
karnataka,2021,1,vijayapura district,656,524451
karnataka,2021,1,koppal district,264,145686
karnataka,2021,1,bidar district,468,381087
karnataka,2021,1,bengaluru rural district,952,808005
karnataka,2021,1,raichur district,525,368615
karnataka,2021,1,chamarajanagara district,118,91911
karnataka,2021,1,dakshina kannada district,680,560199
karnataka,2021,1,hassan district,486,427177
karnataka,2021,1,dharwad district,926,653411
karnataka,2021,1,shivamogga district,494,411405
karnataka,2021,1,udupi district,330,225073
karnataka,2021,1,gadag district,207,120730
karnataka,2021,2,mysuru district,1625,1609768
karnataka,2021,2,chitradurga district,442,458745
karnataka,2021,2,kalaburagi district,757,778234
karnataka,2021,2,ramanagara district,606,746239
karnataka,2021,2,mandya district,623,642554
karnataka,2021,2,kodagu district,163,270605
karnataka,2021,2,chikkamagaluru district,369,487211
karnataka,2021,2,haveri district,330,298208
karnataka,2021,2,ballari district,1133,1013072
karnataka,2021,2,belagavi district,1427,1253310
karnataka,2021,2,kolar district,601,651596
karnataka,2021,2,uttara kannada district,489,592021
karnataka,2021,2,tumakuru district,1096,1102268
karnataka,2021,2,yadgir district,211,170415
karnataka,2021,2,bengaluru urban district,21918,19572756
karnataka,2021,2,chikkaballapura district,326,372247
karnataka,2021,2,davanagere district,747,846910
karnataka,2021,2,bagalkote district,512,582754
karnataka,2021,2,vijayapura district,732,568239
karnataka,2021,2,koppal district,338,371351
karnataka,2021,2,bidar district,492,453924
karnataka,2021,2,bengaluru rural district,989,1099031
karnataka,2021,2,raichur district,565,396913
karnataka,2021,2,chamarajanagara district,152,161777
karnataka,2021,2,dakshina kannada district,843,1051575
karnataka,2021,2,hassan district,647,831765
karnataka,2021,2,dharwad district,1266,1334979
karnataka,2021,2,shivamogga district,833,920816
karnataka,2021,2,udupi district,521,661224
karnataka,2021,2,gadag district,216,200499
karnataka,2021,3,mysuru district,1875,1959596
karnataka,2021,3,chitradurga district,392,474079
karnataka,2021,3,kalaburagi district,733,808324
karnataka,2021,3,ramanagara district,821,765577
karnataka,2021,3,mandya district,639,698670
karnataka,2021,3,kodagu district,177,248546
karnataka,2021,3,chikkamagaluru district,386,547276
karnataka,2021,3,haveri district,310,343476
karnataka,2021,3,ballari district,1188,1290594
karnataka,2021,3,belagavi district,1276,1203412
karnataka,2021,3,kolar district,671,782088
karnataka,2021,3,uttara kannada district,552,671523
karnataka,2021,3,tumakuru district,1275,1366567
karnataka,2021,3,yadgir district,200,206054
karnataka,2021,3,bengaluru urban district,27498,26210017
karnataka,2021,3,chikkaballapura district,384,549249
karnataka,2021,3,davanagere district,830,908303
karnataka,2021,3,bagalkote district,433,366428
karnataka,2021,3,vijayapura district,714,822832
karnataka,2021,3,koppal district,344,364887
karnataka,2021,3,bidar district,516,516419
karnataka,2021,3,bengaluru rural district,1092,1361844
karnataka,2021,3,raichur district,461,430344
karnataka,2021,3,chamarajanagara district,183,208622
karnataka,2021,3,dakshina kannada district,1065,1124855
karnataka,2021,3,hassan district,745,908378
karnataka,2021,3,dharwad district,1167,1189951
karnataka,2021,3,shivamogga district,819,949663
karnataka,2021,3,udupi district,505,585187
karnataka,2021,3,gadag district,217,215605
karnataka,2021,4,mysuru district,2999,4025182
karnataka,2021,4,chitradurga district,452,597974
karnataka,2021,4,kalaburagi district,1364,1791618
karnataka,2021,4,ramanagara district,1085,1387009
karnataka,2021,4,mandya district,832,1156148
karnataka,2021,4,kodagu district,312,530831
karnataka,2021,4,chikkamagaluru district,581,961601
karnataka,2021,4,haveri district,413,537574
karnataka,2021,4,ballari district,1705,2348052
karnataka,2021,4,belagavi district,2268,2994132
karnataka,2021,4,kolar district,890,1338402
karnataka,2021,4,uttara kannada district,894,1418212
karnataka,2021,4,tumakuru district,1540,2107437
karnataka,2021,4,yadgir district,252,291276
karnataka,2021,4,bengaluru urban district,44650,50064816
karnataka,2021,4,chikkaballapura district,583,926384
karnataka,2021,4,davanagere district,1050,1416678
karnataka,2021,4,bagalkote district,695,916618
karnataka,2021,4,vijayapura district,1057,1353128
karnataka,2021,4,koppal district,397,475837
karnataka,2021,4,bidar district,752,1095967
karnataka,2021,4,bengaluru rural district,1664,2301115
karnataka,2021,4,raichur district,644,821665
karnataka,2021,4,chamarajanagara district,215,358043
karnataka,2021,4,dakshina kannada district,1760,2383587
karnataka,2021,4,hassan district,1107,1594289
karnataka,2021,4,dharwad district,1998,2448037
karnataka,2021,4,shivamogga district,1243,1666023
karnataka,2021,4,udupi district,713,1031736
karnataka,2021,4,gadag district,321,383917
karnataka,2022,1,mysuru district,4256,6273651
karnataka,2022,1,chitradurga district,659,1106515
karnataka,2022,1,kalaburagi district,1554,2229919
karnataka,2022,1,ramanagara district,1298,1978853
karnataka,2022,1,mandya district,1115,1824593
karnataka,2022,1,kodagu district,509,966153
karnataka,2022,1,chikkamagaluru district,767,1399768
karnataka,2022,1,haveri district,403,748998
karnataka,2022,1,ballari district,1982,2817568
karnataka,2022,1,belagavi district,2565,4027564
karnataka,2022,1,kolar district,1129,1982160
karnataka,2022,1,uttara kannada district,1073,1710853
karnataka,2022,1,tumakuru district,2107,3270489
karnataka,2022,1,yadgir district,267,399891
karnataka,2022,1,bengaluru urban district,57549,71700148
karnataka,2022,1,chikkaballapura district,747,1255339
karnataka,2022,1,davanagere district,1774,2444546
karnataka,2022,1,bagalkote district,729,1217765
karnataka,2022,1,vijayapura district,1266,1866764
karnataka,2022,1,koppal district,406,705701
karnataka,2022,1,bidar district,832,1372394
karnataka,2022,1,bengaluru rural district,2133,3131559
karnataka,2022,1,raichur district,862,1436471
karnataka,2022,1,chamarajanagara district,346,672392
karnataka,2022,1,dakshina kannada district,2163,3326629
karnataka,2022,1,hassan district,1476,2389395
karnataka,2022,1,dharwad district,2629,3647319
karnataka,2022,1,shivamogga district,1771,2717744
karnataka,2022,1,udupi district,893,1510019
karnataka,2022,1,gadag district,380,602420
karnataka,2022,2,mysuru district,4122,5603711
karnataka,2022,2,chitradurga district,712,1104104
karnataka,2022,2,kalaburagi district,1342,2011523
karnataka,2022,2,ramanagara district,1235,1793927
karnataka,2022,2,mandya district,1115,1686214
karnataka,2022,2,kodagu district,362,645642
karnataka,2022,2,chikkamagaluru district,672,1263134
karnataka,2022,2,haveri district,473,808098
karnataka,2022,2,ballari district,1763,2282676
karnataka,2022,2,belagavi district,2609,3892332
karnataka,2022,2,kolar district,1123,1849029
karnataka,2022,2,uttara kannada district,1028,1665266
karnataka,2022,2,tumakuru district,1926,3127331
karnataka,2022,2,yadgir district,259,355257
karnataka,2022,2,bengaluru urban district,57934,69731242
karnataka,2022,2,chikkaballapura district,714,1136118
karnataka,2022,2,davanagere district,1531,2021047
karnataka,2022,2,bagalkote district,634,907169
karnataka,2022,2,vijayapura district,1180,1575616
karnataka,2022,2,koppal district,382,631507
karnataka,2022,2,bidar district,701,1177801
karnataka,2022,2,bengaluru rural district,2122,3278607
karnataka,2022,2,raichur district,737,1121808
karnataka,2022,2,chamarajanagara district,276,565699
karnataka,2022,2,dakshina kannada district,1909,2849505
karnataka,2022,2,hassan district,1266,2065814
karnataka,2022,2,dharwad district,2393,3355104
karnataka,2022,2,shivamogga district,1672,2643157
karnataka,2022,2,udupi district,830,1402889
karnataka,2022,2,gadag district,363,677305
karnataka,2022,3,mysuru district,5093,6718622
karnataka,2022,3,chitradurga district,856,1223908
karnataka,2022,3,kalaburagi district,1971,2659120
karnataka,2022,3,ramanagara district,1428,2074732
karnataka,2022,3,mandya district,1316,1904513
karnataka,2022,3,kodagu district,439,915946
karnataka,2022,3,chikkamagaluru district,944,1505703
karnataka,2022,3,haveri district,657,989340
karnataka,2022,3,ballari district,2541,3202170
karnataka,2022,3,belagavi district,2774,4182385
karnataka,2022,3,kolar district,1336,2172996
karnataka,2022,3,uttara kannada district,1418,2124944
karnataka,2022,3,tumakuru district,2349,3662277
karnataka,2022,3,yadgir district,418,458653
karnataka,2022,3,bengaluru urban district,64593,79303480
karnataka,2022,3,chikkaballapura district,923,1540043
karnataka,2022,3,davanagere district,2201,2787038
karnataka,2022,3,bagalkote district,762,1138581
karnataka,2022,3,vijayapura district,1436,1838887
karnataka,2022,3,koppal district,597,809240
karnataka,2022,3,bidar district,1062,1550646
karnataka,2022,3,bengaluru rural district,2448,3640101
karnataka,2022,3,raichur district,1884,2278744
karnataka,2022,3,chamarajanagara district,402,597276
karnataka,2022,3,dakshina kannada district,2545,3698741
karnataka,2022,3,hassan district,1599,2537563
karnataka,2022,3,dharwad district,2755,3667159
karnataka,2022,3,shivamogga district,1872,2833979
karnataka,2022,3,udupi district,1230,1844542
karnataka,2022,3,gadag district,424,744455
karnataka,2022,4,mysuru district,6820,9461969
karnataka,2022,4,chitradurga district,986,1494521
karnataka,2022,4,kalaburagi district,2140,3084324
karnataka,2022,4,ramanagara district,1661,2625421
karnataka,2022,4,mandya district,1529,2552054
karnataka,2022,4,kodagu district,677,1397314
karnataka,2022,4,chikkamagaluru district,1131,2081615
karnataka,2022,4,haveri district,758,1158898
karnataka,2022,4,ballari district,2729,3502890
karnataka,2022,4,belagavi district,3857,5891225
karnataka,2022,4,kolar district,1540,2712255
karnataka,2022,4,uttara kannada district,1909,2933140
karnataka,2022,4,tumakuru district,2515,4131381
karnataka,2022,4,yadgir district,419,539970
karnataka,2022,4,bengaluru urban district,78817,101938016
karnataka,2022,4,chikkaballapura district,1064,1651464
karnataka,2022,4,davanagere district,2522,3414588
karnataka,2022,4,bagalkote district,1043,1648818
karnataka,2022,4,vijayapura district,1601,2307302
karnataka,2022,4,koppal district,642,889180
karnataka,2022,4,bidar district,1297,1941470
karnataka,2022,4,bengaluru rural district,3125,4874888
karnataka,2022,4,raichur district,1270,1916078
karnataka,2022,4,chamarajanagara district,438,662175
karnataka,2022,4,dakshina kannada district,3330,4869464
karnataka,2022,4,hassan district,1939,3551663
karnataka,2022,4,dharwad district,3751,5149958
karnataka,2022,4,shivamogga district,2462,3798640
karnataka,2022,4,udupi district,1475,2091760
karnataka,2022,4,gadag district,524,790846
karnataka,2023,1,mysuru district,7972,11090514
karnataka,2023,1,chitradurga district,869,1475983
karnataka,2023,1,kalaburagi district,1990,2854507
karnataka,2023,1,ramanagara district,1498,2349679
karnataka,2023,1,mandya district,1368,2410408
karnataka,2023,1,kodagu district,713,1401429
karnataka,2023,1,chikkamagaluru district,1053,1946393
karnataka,2023,1,haveri district,630,1256649
karnataka,2023,1,ballari district,2498,3608322
karnataka,2023,1,belagavi district,3437,5714004
karnataka,2023,1,kolar district,1309,2307751
karnataka,2023,1,uttara kannada district,1623,2947390
karnataka,2023,1,tumakuru district,2301,4146404
karnataka,2023,1,yadgir district,303,482214
karnataka,2023,1,bengaluru urban district,75238,103829030
karnataka,2023,1,chikkaballapura district,945,1815313
karnataka,2023,1,davanagere district,2165,3004555
karnataka,2023,1,bagalkote district,903,1492722
karnataka,2023,1,vijayapura district,1565,2304724
karnataka,2023,1,koppal district,538,917870
karnataka,2023,1,bidar district,1027,1673399
karnataka,2023,1,bengaluru rural district,3512,5009006
karnataka,2023,1,raichur district,949,1462618
karnataka,2023,1,chamarajanagara district,414,730408
karnataka,2023,1,dakshina kannada district,3285,5085033
karnataka,2023,1,hassan district,1786,3320642
karnataka,2023,1,dharwad district,3351,5035486
karnataka,2023,1,shivamogga district,2156,3586725
karnataka,2023,1,udupi district,1470,2457252
karnataka,2023,1,gadag district,508,826996
karnataka,2023,2,mysuru district,5899,8738144
karnataka,2023,2,chitradurga district,897,1444703
karnataka,2023,2,kalaburagi district,1745,2972572
karnataka,2023,2,ramanagara district,1609,2407189
karnataka,2023,2,mandya district,1251,2090153
karnataka,2023,2,kodagu district,504,1137684
karnataka,2023,2,chikkamagaluru district,1126,2121184
karnataka,2023,2,haveri district,680,1122600
karnataka,2023,2,ballari district,2351,3297860
karnataka,2023,2,belagavi district,3080,4999161
karnataka,2023,2,kolar district,1402,2355613
karnataka,2023,2,uttara kannada district,1418,2537256
karnataka,2023,2,tumakuru district,2423,4174882
karnataka,2023,2,yadgir district,310,521334
karnataka,2023,2,bengaluru urban district,69812,99096628
karnataka,2023,2,chikkaballapura district,835,1395172
karnataka,2023,2,davanagere district,1971,2946266
karnataka,2023,2,bagalkote district,865,1253571
karnataka,2023,2,vijayapura district,1484,2328003
karnataka,2023,2,koppal district,570,938996
karnataka,2023,2,bidar district,932,1516173
karnataka,2023,2,bengaluru rural district,2582,4350869
karnataka,2023,2,raichur district,911,1418014
karnataka,2023,2,chamarajanagara district,303,575135
karnataka,2023,2,dakshina kannada district,2932,4750506
karnataka,2023,2,hassan district,1601,3041760
karnataka,2023,2,dharwad district,3596,5072848
karnataka,2023,2,shivamogga district,2281,3864881
karnataka,2023,2,udupi district,1414,2357398
karnataka,2023,2,gadag district,448,877458
karnataka,2023,3,mysuru district,6852,10443799
karnataka,2023,3,chitradurga district,1094,1757027
karnataka,2023,3,kalaburagi district,2491,3548243
karnataka,2023,3,ramanagara district,2036,2947601
karnataka,2023,3,mandya district,1616,2621121
karnataka,2023,3,kodagu district,598,1365078
karnataka,2023,3,chikkamagaluru district,1223,2336171
karnataka,2023,3,haveri district,843,1186316
karnataka,2023,3,ballari district,2877,3914152
karnataka,2023,3,belagavi district,3705,5775496
karnataka,2023,3,kolar district,1722,2978093
karnataka,2023,3,uttara kannada district,1638,2933903
karnataka,2023,3,tumakuru district,3017,4884961
karnataka,2023,3,yadgir district,462,646635
karnataka,2023,3,bengaluru urban district,81520,109497225
karnataka,2023,3,chikkaballapura district,988,1733903
karnataka,2023,3,davanagere district,2589,3630520
karnataka,2023,3,bagalkote district,938,1452953
karnataka,2023,3,vijayapura district,1889,2660721
karnataka,2023,3,koppal district,708,1052635
karnataka,2023,3,bidar district,1446,2169984
karnataka,2023,3,bengaluru rural district,3176,5128006
karnataka,2023,3,raichur district,1285,1902002
karnataka,2023,3,chamarajanagara district,476,798557
karnataka,2023,3,dakshina kannada district,3261,4883149
karnataka,2023,3,hassan district,2384,4012427
karnataka,2023,3,dharwad district,3978,5597459
karnataka,2023,3,shivamogga district,2807,4384973
karnataka,2023,3,udupi district,1572,2375766
karnataka,2023,3,gadag district,508,829662
karnataka,2023,4,mysuru district,7831,12589463
karnataka,2023,4,chitradurga district,1238,2268362
karnataka,2023,4,kalaburagi district,2830,4372665
karnataka,2023,4,ramanagara district,2123,3556713
karnataka,2023,4,mandya district,2040,3611036
karnataka,2023,4,kodagu district,889,2046684
karnataka,2023,4,chikkamagaluru district,1371,2792246
karnataka,2023,4,haveri district,963,1698361
karnataka,2023,4,ballari district,2966,4527242
karnataka,2023,4,belagavi district,4826,8422700
karnataka,2023,4,kolar district,1943,3712676
karnataka,2023,4,uttara kannada district,2255,4043418
karnataka,2023,4,tumakuru district,3234,6132461
karnataka,2023,4,yadgir district,472,684885
karnataka,2023,4,bengaluru urban district,88349,133137089
karnataka,2023,4,chikkaballapura district,1208,2354885
karnataka,2023,4,davanagere district,2944,4852939
karnataka,2023,4,bagalkote district,1215,2050673
karnataka,2023,4,vijayapura district,2221,3267427
karnataka,2023,4,koppal district,725,1146967
karnataka,2023,4,bidar district,1570,2769344
karnataka,2023,4,bengaluru rural district,3674,6347685
karnataka,2023,4,raichur district,1214,1842326
karnataka,2023,4,chamarajanagara district,578,1111230
karnataka,2023,4,dakshina kannada district,4101,6597191
karnataka,2023,4,hassan district,2395,4666879
karnataka,2023,4,dharwad district,4912,7400470
karnataka,2023,4,shivamogga district,3316,5617178
karnataka,2023,4,udupi district,1965,3310251
karnataka,2023,4,gadag district,708,1124865
karnataka,2024,1,mysuru district,9295,14666791
karnataka,2024,1,chitradurga district,1410,2225011
karnataka,2024,1,kalaburagi district,3254,4642503
karnataka,2024,1,ramanagara district,2421,3530359
karnataka,2024,1,mandya district,2267,3542124
karnataka,2024,1,kodagu district,1140,2224273
karnataka,2024,1,chikkamagaluru district,1648,2937624
karnataka,2024,1,haveri district,1230,2004554
karnataka,2024,1,ballari district,3431,4831884
karnataka,2024,1,belagavi district,5720,8715862
karnataka,2024,1,kolar district,2490,4150022
karnataka,2024,1,uttara kannada district,2559,4070289
karnataka,2024,1,tumakuru district,3869,6378532
karnataka,2024,1,yadgir district,581,815217
karnataka,2024,1,bengaluru urban district,90180,142519454
karnataka,2024,1,chikkaballapura district,1416,2197688
karnataka,2024,1,davanagere district,3555,5139794
karnataka,2024,1,bagalkote district,1712,2367349
karnataka,2024,1,vijayapura district,2722,3531688
karnataka,2024,1,koppal district,996,1332440
karnataka,2024,1,bidar district,1731,2591864
karnataka,2024,1,bengaluru rural district,4242,6701376
karnataka,2024,1,raichur district,1546,2266501
karnataka,2024,1,chamarajanagara district,737,1266685
karnataka,2024,1,dakshina kannada district,4745,7184612
karnataka,2024,1,hassan district,2713,4842663
karnataka,2024,1,dharwad district,5171,7812119
karnataka,2024,1,shivamogga district,3625,5762860
karnataka,2024,1,udupi district,2058,3044505
karnataka,2024,1,gadag district,893,1412057
karnataka,2024,2,mysuru district,7905,13488189
karnataka,2024,2,chitradurga district,1313,2131032
karnataka,2024,2,kalaburagi district,2382,4050257
karnataka,2024,2,ramanagara district,1933,3251251
karnataka,2024,2,mandya district,2109,3476778
karnataka,2024,2,kodagu district,953,2157910
karnataka,2024,2,chikkamagaluru district,1402,2692394
karnataka,2024,2,haveri district,1096,1838630
karnataka,2024,2,ballari district,2906,4557010
karnataka,2024,2,belagavi district,5068,8199208
karnataka,2024,2,kolar district,1941,3530573
karnataka,2024,2,uttara kannada district,2151,3684955
karnataka,2024,2,tumakuru district,3291,5843712
karnataka,2024,2,yadgir district,488,736360
karnataka,2024,2,bengaluru urban district,74985,126101324
karnataka,2024,2,chikkaballapura district,1161,2117864
karnataka,2024,2,davanagere district,3049,4602049
karnataka,2024,2,bagalkote district,1497,2291882
karnataka,2024,2,vijayapura district,2464,3487209
karnataka,2024,2,koppal district,781,1225595
karnataka,2024,2,bidar district,1441,2279489
karnataka,2024,2,bengaluru rural district,3606,6471486
karnataka,2024,2,raichur district,1201,1855641
karnataka,2024,2,chamarajanagara district,629,1051717
karnataka,2024,2,dakshina kannada district,3873,6288144
karnataka,2024,2,hassan district,2554,4874247
karnataka,2024,2,dharwad district,4597,7180375
karnataka,2024,2,shivamogga district,3311,5567612
karnataka,2024,2,udupi district,1762,2997097
karnataka,2024,2,gadag district,750,1274992
karnataka,2024,3,mysuru district,9232,15981102
karnataka,2024,3,chitradurga district,1517,2637516
karnataka,2024,3,kalaburagi district,3567,5365898
karnataka,2024,3,chamarajanagar district,734,1367603
karnataka,2024,3,ramanagara district,2452,4094538
karnataka,2024,3,mandya district,2326,4177394
karnataka,2024,3,kodagu district,894,2029319
karnataka,2024,3,chikkamagaluru district,1499,3072028
karnataka,2024,3,haveri district,1127,1989352
karnataka,2024,3,ballari district,2287,3555487
karnataka,2024,3,belagavi district,5231,8419289
karnataka,2024,3,kolar district,2337,4266582
karnataka,2024,3,vijayanagara district,1253,1718622
karnataka,2024,3,uttara kannada district,2184,3827167
karnataka,2024,3,tumakuru district,3879,6802100
karnataka,2024,3,yadgiri district,587,998745
karnataka,2024,3,yadgir district,1,4024
karnataka,2024,3,bengaluru urban district,96935,156230238
karnataka,2024,3,chikkaballapura district,2,4333
karnataka,2024,3,davanagere district,3355,5105646
karnataka,2024,3,bagalkote district,1550,2628914
karnataka,2024,3,vijayapura district,2832,4194460
karnataka,2024,3,koppal district,976,1437753
karnataka,2024,3,chikkaballapur district,1415,2635241
karnataka,2024,3,bidar district,1866,2976773
karnataka,2024,3,bengaluru rural district,4449,7657754
karnataka,2024,3,raichur district,1461,2300266
karnataka,2024,3,dakshina kannada district,4082,6749762
karnataka,2024,3,hassan district,2838,5450206
karnataka,2024,3,dharwad district,5651,8643613
karnataka,2024,3,shivamogga district,3740,6590269
karnataka,2024,3,udupi district,1954,3124626
karnataka,2024,3,gadag district,777,1356671
karnataka,2024,4,mysuru district,9668,16427026
karnataka,2024,4,chitradurga district,1638,2860889
karnataka,2024,4,kalaburagi district,3821,5798845
karnataka,2024,4,chamarajanagar district,800,1407930
karnataka,2024,4,ramanagara district,2516,4072518
karnataka,2024,4,mandya district,2512,4416731
karnataka,2024,4,kodagu district,1119,2375525
karnataka,2024,4,chikkamagaluru district,1799,3488978
karnataka,2024,4,haveri district,1385,2236677
karnataka,2024,4,ballari district,2401,3591669
karnataka,2024,4,belagavi district,6703,11085250
karnataka,2024,4,kolar district,2562,4775257
karnataka,2024,4,vijayanagara district,1367,2093037
karnataka,2024,4,uttara kannada district,3064,5228733
karnataka,2024,4,tumakuru district,3989,6949950
karnataka,2024,4,yadgiri district,780,1072191
karnataka,2024,4,bengaluru urban district,95390,159224823
karnataka,2024,4,davanagere district,3387,5275711
karnataka,2024,4,bagalkote district,1803,2839676
karnataka,2024,4,vijayapura district,3196,4388541
karnataka,2024,4,koppal district,1022,1493123
karnataka,2024,4,chikkaballapur district,1551,2832446
karnataka,2024,4,bidar district,2076,3333014
karnataka,2024,4,bengaluru rural district,4626,7996121
karnataka,2024,4,raichur district,1992,2768569
karnataka,2024,4,dakshina kannada district,5133,8497551
karnataka,2024,4,hassan district,2867,5764404
karnataka,2024,4,dharwad district,6881,10746750
karnataka,2024,4,shivamogga district,4127,7252477
karnataka,2024,4,udupi district,2448,4008630
karnataka,2024,4,gadag district,909,1558764
kerala,2020,2,thiruvananthapuram district,199,44084
kerala,2020,2,kasaragod district,34,8193
kerala,2020,2,malappuram district,57,13689
kerala,2020,2,pathanamthitta district,61,13599
kerala,2020,2,wayanad district,21,5004
kerala,2020,2,alappuzha district,69,15083
kerala,2020,2,kozhikode district,113,25774
kerala,2020,2,kollam district,96,20737
kerala,2020,2,thrissur district,174,37861
kerala,2020,2,palakkad district,113,27306
kerala,2020,2,kannur district,122,28904
kerala,2020,2,kottayam district,78,18217
kerala,2020,2,ernakulam district,418,93852
kerala,2020,2,idukki district,33,7913
kerala,2020,3,thiruvananthapuram district,1067,343813
kerala,2020,3,kasaragod district,192,61180
kerala,2020,3,malappuram district,492,150394
kerala,2020,3,pathanamthitta district,242,83741
kerala,2020,3,wayanad district,146,47657
kerala,2020,3,alappuzha district,453,148816
kerala,2020,3,kozhikode district,767,230900
kerala,2020,3,kollam district,523,163023
kerala,2020,3,thrissur district,952,328037
kerala,2020,3,palakkad district,419,132488
kerala,2020,3,kannur district,571,202732
kerala,2020,3,kottayam district,393,148283
kerala,2020,3,ernakulam district,2380,725788
kerala,2020,3,idukki district,214,63509
kerala,2020,4,thiruvananthapuram district,617,566230
kerala,2020,4,kasaragod district,155,131806
kerala,2020,4,malappuram district,404,316839
kerala,2020,4,pathanamthitta district,161,140722
kerala,2020,4,wayanad district,114,91850
kerala,2020,4,alappuzha district,281,244366
kerala,2020,4,kozhikode district,570,452862
kerala,2020,4,kollam district,355,319760
kerala,2020,4,thrissur district,526,425296
kerala,2020,4,palakkad district,311,240234
kerala,2020,4,kannur district,371,335755
kerala,2020,4,kottayam district,197,173317
kerala,2020,4,ernakulam district,1310,892676
kerala,2020,4,idukki district,107,113812
kerala,2021,1,thiruvananthapuram district,587,507950
kerala,2021,1,kasaragod district,193,186159
kerala,2021,1,malappuram district,446,350548
kerala,2021,1,pathanamthitta district,132,173982
kerala,2021,1,wayanad district,108,81848
kerala,2021,1,alappuzha district,344,310645
kerala,2021,1,kozhikode district,598,503468
kerala,2021,1,kollam district,383,364847
kerala,2021,1,thrissur district,524,503132
kerala,2021,1,palakkad district,346,300887
kerala,2021,1,kannur district,422,374238
kerala,2021,1,kottayam district,260,224292
kerala,2021,1,ernakulam district,1252,1016580
kerala,2021,1,idukki district,136,141930
kerala,2021,2,thiruvananthapuram district,1176,1162796
kerala,2021,2,kasaragod district,253,295694
kerala,2021,2,malappuram district,849,939169
kerala,2021,2,pathanamthitta district,242,285612
kerala,2021,2,wayanad district,169,174912
kerala,2021,2,alappuzha district,499,499709
kerala,2021,2,kozhikode district,1092,1095684
kerala,2021,2,kollam district,669,747935
kerala,2021,2,thrissur district,820,831809
kerala,2021,2,palakkad district,551,550644
kerala,2021,2,kannur district,541,605434
kerala,2021,2,kottayam district,484,503168
kerala,2021,2,ernakulam district,1939,1728254
kerala,2021,2,idukki district,246,255768
kerala,2021,3,thiruvananthapuram district,1273,1437314
kerala,2021,3,kasaragod district,362,454906
kerala,2021,3,malappuram district,1102,1488543
kerala,2021,3,pathanamthitta district,282,368122
kerala,2021,3,wayanad district,240,324202
kerala,2021,3,alappuzha district,629,875110
kerala,2021,3,kozhikode district,1188,1366856
kerala,2021,3,kollam district,836,1078023
kerala,2021,3,thrissur district,878,954447
kerala,2021,3,palakkad district,622,741332
kerala,2021,3,kannur district,745,940147
kerala,2021,3,kottayam district,495,759525
kerala,2021,3,ernakulam district,2041,2178118
kerala,2021,3,idukki district,233,289001
kerala,2021,4,thiruvananthapuram district,2400,3779310
kerala,2021,4,kasaragod district,615,1112685
kerala,2021,4,malappuram district,1926,3110462
kerala,2021,4,pathanamthitta district,534,1012213
kerala,2021,4,wayanad district,427,722867
kerala,2021,4,alappuzha district,1251,1905411
kerala,2021,4,kozhikode district,1871,2956875
kerala,2021,4,kollam district,1486,2426845
kerala,2021,4,thrissur district,1466,2429009
kerala,2021,4,palakkad district,1054,1728168
kerala,2021,4,kannur district,1255,2260422
kerala,2021,4,kottayam district,971,1683696
kerala,2021,4,ernakulam district,3397,4987028
kerala,2021,4,idukki district,546,1145328
kerala,2022,1,thiruvananthapuram district,4746,7815682
kerala,2022,1,kasaragod district,1085,1979588
kerala,2022,1,malappuram district,3827,6416876
kerala,2022,1,pathanamthitta district,1091,2069233
kerala,2022,1,wayanad district,784,1474070
kerala,2022,1,alappuzha district,2604,4460572
kerala,2022,1,kozhikode district,3868,6125227
kerala,2022,1,kollam district,2669,4851946
kerala,2022,1,thrissur district,2870,5275331
kerala,2022,1,palakkad district,1948,3521858
kerala,2022,1,kannur district,2359,4239885
kerala,2022,1,kottayam district,1758,3443412
kerala,2022,1,ernakulam district,6248,10184076
kerala,2022,1,idukki district,1253,2314434
kerala,2022,2,thiruvananthapuram district,4817,8023082
kerala,2022,2,kasaragod district,980,1750338
kerala,2022,2,malappuram district,3544,5780272
kerala,2022,2,pathanamthitta district,998,1902000
kerala,2022,2,wayanad district,806,1484844
kerala,2022,2,alappuzha district,2379,4025340
kerala,2022,2,kozhikode district,3897,5800476
kerala,2022,2,kollam district,2716,4729038
kerala,2022,2,thrissur district,2754,4617095
kerala,2022,2,palakkad district,1776,3088235
kerala,2022,2,kannur district,1939,3244289
kerala,2022,2,kottayam district,1812,3448007
kerala,2022,2,ernakulam district,6138,9888302
kerala,2022,2,idukki district,1111,2138885
kerala,2022,3,thiruvananthapuram district,6698,10159821
kerala,2022,3,kasaragod district,1538,2512390
kerala,2022,3,malappuram district,6383,9700344
kerala,2022,3,pathanamthitta district,1360,2380207
kerala,2022,3,wayanad district,1276,2256414
kerala,2022,3,alappuzha district,3587,5666299
kerala,2022,3,kozhikode district,5994,8478215
kerala,2022,3,kollam district,4338,6942000
kerala,2022,3,thrissur district,4110,6792045
kerala,2022,3,palakkad district,2724,4339674
kerala,2022,3,kannur district,3232,5087161
kerala,2022,3,kottayam district,2773,4730938
kerala,2022,3,ernakulam district,9029,13521423
kerala,2022,3,idukki district,1545,2823993
kerala,2022,4,thiruvananthapuram district,7869,12164492
kerala,2022,4,kasaragod district,1731,2805951
kerala,2022,4,malappuram district,7505,11502962
kerala,2022,4,pathanamthitta district,1746,3324981
kerala,2022,4,wayanad district,1538,2530600
kerala,2022,4,alappuzha district,4318,6745436
kerala,2022,4,kozhikode district,7244,10442297
kerala,2022,4,kollam district,4693,7758609
kerala,2022,4,thrissur district,4917,7803369
kerala,2022,4,palakkad district,3392,5656594
kerala,2022,4,kannur district,4187,6703769
kerala,2022,4,kottayam district,3274,5790023
kerala,2022,4,ernakulam district,11176,16851440
kerala,2022,4,idukki district,1973,3902474
kerala,2023,1,thiruvananthapuram district,7752,12363104
kerala,2023,1,kasaragod district,1646,2670439
kerala,2023,1,malappuram district,6783,10793744
kerala,2023,1,pathanamthitta district,1429,2617192
kerala,2023,1,wayanad district,1558,2786373
kerala,2023,1,alappuzha district,3784,6192453
kerala,2023,1,kozhikode district,7222,10547486
kerala,2023,1,kollam district,4033,7015862
kerala,2023,1,thrissur district,4850,8185241
kerala,2023,1,palakkad district,3265,5417839
kerala,2023,1,kannur district,3939,6481421
kerala,2023,1,kottayam district,2921,5189859
kerala,2023,1,ernakulam district,11073,17476806
kerala,2023,1,idukki district,2122,4049009
kerala,2023,2,thiruvananthapuram district,8224,13258692
kerala,2023,2,kasaragod district,1471,2514068
kerala,2023,2,malappuram district,6853,11078937
kerala,2023,2,pathanamthitta district,1551,2796657
kerala,2023,2,wayanad district,1456,2786628
kerala,2023,2,alappuzha district,3850,6362914
kerala,2023,2,kozhikode district,6883,10038088
kerala,2023,2,kollam district,4308,7112761
kerala,2023,2,thrissur district,4489,7646887
kerala,2023,2,palakkad district,3314,5694122
kerala,2023,2,kannur district,3529,6134872
kerala,2023,2,kottayam district,2740,5078782
kerala,2023,2,ernakulam district,10598,16600162
kerala,2023,2,idukki district,1766,3517034
kerala,2023,3,thiruvananthapuram district,8669,14060287
kerala,2023,3,kasaragod district,1623,2621233
kerala,2023,3,malappuram district,7289,12049224
kerala,2023,3,pathanamthitta district,1558,2864862
kerala,2023,3,wayanad district,1501,2831532
kerala,2023,3,alappuzha district,4253,7176797
kerala,2023,3,kozhikode district,7048,10419378
kerala,2023,3,kollam district,4958,8529815
kerala,2023,3,thrissur district,4879,8384934
kerala,2023,3,palakkad district,3489,5893459
kerala,2023,3,kannur district,3626,6232084
kerala,2023,3,kottayam district,3260,6030230
kerala,2023,3,ernakulam district,12004,19154183
kerala,2023,3,idukki district,1902,3773564
kerala,2023,4,thiruvananthapuram district,9139,15383409
kerala,2023,4,kasaragod district,1870,3206752
kerala,2023,4,malappuram district,8241,13268920
kerala,2023,4,pathanamthitta district,1740,3464937
kerala,2023,4,wayanad district,1850,3200707
kerala,2023,4,alappuzha district,4462,6988333
kerala,2023,4,kozhikode district,8030,12236953
kerala,2023,4,kollam district,4970,8676874
kerala,2023,4,thrissur district,5464,9203305
kerala,2023,4,palakkad district,3922,6534162
kerala,2023,4,kannur district,4667,7783755
kerala,2023,4,kottayam district,3639,6485056
kerala,2023,4,ernakulam district,13336,21283249
kerala,2023,4,idukki district,2213,4188634
kerala,2024,1,thiruvananthapuram district,9009,14401433
kerala,2024,1,kasaragod district,1975,3009837
kerala,2024,1,malappuram district,7878,11442023
kerala,2024,1,pathanamthitta district,1800,3043985
kerala,2024,1,wayanad district,1896,3103171
kerala,2024,1,alappuzha district,4570,7250080
kerala,2024,1,kozhikode district,7818,11291867
kerala,2024,1,kollam district,4812,7932381
kerala,2024,1,thrissur district,5531,8883949
kerala,2024,1,palakkad district,3915,6273930
kerala,2024,1,kannur district,4612,7249941
kerala,2024,1,kottayam district,3899,6495719
kerala,2024,1,ernakulam district,12981,20575531
kerala,2024,1,idukki district,2410,4147944
kerala,2024,2,thiruvananthapuram district,8171,13733594
kerala,2024,2,kasaragod district,1652,2662773
kerala,2024,2,malappuram district,7351,11554891
kerala,2024,2,pathanamthitta district,1731,2963975
kerala,2024,2,wayanad district,1770,3128246
kerala,2024,2,alappuzha district,4001,6633278
kerala,2024,2,kozhikode district,6739,10175936
kerala,2024,2,kollam district,4687,8003389
kerala,2024,2,thrissur district,4961,8233954
kerala,2024,2,palakkad district,3620,5990110
kerala,2024,2,kannur district,3878,6367728
kerala,2024,2,kottayam district,3299,5927426
kerala,2024,2,ernakulam district,11149,18695182
kerala,2024,2,idukki district,2262,4071887
kerala,2024,3,thiruvananthapuram district,10054,17206859
kerala,2024,3,kasaragod district,1,1131
kerala,2024,3,malappuram district,8723,13934057
kerala,2024,3,pathanamthitta district,2061,3492975
kerala,2024,3,wayanad district,1787,3196128
kerala,2024,3,alappuzha district,4917,8090275
kerala,2024,3,kozhikode district,8105,12664149
kerala,2024,3,kollam district,5933,10174949
kerala,2024,3,kasargod district,1958,3124852
kerala,2024,3,thrissur district,6096,9994666
kerala,2024,3,palakkad district,4336,7204261
kerala,2024,3,kannur district,4564,7586845
kerala,2024,3,kottayam district,4187,7258218
kerala,2024,3,ernakulam district,14031,23407883
kerala,2024,3,idukki district,2370,4384451
kerala,2024,4,thiruvananthapuram district,10961,18593239
kerala,2024,4,malappuram district,9829,14805451
kerala,2024,4,pathanamthitta district,2137,4011276
kerala,2024,4,wayanad district,2367,3860316
kerala,2024,4,alappuzha district,5391,8466002
kerala,2024,4,kozhikode district,9313,13828980
kerala,2024,4,kollam district,6163,10147122
kerala,2024,4,kasargod district,2307,3505551
kerala,2024,4,thrissur district,7040,11532393
kerala,2024,4,palakkad district,4985,7861199
kerala,2024,4,kannur district,5242,8310581
kerala,2024,4,kottayam district,4819,8243280
kerala,2024,4,ernakulam district,15903,25255702
kerala,2024,4,idukki district,3076,5662021
ladakh,2020,2,kargil district,11,1845
ladakh,2020,2,leh ladakh district,3,693
ladakh,2020,3,kargil district,15,5884
ladakh,2020,3,leh ladakh district,18,4376
ladakh,2020,4,kargil district,2,575
ladakh,2020,4,leh ladakh district,25,33631
ladakh,2021,1,kargil district,10,4568
ladakh,2021,1,leh ladakh district,22,29962
ladakh,2021,2,kargil district,12,32158
ladakh,2021,2,leh ladakh district,34,54093
ladakh,2021,3,kargil district,16,23756
ladakh,2021,3,leh ladakh district,176,150296
ladakh,2021,4,kargil district,18,38692
ladakh,2021,4,leh ladakh district,58,157274
ladakh,2022,1,kargil district,25,55961
ladakh,2022,1,leh ladakh district,50,137974
ladakh,2022,2,kargil district,37,67078
ladakh,2022,2,leh ladakh district,76,202368
ladakh,2022,3,kargil district,28,79539
ladakh,2022,3,leh ladakh district,109,290203
ladakh,2022,4,kargil district,37,90767
ladakh,2022,4,leh ladakh district,125,319324
ladakh,2023,1,kargil district,49,132469
ladakh,2023,1,leh ladakh district,112,363267
ladakh,2023,2,kargil district,46,124697
ladakh,2023,2,leh ladakh district,169,511134
ladakh,2023,3,kargil district,47,107009
ladakh,2023,3,leh ladakh district,185,542018
ladakh,2023,4,kargil district,38,114419
ladakh,2023,4,leh ladakh district,204,604548
ladakh,2024,1,kargil district,65,135370
ladakh,2024,1,leh ladakh district,226,479065
ladakh,2024,2,kargil district,99,303519
ladakh,2024,2,leh ladakh district,316,660830
ladakh,2024,3,kargil district,91,233710
ladakh,2024,3,leh ladakh district,355,744927
ladakh,2024,4,kargil district,94,230445
ladakh,2024,4,leh ladakh district,335,739889
lakshadweep,2020,3,lakshadweep district,4,1199
lakshadweep,2021,1,lakshadweep district,4,5225
lakshadweep,2021,2,lakshadweep district,5,6962
lakshadweep,2021,3,lakshadweep district,19,16034
lakshadweep,2021,4,lakshadweep district,11,17096
lakshadweep,2022,1,lakshadweep district,27,34664
lakshadweep,2022,2,lakshadweep district,18,27463
lakshadweep,2022,3,lakshadweep district,38,41504
lakshadweep,2022,4,lakshadweep district,15,27135
lakshadweep,2023,1,lakshadweep district,26,30199
lakshadweep,2023,2,lakshadweep district,15,38384
lakshadweep,2023,3,lakshadweep district,12,12407
lakshadweep,2023,4,lakshadweep district,53,78346
lakshadweep,2024,1,lakshadweep district,15,12935
lakshadweep,2024,2,lakshadweep district,26,33630
lakshadweep,2024,3,lakshadweep district,49,55312
lakshadweep,2024,4,lakshadweep district,159,185542
madhya-pradesh,2020,2,morena district,58,11829
madhya-pradesh,2020,2,alirajpur district,5,1734
madhya-pradesh,2020,2,sehore district,87,17893
madhya-pradesh,2020,2,rajgarh district,69,14681
madhya-pradesh,2020,2,khargone district,124,26301
madhya-pradesh,2020,2,satna district,100,20726
madhya-pradesh,2020,2,narsinghpur district,74,15416
madhya-pradesh,2020,2,jabalpur district,326,60929
madhya-pradesh,2020,2,hoshangabad district,110,22009
madhya-pradesh,2020,2,vidisha district,43,8782
madhya-pradesh,2020,2,balaghat district,54,11175
madhya-pradesh,2020,2,singrauli district,80,17272
madhya-pradesh,2020,2,betul district,115,22406
madhya-pradesh,2020,2,sidhi district,18,3904
madhya-pradesh,2020,2,datia district,25,5010
madhya-pradesh,2020,2,dewas district,155,32391
madhya-pradesh,2020,2,sheopur district,9,2271
madhya-pradesh,2020,2,neemuch district,48,10863
madhya-pradesh,2020,2,raisen district,77,15781
madhya-pradesh,2020,2,mandsaur district,94,18183
madhya-pradesh,2020,2,barwani district,33,7032
madhya-pradesh,2020,2,katni district,69,14814
madhya-pradesh,2020,2,dindori district,3,693
madhya-pradesh,2020,2,shivpuri district,34,7310
madhya-pradesh,2020,2,gwalior district,243,46280
madhya-pradesh,2020,2,anuppur district,13,2993
madhya-pradesh,2020,2,agar malwa district,10,2659
madhya-pradesh,2020,2,ashoknagar district,17,3056
madhya-pradesh,2020,2,sagar district,131,28964
madhya-pradesh,2020,2,niwari district,7,1242
madhya-pradesh,2020,2,rewa district,96,21934
madhya-pradesh,2020,2,shajapur district,45,10193
madhya-pradesh,2020,2,ujjain district,178,35526
madhya-pradesh,2020,2,bhind district,32,7075
madhya-pradesh,2020,2,tikamgarh district,25,5562
madhya-pradesh,2020,2,seoni district,57,13663
madhya-pradesh,2020,2,harda district,32,6913
madhya-pradesh,2020,2,burhanpur district,51,11730
madhya-pradesh,2020,2,damoh district,57,11144
madhya-pradesh,2020,2,bhopal district,1085,192080
madhya-pradesh,2020,2,jhabua district,17,4009
madhya-pradesh,2020,2,dhar district,131,28292
madhya-pradesh,2020,2,guna district,34,7537
madhya-pradesh,2020,2,east nimar district,83,16720
madhya-pradesh,2020,2,chhindwara district,73,16441
madhya-pradesh,2020,2,umaria district,26,5735
madhya-pradesh,2020,2,mandla district,22,6263
madhya-pradesh,2020,2,indore district,1839,307509
madhya-pradesh,2020,2,shahdol district,38,8716
madhya-pradesh,2020,2,ratlam district,96,19723
madhya-pradesh,2020,2,panna district,5,1289
madhya-pradesh,2020,2,chhatarpur district,30,6048
madhya-pradesh,2020,3,morena district,155,30342
madhya-pradesh,2020,3,alirajpur district,40,7804
madhya-pradesh,2020,3,sehore district,254,53074
madhya-pradesh,2020,3,rajgarh district,177,36090
madhya-pradesh,2020,3,khargone district,223,49369
madhya-pradesh,2020,3,satna district,287,64817
madhya-pradesh,2020,3,narsinghpur district,173,46817
madhya-pradesh,2020,3,jabalpur district,849,232913
madhya-pradesh,2020,3,hoshangabad district,256,61050
madhya-pradesh,2020,3,vidisha district,179,42412
madhya-pradesh,2020,3,balaghat district,224,55341
madhya-pradesh,2020,3,singrauli district,221,55315
madhya-pradesh,2020,3,betul district,316,69680
madhya-pradesh,2020,3,sidhi district,131,28868
madhya-pradesh,2020,3,datia district,62,13613
madhya-pradesh,2020,3,dewas district,519,173166
madhya-pradesh,2020,3,sheopur district,31,6301
madhya-pradesh,2020,3,neemuch district,110,23213
madhya-pradesh,2020,3,raisen district,208,47455
madhya-pradesh,2020,3,mandsaur district,215,58951
madhya-pradesh,2020,3,barwani district,125,29863
madhya-pradesh,2020,3,katni district,179,48319
madhya-pradesh,2020,3,dindori district,46,8452
madhya-pradesh,2020,3,shivpuri district,112,22721
madhya-pradesh,2020,3,gwalior district,786,197464
madhya-pradesh,2020,3,anuppur district,78,17894
madhya-pradesh,2020,3,agar malwa district,82,14452
madhya-pradesh,2020,3,ashoknagar district,52,9239
madhya-pradesh,2020,3,sagar district,362,93543
madhya-pradesh,2020,3,niwari district,30,6624
madhya-pradesh,2020,3,rewa district,319,78774
madhya-pradesh,2020,3,shajapur district,178,35638
madhya-pradesh,2020,3,ujjain district,435,99084
madhya-pradesh,2020,3,bhind district,124,28714
madhya-pradesh,2020,3,tikamgarh district,67,13975
madhya-pradesh,2020,3,seoni district,184,45507
madhya-pradesh,2020,3,harda district,137,35716
madhya-pradesh,2020,3,burhanpur district,84,19966
madhya-pradesh,2020,3,damoh district,116,32056
madhya-pradesh,2020,3,bhopal district,1645,396267
madhya-pradesh,2020,3,jhabua district,112,28252
madhya-pradesh,2020,3,dhar district,466,102051
madhya-pradesh,2020,3,guna district,172,33899
madhya-pradesh,2020,3,east nimar district,186,39021
madhya-pradesh,2020,3,chhindwara district,329,83081
madhya-pradesh,2020,3,umaria district,57,13301
madhya-pradesh,2020,3,mandla district,103,20736
madhya-pradesh,2020,3,indore district,2651,650508
madhya-pradesh,2020,3,shahdol district,165,43751
madhya-pradesh,2020,3,ratlam district,309,57232
madhya-pradesh,2020,3,panna district,50,9603
madhya-pradesh,2020,3,chhatarpur district,105,23832
madhya-pradesh,2020,4,morena district,109,41901
madhya-pradesh,2020,4,alirajpur district,27,11177
madhya-pradesh,2020,4,sehore district,259,76883
madhya-pradesh,2020,4,rajgarh district,183,52132
madhya-pradesh,2020,4,khargone district,218,77172
madhya-pradesh,2020,4,satna district,284,149067
madhya-pradesh,2020,4,narsinghpur district,121,57148
madhya-pradesh,2020,4,jabalpur district,455,263094
madhya-pradesh,2020,4,hoshangabad district,230,98473
madhya-pradesh,2020,4,vidisha district,141,64757
madhya-pradesh,2020,4,balaghat district,211,77280
madhya-pradesh,2020,4,singrauli district,153,116507
madhya-pradesh,2020,4,betul district,267,96761
madhya-pradesh,2020,4,sidhi district,92,52466
madhya-pradesh,2020,4,datia district,46,25707
madhya-pradesh,2020,4,dewas district,282,115156
madhya-pradesh,2020,4,sheopur district,23,9290
madhya-pradesh,2020,4,neemuch district,102,39372
madhya-pradesh,2020,4,raisen district,178,64055
madhya-pradesh,2020,4,mandsaur district,182,51307
madhya-pradesh,2020,4,barwani district,113,47429
madhya-pradesh,2020,4,katni district,113,69056
madhya-pradesh,2020,4,dindori district,54,30419
madhya-pradesh,2020,4,shivpuri district,103,30625
madhya-pradesh,2020,4,gwalior district,477,314023
madhya-pradesh,2020,4,anuppur district,69,41608
madhya-pradesh,2020,4,agar malwa district,73,21125
madhya-pradesh,2020,4,ashoknagar district,46,17739
madhya-pradesh,2020,4,sagar district,245,99518
madhya-pradesh,2020,4,niwari district,21,11912
madhya-pradesh,2020,4,rewa district,267,106386
madhya-pradesh,2020,4,shajapur district,121,50108
madhya-pradesh,2020,4,ujjain district,397,170342
madhya-pradesh,2020,4,bhind district,107,48433
madhya-pradesh,2020,4,tikamgarh district,52,23206
madhya-pradesh,2020,4,seoni district,116,54596
madhya-pradesh,2020,4,harda district,77,24418
madhya-pradesh,2020,4,burhanpur district,77,25705
madhya-pradesh,2020,4,damoh district,97,38456
madhya-pradesh,2020,4,bhopal district,1097,587203
madhya-pradesh,2020,4,jhabua district,105,41610
madhya-pradesh,2020,4,dhar district,359,123734
madhya-pradesh,2020,4,guna district,97,22972
madhya-pradesh,2020,4,east nimar district,159,56794
madhya-pradesh,2020,4,chhindwara district,304,115853
madhya-pradesh,2020,4,umaria district,45,34446
madhya-pradesh,2020,4,mandla district,80,39727
madhya-pradesh,2020,4,indore district,1712,912031
madhya-pradesh,2020,4,shahdol district,147,71389
madhya-pradesh,2020,4,ratlam district,197,62186
madhya-pradesh,2020,4,panna district,59,16853
madhya-pradesh,2020,4,chhatarpur district,104,47517
madhya-pradesh,2021,1,morena district,150,71346
madhya-pradesh,2021,1,alirajpur district,25,9578
madhya-pradesh,2021,1,sehore district,322,67533
madhya-pradesh,2021,1,rajgarh district,270,60004
madhya-pradesh,2021,1,khargone district,347,101796
madhya-pradesh,2021,1,satna district,369,153320
madhya-pradesh,2021,1,narsinghpur district,173,62588
madhya-pradesh,2021,1,jabalpur district,601,303438
madhya-pradesh,2021,1,hoshangabad district,214,63729
madhya-pradesh,2021,1,vidisha district,206,66309
madhya-pradesh,2021,1,balaghat district,308,72331
madhya-pradesh,2021,1,singrauli district,223,144336
madhya-pradesh,2021,1,betul district,289,122643
madhya-pradesh,2021,1,sidhi district,128,106652
madhya-pradesh,2021,1,datia district,79,26633
madhya-pradesh,2021,1,dewas district,451,132348
madhya-pradesh,2021,1,sheopur district,37,12991
madhya-pradesh,2021,1,neemuch district,159,46571
madhya-pradesh,2021,1,raisen district,217,69019
madhya-pradesh,2021,1,mandsaur district,286,69412
madhya-pradesh,2021,1,barwani district,193,62216
madhya-pradesh,2021,1,katni district,200,89957
madhya-pradesh,2021,1,dindori district,54,41711
madhya-pradesh,2021,1,shivpuri district,132,44592
madhya-pradesh,2021,1,gwalior district,630,303050
madhya-pradesh,2021,1,anuppur district,99,42588
madhya-pradesh,2021,1,agar malwa district,83,17031
madhya-pradesh,2021,1,ashoknagar district,59,17401
madhya-pradesh,2021,1,sagar district,324,108422
madhya-pradesh,2021,1,niwari district,38,17725
madhya-pradesh,2021,1,rewa district,338,156941
madhya-pradesh,2021,1,shajapur district,184,44473
madhya-pradesh,2021,1,ujjain district,580,180839
madhya-pradesh,2021,1,bhind district,161,58415
madhya-pradesh,2021,1,tikamgarh district,65,20385
madhya-pradesh,2021,1,seoni district,181,87375
madhya-pradesh,2021,1,harda district,87,32581
madhya-pradesh,2021,1,burhanpur district,108,38238
madhya-pradesh,2021,1,damoh district,90,26172
madhya-pradesh,2021,1,bhopal district,1322,583286
madhya-pradesh,2021,1,jhabua district,145,63050
madhya-pradesh,2021,1,dhar district,497,132946
madhya-pradesh,2021,1,guna district,152,54237
madhya-pradesh,2021,1,east nimar district,172,64291
madhya-pradesh,2021,1,chhindwara district,386,159947
madhya-pradesh,2021,1,umaria district,49,27703
madhya-pradesh,2021,1,mandla district,114,43715
madhya-pradesh,2021,1,indore district,2373,1044072
madhya-pradesh,2021,1,shahdol district,182,52855
madhya-pradesh,2021,1,ratlam district,360,106113
madhya-pradesh,2021,1,panna district,70,17385
madhya-pradesh,2021,1,chhatarpur district,145,65638
madhya-pradesh,2021,2,morena district,157,123142
madhya-pradesh,2021,2,alirajpur district,47,33878
madhya-pradesh,2021,2,sehore district,253,116026
madhya-pradesh,2021,2,rajgarh district,206,130230
madhya-pradesh,2021,2,khargone district,275,137140
madhya-pradesh,2021,2,satna district,421,352758
madhya-pradesh,2021,2,narsinghpur district,179,122436
madhya-pradesh,2021,2,jabalpur district,581,371266
madhya-pradesh,2021,2,hoshangabad district,360,188133
madhya-pradesh,2021,2,vidisha district,169,67220
madhya-pradesh,2021,2,balaghat district,265,157789
madhya-pradesh,2021,2,singrauli district,203,309593
madhya-pradesh,2021,2,betul district,405,265449
madhya-pradesh,2021,2,sidhi district,118,89926
madhya-pradesh,2021,2,datia district,87,60074
madhya-pradesh,2021,2,dewas district,478,257393
madhya-pradesh,2021,2,sheopur district,49,20034
madhya-pradesh,2021,2,neemuch district,149,62898
madhya-pradesh,2021,2,raisen district,213,95022
madhya-pradesh,2021,2,mandsaur district,248,88259
madhya-pradesh,2021,2,barwani district,166,99335
madhya-pradesh,2021,2,katni district,181,117581
madhya-pradesh,2021,2,dindori district,66,52845
madhya-pradesh,2021,2,shivpuri district,134,114820
madhya-pradesh,2021,2,gwalior district,733,524171
madhya-pradesh,2021,2,anuppur district,106,61217
madhya-pradesh,2021,2,agar malwa district,83,41115
madhya-pradesh,2021,2,ashoknagar district,57,27092
madhya-pradesh,2021,2,sagar district,395,337878
madhya-pradesh,2021,2,niwari district,33,31921
madhya-pradesh,2021,2,rewa district,381,337158
madhya-pradesh,2021,2,shajapur district,168,90123
madhya-pradesh,2021,2,ujjain district,479,275694
madhya-pradesh,2021,2,bhind district,178,150391
madhya-pradesh,2021,2,tikamgarh district,65,75917
madhya-pradesh,2021,2,seoni district,218,131630
madhya-pradesh,2021,2,harda district,90,68216
madhya-pradesh,2021,2,burhanpur district,109,89957
madhya-pradesh,2021,2,damoh district,102,43107
madhya-pradesh,2021,2,bhopal district,1609,1026663
madhya-pradesh,2021,2,jhabua district,79,38629
madhya-pradesh,2021,2,dhar district,445,242729
madhya-pradesh,2021,2,guna district,159,85570
madhya-pradesh,2021,2,east nimar district,200,141749
madhya-pradesh,2021,2,chhindwara district,378,245796
madhya-pradesh,2021,2,umaria district,81,52466
madhya-pradesh,2021,2,mandla district,131,96384
madhya-pradesh,2021,2,indore district,2409,1643068
madhya-pradesh,2021,2,shahdol district,169,102915
madhya-pradesh,2021,2,ratlam district,343,255117
madhya-pradesh,2021,2,panna district,51,25032
madhya-pradesh,2021,2,chhatarpur district,142,112439
madhya-pradesh,2021,3,morena district,130,77151
madhya-pradesh,2021,3,alirajpur district,41,20767
madhya-pradesh,2021,3,sehore district,218,135111
madhya-pradesh,2021,3,rajgarh district,185,81718
madhya-pradesh,2021,3,khargone district,235,131069
madhya-pradesh,2021,3,satna district,281,206394
madhya-pradesh,2021,3,narsinghpur district,129,73041
madhya-pradesh,2021,3,jabalpur district,429,329648
madhya-pradesh,2021,3,hoshangabad district,211,150638
madhya-pradesh,2021,3,vidisha district,173,79561
madhya-pradesh,2021,3,balaghat district,221,159751
madhya-pradesh,2021,3,singrauli district,224,259752
madhya-pradesh,2021,3,betul district,257,154465
madhya-pradesh,2021,3,sidhi district,131,107940
madhya-pradesh,2021,3,datia district,54,30543
madhya-pradesh,2021,3,dewas district,348,222915
madhya-pradesh,2021,3,sheopur district,35,10581
madhya-pradesh,2021,3,neemuch district,151,78214
madhya-pradesh,2021,3,raisen district,160,92245
madhya-pradesh,2021,3,mandsaur district,229,88639
madhya-pradesh,2021,3,barwani district,126,63678
madhya-pradesh,2021,3,katni district,146,144202
madhya-pradesh,2021,3,dindori district,55,47929
madhya-pradesh,2021,3,shivpuri district,109,53392
madhya-pradesh,2021,3,gwalior district,512,475936
madhya-pradesh,2021,3,anuppur district,80,48900
madhya-pradesh,2021,3,agar malwa district,74,46693
madhya-pradesh,2021,3,ashoknagar district,31,18897
madhya-pradesh,2021,3,sagar district,270,161787
madhya-pradesh,2021,3,niwari district,18,25038
madhya-pradesh,2021,3,rewa district,287,228592
madhya-pradesh,2021,3,shajapur district,113,29718
madhya-pradesh,2021,3,ujjain district,415,193371
madhya-pradesh,2021,3,bhind district,114,75592
madhya-pradesh,2021,3,tikamgarh district,77,37534
madhya-pradesh,2021,3,seoni district,149,90995
madhya-pradesh,2021,3,harda district,74,40713
madhya-pradesh,2021,3,burhanpur district,79,53159
madhya-pradesh,2021,3,damoh district,75,41380
madhya-pradesh,2021,3,bhopal district,983,700198
madhya-pradesh,2021,3,jhabua district,104,39182
madhya-pradesh,2021,3,dhar district,438,254560
madhya-pradesh,2021,3,guna district,142,74308
madhya-pradesh,2021,3,east nimar district,139,77928
madhya-pradesh,2021,3,chhindwara district,389,301402
madhya-pradesh,2021,3,umaria district,54,22653
madhya-pradesh,2021,3,mandla district,98,90535
madhya-pradesh,2021,3,indore district,2349,1551659
madhya-pradesh,2021,3,shahdol district,120,70155
madhya-pradesh,2021,3,ratlam district,329,122806
madhya-pradesh,2021,3,panna district,75,52197
madhya-pradesh,2021,3,chhatarpur district,124,81026
madhya-pradesh,2021,4,morena district,201,255258
madhya-pradesh,2021,4,alirajpur district,40,26031
madhya-pradesh,2021,4,sehore district,282,289700
madhya-pradesh,2021,4,rajgarh district,175,162090
madhya-pradesh,2021,4,khargone district,257,239898
madhya-pradesh,2021,4,satna district,392,499763
madhya-pradesh,2021,4,narsinghpur district,166,165876
madhya-pradesh,2021,4,jabalpur district,672,791859
madhya-pradesh,2021,4,hoshangabad district,252,356304
madhya-pradesh,2021,4,vidisha district,124,132482
madhya-pradesh,2021,4,balaghat district,248,333621
madhya-pradesh,2021,4,singrauli district,334,521508
madhya-pradesh,2021,4,betul district,325,329113
madhya-pradesh,2021,4,sidhi district,179,281145
madhya-pradesh,2021,4,datia district,90,105862
madhya-pradesh,2021,4,dewas district,347,392812
madhya-pradesh,2021,4,sheopur district,47,72924
madhya-pradesh,2021,4,neemuch district,146,172539
madhya-pradesh,2021,4,raisen district,233,226422
madhya-pradesh,2021,4,mandsaur district,248,193893
madhya-pradesh,2021,4,barwani district,74,123222
madhya-pradesh,2021,4,katni district,207,248784
madhya-pradesh,2021,4,dindori district,61,81880
madhya-pradesh,2021,4,shivpuri district,131,162002
madhya-pradesh,2021,4,gwalior district,879,1082459
madhya-pradesh,2021,4,anuppur district,106,165242
madhya-pradesh,2021,4,agar malwa district,66,35306
madhya-pradesh,2021,4,ashoknagar district,63,43429
madhya-pradesh,2021,4,sagar district,357,376821
madhya-pradesh,2021,4,niwari district,50,46507
madhya-pradesh,2021,4,rewa district,332,397365
madhya-pradesh,2021,4,shajapur district,134,100216
madhya-pradesh,2021,4,ujjain district,524,561237
madhya-pradesh,2021,4,bhind district,137,151207
madhya-pradesh,2021,4,tikamgarh district,83,90321
madhya-pradesh,2021,4,seoni district,189,243831
madhya-pradesh,2021,4,harda district,81,113837
madhya-pradesh,2021,4,burhanpur district,105,115074
madhya-pradesh,2021,4,damoh district,115,81416
madhya-pradesh,2021,4,bhopal district,1534,1918374
madhya-pradesh,2021,4,jhabua district,86,177406
madhya-pradesh,2021,4,dhar district,270,394998
madhya-pradesh,2021,4,guna district,188,134145
madhya-pradesh,2021,4,east nimar district,184,163460
madhya-pradesh,2021,4,chhindwara district,372,497400
madhya-pradesh,2021,4,umaria district,88,94706
madhya-pradesh,2021,4,mandla district,112,157188
madhya-pradesh,2021,4,indore district,3226,3536081
madhya-pradesh,2021,4,shahdol district,167,185045
madhya-pradesh,2021,4,ratlam district,150,228767
madhya-pradesh,2021,4,panna district,68,88238
madhya-pradesh,2021,4,chhatarpur district,172,179368
madhya-pradesh,2022,1,morena district,147,239379
madhya-pradesh,2022,1,alirajpur district,33,45934
madhya-pradesh,2022,1,sehore district,177,234674
madhya-pradesh,2022,1,rajgarh district,151,153700
madhya-pradesh,2022,1,khargone district,209,283056
madhya-pradesh,2022,1,satna district,393,533125
madhya-pradesh,2022,1,narsinghpur district,125,234242
madhya-pradesh,2022,1,jabalpur district,694,992911
madhya-pradesh,2022,1,hoshangabad district,198,312689
madhya-pradesh,2022,1,vidisha district,98,126953
madhya-pradesh,2022,1,balaghat district,183,291829
madhya-pradesh,2022,1,singrauli district,325,496325
madhya-pradesh,2022,1,betul district,240,357910
madhya-pradesh,2022,1,sidhi district,133,219895
madhya-pradesh,2022,1,datia district,70,105969
madhya-pradesh,2022,1,dewas district,334,486386
madhya-pradesh,2022,1,sheopur district,44,52015
madhya-pradesh,2022,1,neemuch district,124,157703
madhya-pradesh,2022,1,raisen district,154,201672
madhya-pradesh,2022,1,mandsaur district,182,242949
madhya-pradesh,2022,1,barwani district,96,127556
madhya-pradesh,2022,1,katni district,175,267278
madhya-pradesh,2022,1,dindori district,71,102201
madhya-pradesh,2022,1,shivpuri district,112,186867
madhya-pradesh,2022,1,gwalior district,794,1131189
madhya-pradesh,2022,1,anuppur district,100,111962
madhya-pradesh,2022,1,agar malwa district,57,61142
madhya-pradesh,2022,1,ashoknagar district,49,72506
madhya-pradesh,2022,1,sagar district,278,464547
madhya-pradesh,2022,1,niwari district,35,49002
madhya-pradesh,2022,1,rewa district,311,438555
madhya-pradesh,2022,1,shajapur district,104,97944
madhya-pradesh,2022,1,ujjain district,541,675707
madhya-pradesh,2022,1,bhind district,132,248258
madhya-pradesh,2022,1,tikamgarh district,70,95935
madhya-pradesh,2022,1,seoni district,168,261658
madhya-pradesh,2022,1,harda district,77,140753
madhya-pradesh,2022,1,burhanpur district,69,138965
madhya-pradesh,2022,1,damoh district,73,64133
madhya-pradesh,2022,1,bhopal district,1432,2382094
madhya-pradesh,2022,1,jhabua district,94,159813
madhya-pradesh,2022,1,dhar district,304,411503
madhya-pradesh,2022,1,guna district,160,150229
madhya-pradesh,2022,1,east nimar district,129,180117
madhya-pradesh,2022,1,chhindwara district,333,633829
madhya-pradesh,2022,1,umaria district,59,75393
madhya-pradesh,2022,1,mandla district,81,113248
madhya-pradesh,2022,1,indore district,3338,4391052
madhya-pradesh,2022,1,shahdol district,159,225529
madhya-pradesh,2022,1,ratlam district,179,339619
madhya-pradesh,2022,1,panna district,61,85047
madhya-pradesh,2022,1,chhatarpur district,136,248515
madhya-pradesh,2022,2,morena district,177,303280
madhya-pradesh,2022,2,alirajpur district,59,81021
madhya-pradesh,2022,2,sehore district,188,213600
madhya-pradesh,2022,2,rajgarh district,164,264110
madhya-pradesh,2022,2,khargone district,219,255459
madhya-pradesh,2022,2,satna district,388,524950
madhya-pradesh,2022,2,narsinghpur district,126,192017
madhya-pradesh,2022,2,jabalpur district,676,1002513
madhya-pradesh,2022,2,hoshangabad district,242,306538
madhya-pradesh,2022,2,vidisha district,138,198594
madhya-pradesh,2022,2,balaghat district,208,308085
madhya-pradesh,2022,2,singrauli district,336,662156
madhya-pradesh,2022,2,betul district,264,378920
madhya-pradesh,2022,2,sidhi district,160,277853
madhya-pradesh,2022,2,datia district,58,89341
madhya-pradesh,2022,2,dewas district,352,461324
madhya-pradesh,2022,2,sheopur district,52,33216
madhya-pradesh,2022,2,neemuch district,129,194896
madhya-pradesh,2022,2,raisen district,185,231386
madhya-pradesh,2022,2,mandsaur district,197,240773
madhya-pradesh,2022,2,barwani district,129,174201
madhya-pradesh,2022,2,katni district,167,252497
madhya-pradesh,2022,2,dindori district,74,91921
madhya-pradesh,2022,2,shivpuri district,97,126849
madhya-pradesh,2022,2,gwalior district,888,1206830
madhya-pradesh,2022,2,anuppur district,86,138886
madhya-pradesh,2022,2,agar malwa district,62,85100
madhya-pradesh,2022,2,ashoknagar district,59,152302
madhya-pradesh,2022,2,sagar district,307,489137
madhya-pradesh,2022,2,niwari district,63,87429
madhya-pradesh,2022,2,rewa district,389,563082
madhya-pradesh,2022,2,shajapur district,141,161237
madhya-pradesh,2022,2,ujjain district,501,637321
madhya-pradesh,2022,2,bhind district,145,239082
madhya-pradesh,2022,2,tikamgarh district,73,102692
madhya-pradesh,2022,2,seoni district,174,314737
madhya-pradesh,2022,2,harda district,60,139774
madhya-pradesh,2022,2,burhanpur district,72,122862
madhya-pradesh,2022,2,damoh district,67,77665
madhya-pradesh,2022,2,bhopal district,1558,2101745
madhya-pradesh,2022,2,jhabua district,103,123388
madhya-pradesh,2022,2,dhar district,430,467154
madhya-pradesh,2022,2,guna district,173,161751
madhya-pradesh,2022,2,east nimar district,165,199610
madhya-pradesh,2022,2,chhindwara district,344,537424
madhya-pradesh,2022,2,umaria district,53,79549
madhya-pradesh,2022,2,mandla district,113,174057
madhya-pradesh,2022,2,indore district,3158,4107710
madhya-pradesh,2022,2,shahdol district,165,215269
madhya-pradesh,2022,2,ratlam district,250,293981
madhya-pradesh,2022,2,panna district,66,110365
madhya-pradesh,2022,2,chhatarpur district,179,203459
madhya-pradesh,2022,3,morena district,238,274536
madhya-pradesh,2022,3,alirajpur district,68,60968
madhya-pradesh,2022,3,sehore district,329,458455
madhya-pradesh,2022,3,rajgarh district,211,221612
madhya-pradesh,2022,3,khargone district,376,498355
madhya-pradesh,2022,3,satna district,484,593095
madhya-pradesh,2022,3,narsinghpur district,228,387800
madhya-pradesh,2022,3,jabalpur district,1193,1547332
madhya-pradesh,2022,3,hoshangabad district,279,432084
madhya-pradesh,2022,3,vidisha district,146,162346
madhya-pradesh,2022,3,balaghat district,324,400132
madhya-pradesh,2022,3,singrauli district,550,768082
madhya-pradesh,2022,3,betul district,390,477663
madhya-pradesh,2022,3,sidhi district,254,334550
madhya-pradesh,2022,3,datia district,125,177283
madhya-pradesh,2022,3,dewas district,549,773666
madhya-pradesh,2022,3,sheopur district,59,85139
madhya-pradesh,2022,3,neemuch district,184,309205
madhya-pradesh,2022,3,raisen district,265,334124
madhya-pradesh,2022,3,mandsaur district,299,390958
madhya-pradesh,2022,3,barwani district,184,247854
madhya-pradesh,2022,3,katni district,330,410756
madhya-pradesh,2022,3,dindori district,132,150203
madhya-pradesh,2022,3,shivpuri district,168,224706
madhya-pradesh,2022,3,gwalior district,1415,1706159
madhya-pradesh,2022,3,anuppur district,136,250516
madhya-pradesh,2022,3,agar malwa district,104,168652
madhya-pradesh,2022,3,ashoknagar district,78,94729
madhya-pradesh,2022,3,sagar district,488,600078
madhya-pradesh,2022,3,niwari district,65,124135
madhya-pradesh,2022,3,rewa district,596,753227
madhya-pradesh,2022,3,shajapur district,155,185322
madhya-pradesh,2022,3,ujjain district,715,922071
madhya-pradesh,2022,3,bhind district,161,210734
madhya-pradesh,2022,3,tikamgarh district,105,138452
madhya-pradesh,2022,3,seoni district,281,385270
madhya-pradesh,2022,3,harda district,147,178978
madhya-pradesh,2022,3,burhanpur district,119,140660
madhya-pradesh,2022,3,damoh district,147,121580
madhya-pradesh,2022,3,bhopal district,2666,3738867
madhya-pradesh,2022,3,jhabua district,209,223202
madhya-pradesh,2022,3,dhar district,640,783991
madhya-pradesh,2022,3,guna district,270,273489
madhya-pradesh,2022,3,east nimar district,191,256217
madhya-pradesh,2022,3,chhindwara district,555,773408
madhya-pradesh,2022,3,umaria district,78,93319
madhya-pradesh,2022,3,mandla district,195,190625
madhya-pradesh,2022,3,indore district,4843,5899749
madhya-pradesh,2022,3,shahdol district,239,304211
madhya-pradesh,2022,3,ratlam district,413,492984
madhya-pradesh,2022,3,panna district,112,161502
madhya-pradesh,2022,3,chhatarpur district,245,292087
madhya-pradesh,2022,4,morena district,303,495347
madhya-pradesh,2022,4,alirajpur district,83,91273
madhya-pradesh,2022,4,sehore district,372,632000
madhya-pradesh,2022,4,rajgarh district,263,364551
madhya-pradesh,2022,4,khargone district,440,673655
madhya-pradesh,2022,4,satna district,644,922924
madhya-pradesh,2022,4,narsinghpur district,234,410106
madhya-pradesh,2022,4,jabalpur district,1665,2299836
madhya-pradesh,2022,4,hoshangabad district,412,648308
madhya-pradesh,2022,4,vidisha district,220,338211
madhya-pradesh,2022,4,balaghat district,449,757655
madhya-pradesh,2022,4,singrauli district,697,1173189
madhya-pradesh,2022,4,betul district,532,659207
madhya-pradesh,2022,4,sidhi district,333,549030
madhya-pradesh,2022,4,datia district,112,268994
madhya-pradesh,2022,4,dewas district,688,1057408
madhya-pradesh,2022,4,sheopur district,85,144632
madhya-pradesh,2022,4,neemuch district,250,346814
madhya-pradesh,2022,4,raisen district,387,586488
madhya-pradesh,2022,4,mandsaur district,326,377750
madhya-pradesh,2022,4,barwani district,216,396299
madhya-pradesh,2022,4,katni district,374,571898
madhya-pradesh,2022,4,dindori district,176,257089
madhya-pradesh,2022,4,shivpuri district,248,315619
madhya-pradesh,2022,4,gwalior district,1685,2252079
madhya-pradesh,2022,4,anuppur district,218,343708
madhya-pradesh,2022,4,agar malwa district,105,182317
madhya-pradesh,2022,4,ashoknagar district,100,183248
madhya-pradesh,2022,4,sagar district,603,922139
madhya-pradesh,2022,4,niwari district,92,146884
madhya-pradesh,2022,4,rewa district,763,1104619
madhya-pradesh,2022,4,shajapur district,199,271310
madhya-pradesh,2022,4,ujjain district,984,1329724
madhya-pradesh,2022,4,bhind district,177,286988
madhya-pradesh,2022,4,tikamgarh district,118,191103
madhya-pradesh,2022,4,seoni district,367,593047
madhya-pradesh,2022,4,harda district,175,272235
madhya-pradesh,2022,4,burhanpur district,159,241985
madhya-pradesh,2022,4,damoh district,161,179171
madhya-pradesh,2022,4,bhopal district,3485,5566909
madhya-pradesh,2022,4,jhabua district,237,277733
madhya-pradesh,2022,4,dhar district,819,1072410
madhya-pradesh,2022,4,guna district,271,313711
madhya-pradesh,2022,4,east nimar district,289,374059
madhya-pradesh,2022,4,chhindwara district,668,1051247
madhya-pradesh,2022,4,umaria district,105,132739
madhya-pradesh,2022,4,mandla district,237,327030
madhya-pradesh,2022,4,indore district,6547,8985121
madhya-pradesh,2022,4,shahdol district,247,443552
madhya-pradesh,2022,4,ratlam district,466,643403
madhya-pradesh,2022,4,panna district,128,210609
madhya-pradesh,2022,4,chhatarpur district,320,475520
madhya-pradesh,2023,1,morena district,307,579593
madhya-pradesh,2023,1,alirajpur district,61,68947
madhya-pradesh,2023,1,sehore district,318,474348
madhya-pradesh,2023,1,rajgarh district,201,347544
madhya-pradesh,2023,1,khargone district,350,586282
madhya-pradesh,2023,1,satna district,661,1098544
madhya-pradesh,2023,1,narsinghpur district,202,461784
madhya-pradesh,2023,1,jabalpur district,1402,2452155
madhya-pradesh,2023,1,hoshangabad district,342,689904
madhya-pradesh,2023,1,vidisha district,187,320839
madhya-pradesh,2023,1,balaghat district,326,761932
madhya-pradesh,2023,1,singrauli district,556,991849
madhya-pradesh,2023,1,betul district,431,742025
madhya-pradesh,2023,1,sidhi district,260,486132
madhya-pradesh,2023,1,datia district,118,233457
madhya-pradesh,2023,1,dewas district,622,1005752
madhya-pradesh,2023,1,sheopur district,66,120022
madhya-pradesh,2023,1,neemuch district,202,334565
madhya-pradesh,2023,1,raisen district,289,591345
madhya-pradesh,2023,1,mandsaur district,260,444427
madhya-pradesh,2023,1,barwani district,156,378234
madhya-pradesh,2023,1,katni district,406,670953
madhya-pradesh,2023,1,dindori district,132,230968
madhya-pradesh,2023,1,shivpuri district,201,451244
madhya-pradesh,2023,1,gwalior district,1736,2695086
madhya-pradesh,2023,1,anuppur district,166,344501
madhya-pradesh,2023,1,agar malwa district,82,135373
madhya-pradesh,2023,1,ashoknagar district,71,224379
madhya-pradesh,2023,1,sagar district,548,1138365
madhya-pradesh,2023,1,niwari district,67,162987
madhya-pradesh,2023,1,rewa district,717,1186749
madhya-pradesh,2023,1,shajapur district,147,259916
madhya-pradesh,2023,1,ujjain district,794,1187404
madhya-pradesh,2023,1,bhind district,261,440688
madhya-pradesh,2023,1,tikamgarh district,120,191679
madhya-pradesh,2023,1,seoni district,292,599750
madhya-pradesh,2023,1,harda district,118,242091
madhya-pradesh,2023,1,burhanpur district,105,203610
madhya-pradesh,2023,1,damoh district,122,278971
madhya-pradesh,2023,1,bhopal district,3165,5789402
madhya-pradesh,2023,1,jhabua district,129,169256
madhya-pradesh,2023,1,dhar district,604,1027283
madhya-pradesh,2023,1,guna district,278,410178
madhya-pradesh,2023,1,east nimar district,238,388974
madhya-pradesh,2023,1,chhindwara district,577,1241862
madhya-pradesh,2023,1,umaria district,99,214349
madhya-pradesh,2023,1,mandla district,203,274135
madhya-pradesh,2023,1,indore district,6662,9887936
madhya-pradesh,2023,1,shahdol district,239,330936
madhya-pradesh,2023,1,ratlam district,383,761091
madhya-pradesh,2023,1,panna district,149,318816
madhya-pradesh,2023,1,chhatarpur district,265,507067
madhya-pradesh,2023,2,morena district,362,498283
madhya-pradesh,2023,2,alirajpur district,79,101455
madhya-pradesh,2023,2,sehore district,290,534090
madhya-pradesh,2023,2,rajgarh district,232,465265
madhya-pradesh,2023,2,khargone district,358,528667
madhya-pradesh,2023,2,satna district,684,1054444
madhya-pradesh,2023,2,narsinghpur district,239,387170
madhya-pradesh,2023,2,jabalpur district,1365,2481121
madhya-pradesh,2023,2,hoshangabad district,420,718697
madhya-pradesh,2023,2,vidisha district,215,416005
madhya-pradesh,2023,2,balaghat district,364,650666
madhya-pradesh,2023,2,singrauli district,583,1053164
madhya-pradesh,2023,2,betul district,430,617996
madhya-pradesh,2023,2,sidhi district,276,567482
madhya-pradesh,2023,2,datia district,130,180389
madhya-pradesh,2023,2,dewas district,607,1018985
madhya-pradesh,2023,2,sheopur district,58,137039
madhya-pradesh,2023,2,neemuch district,218,347095
madhya-pradesh,2023,2,raisen district,273,617973
madhya-pradesh,2023,2,mandsaur district,274,381975
madhya-pradesh,2023,2,barwani district,181,294239
madhya-pradesh,2023,2,katni district,313,596762
madhya-pradesh,2023,2,dindori district,94,170604
madhya-pradesh,2023,2,shivpuri district,224,396500
madhya-pradesh,2023,2,gwalior district,1884,2604139
madhya-pradesh,2023,2,anuppur district,245,415276
madhya-pradesh,2023,2,agar malwa district,100,201416
madhya-pradesh,2023,2,ashoknagar district,103,253722
madhya-pradesh,2023,2,sagar district,550,868158
madhya-pradesh,2023,2,niwari district,63,130339
madhya-pradesh,2023,2,rewa district,710,1245605
madhya-pradesh,2023,2,shajapur district,175,303740
madhya-pradesh,2023,2,ujjain district,955,1561934
madhya-pradesh,2023,2,bhind district,266,456645
madhya-pradesh,2023,2,tikamgarh district,108,191350
madhya-pradesh,2023,2,seoni district,224,476642
madhya-pradesh,2023,2,harda district,105,201347
madhya-pradesh,2023,2,burhanpur district,109,227373
madhya-pradesh,2023,2,damoh district,194,272823
madhya-pradesh,2023,2,bhopal district,2915,5555218
madhya-pradesh,2023,2,jhabua district,135,248454
madhya-pradesh,2023,2,dhar district,663,914779
madhya-pradesh,2023,2,guna district,255,360423
madhya-pradesh,2023,2,east nimar district,279,407300
madhya-pradesh,2023,2,chhindwara district,693,1304073
madhya-pradesh,2023,2,umaria district,103,169767
madhya-pradesh,2023,2,mandla district,212,303849
madhya-pradesh,2023,2,indore district,6566,10108928
madhya-pradesh,2023,2,shahdol district,236,312876
madhya-pradesh,2023,2,ratlam district,454,778820
madhya-pradesh,2023,2,panna district,167,246254
madhya-pradesh,2023,2,chhatarpur district,289,534448
madhya-pradesh,2023,3,morena district,351,428881
madhya-pradesh,2023,3,alirajpur district,88,185148
madhya-pradesh,2023,3,sehore district,448,819074
madhya-pradesh,2023,3,rajgarh district,257,367678
madhya-pradesh,2023,3,khargone district,376,619882
madhya-pradesh,2023,3,satna district,682,1048846
madhya-pradesh,2023,3,narsinghpur district,238,439141
madhya-pradesh,2023,3,jabalpur district,1596,2667756
madhya-pradesh,2023,3,hoshangabad district,398,810481
madhya-pradesh,2023,3,vidisha district,269,489111
madhya-pradesh,2023,3,balaghat district,399,739112
madhya-pradesh,2023,3,singrauli district,786,1315955
madhya-pradesh,2023,3,betul district,444,628222
madhya-pradesh,2023,3,sidhi district,248,296190
madhya-pradesh,2023,3,datia district,144,232374
madhya-pradesh,2023,3,dewas district,641,1082104
madhya-pradesh,2023,3,sheopur district,88,194312
madhya-pradesh,2023,3,neemuch district,250,407496
madhya-pradesh,2023,3,raisen district,328,602318
madhya-pradesh,2023,3,mandsaur district,313,417610
madhya-pradesh,2023,3,barwani district,219,331867
madhya-pradesh,2023,3,katni district,431,574680
madhya-pradesh,2023,3,dindori district,116,228380
madhya-pradesh,2023,3,shivpuri district,249,338922
madhya-pradesh,2023,3,gwalior district,2069,2813452
madhya-pradesh,2023,3,anuppur district,248,392416
madhya-pradesh,2023,3,agar malwa district,100,193707
madhya-pradesh,2023,3,ashoknagar district,92,137168
madhya-pradesh,2023,3,sagar district,727,1199223
madhya-pradesh,2023,3,niwari district,87,207354
madhya-pradesh,2023,3,rewa district,789,1121774
madhya-pradesh,2023,3,shajapur district,236,420853
madhya-pradesh,2023,3,ujjain district,970,1468543
madhya-pradesh,2023,3,bhind district,244,424433
madhya-pradesh,2023,3,tikamgarh district,130,269606
madhya-pradesh,2023,3,seoni district,325,658463
madhya-pradesh,2023,3,harda district,158,320633
madhya-pradesh,2023,3,burhanpur district,127,216580
madhya-pradesh,2023,3,damoh district,159,247992
madhya-pradesh,2023,3,bhopal district,3313,6161923
madhya-pradesh,2023,3,jhabua district,226,280922
madhya-pradesh,2023,3,dhar district,737,1069689
madhya-pradesh,2023,3,guna district,315,380891
madhya-pradesh,2023,3,east nimar district,305,563893
madhya-pradesh,2023,3,chhindwara district,667,1068226
madhya-pradesh,2023,3,umaria district,105,124526
madhya-pradesh,2023,3,mandla district,231,294123
madhya-pradesh,2023,3,indore district,6387,9795734
madhya-pradesh,2023,3,shahdol district,278,458453
madhya-pradesh,2023,3,ratlam district,454,664200
madhya-pradesh,2023,3,panna district,136,215079
madhya-pradesh,2023,3,chhatarpur district,326,527952
madhya-pradesh,2023,4,morena district,526,906276
madhya-pradesh,2023,4,alirajpur district,154,182378
madhya-pradesh,2023,4,sehore district,567,1129072
madhya-pradesh,2023,4,rajgarh district,361,714349
madhya-pradesh,2023,4,khargone district,530,1045873
madhya-pradesh,2023,4,satna district,923,1467631
madhya-pradesh,2023,4,narsinghpur district,329,648993
madhya-pradesh,2023,4,jabalpur district,2097,3671676
madhya-pradesh,2023,4,hoshangabad district,647,1441739
madhya-pradesh,2023,4,vidisha district,375,809894
madhya-pradesh,2023,4,balaghat district,686,1454383
madhya-pradesh,2023,4,singrauli district,1059,1987863
madhya-pradesh,2023,4,betul district,619,1130790
madhya-pradesh,2023,4,sidhi district,427,650064
madhya-pradesh,2023,4,datia district,225,445724
madhya-pradesh,2023,4,dewas district,958,1883618
madhya-pradesh,2023,4,sheopur district,126,180662
madhya-pradesh,2023,4,neemuch district,312,573172
madhya-pradesh,2023,4,raisen district,497,943273
madhya-pradesh,2023,4,mandsaur district,431,831205
madhya-pradesh,2023,4,barwani district,253,434181
madhya-pradesh,2023,4,katni district,536,854784
madhya-pradesh,2023,4,dindori district,193,331566
madhya-pradesh,2023,4,shivpuri district,330,659873
madhya-pradesh,2023,4,gwalior district,2406,3696991
madhya-pradesh,2023,4,anuppur district,290,668067
madhya-pradesh,2023,4,agar malwa district,122,210914
madhya-pradesh,2023,4,ashoknagar district,144,246186
madhya-pradesh,2023,4,sagar district,994,1748842
madhya-pradesh,2023,4,niwari district,119,213765
madhya-pradesh,2023,4,rewa district,1230,2047419
madhya-pradesh,2023,4,shajapur district,282,456913
madhya-pradesh,2023,4,ujjain district,1426,2472234
madhya-pradesh,2023,4,bhind district,323,546974
madhya-pradesh,2023,4,tikamgarh district,219,378171
madhya-pradesh,2023,4,seoni district,420,950869
madhya-pradesh,2023,4,harda district,235,523270
madhya-pradesh,2023,4,burhanpur district,158,368777
madhya-pradesh,2023,4,damoh district,206,321504
madhya-pradesh,2023,4,bhopal district,4820,10356323
madhya-pradesh,2023,4,jhabua district,275,441978
madhya-pradesh,2023,4,dhar district,999,1572785
madhya-pradesh,2023,4,guna district,384,477469
madhya-pradesh,2023,4,east nimar district,410,703797
madhya-pradesh,2023,4,chhindwara district,907,2014856
madhya-pradesh,2023,4,umaria district,170,309937
madhya-pradesh,2023,4,mandla district,347,601390
madhya-pradesh,2023,4,indore district,8973,14811181
madhya-pradesh,2023,4,shahdol district,426,692352
madhya-pradesh,2023,4,ratlam district,587,1075099
madhya-pradesh,2023,4,panna district,235,464565
madhya-pradesh,2023,4,chhatarpur district,516,1049403
madhya-pradesh,2024,1,morena district,775,1154088
madhya-pradesh,2024,1,alirajpur district,178,188280
madhya-pradesh,2024,1,sehore district,804,1402144
madhya-pradesh,2024,1,rajgarh district,433,721492
madhya-pradesh,2024,1,khargone district,660,929574
madhya-pradesh,2024,1,satna district,1456,2062376
madhya-pradesh,2024,1,narsinghpur district,440,773864
madhya-pradesh,2024,1,jabalpur district,2549,4066952
madhya-pradesh,2024,1,hoshangabad district,839,1719164
madhya-pradesh,2024,1,vidisha district,487,927857
madhya-pradesh,2024,1,balaghat district,792,1357657
madhya-pradesh,2024,1,singrauli district,1358,2129465
madhya-pradesh,2024,1,betul district,907,1318307
madhya-pradesh,2024,1,sidhi district,672,963141
madhya-pradesh,2024,1,datia district,346,652107
madhya-pradesh,2024,1,dewas district,1147,1938626
madhya-pradesh,2024,1,sheopur district,194,380767
madhya-pradesh,2024,1,neemuch district,396,858759
madhya-pradesh,2024,1,raisen district,795,1453829
madhya-pradesh,2024,1,mandsaur district,523,924584
madhya-pradesh,2024,1,barwani district,339,448699
madhya-pradesh,2024,1,katni district,775,1057938
madhya-pradesh,2024,1,dindori district,271,420754
madhya-pradesh,2024,1,shivpuri district,474,952615
madhya-pradesh,2024,1,gwalior district,3433,5623360
madhya-pradesh,2024,1,anuppur district,356,517242
madhya-pradesh,2024,1,agar malwa district,226,371251
madhya-pradesh,2024,1,ashoknagar district,219,385921
madhya-pradesh,2024,1,sagar district,1140,1949694
madhya-pradesh,2024,1,niwari district,172,373826
madhya-pradesh,2024,1,rewa district,1631,2471021
madhya-pradesh,2024,1,shajapur district,361,580724
madhya-pradesh,2024,1,ujjain district,1518,2343292
madhya-pradesh,2024,1,bhind district,552,1011531
madhya-pradesh,2024,1,tikamgarh district,286,396580
madhya-pradesh,2024,1,seoni district,723,1352007
madhya-pradesh,2024,1,harda district,333,634210
madhya-pradesh,2024,1,burhanpur district,217,356492
madhya-pradesh,2024,1,damoh district,302,471736
madhya-pradesh,2024,1,bhopal district,5388,11329217
madhya-pradesh,2024,1,jhabua district,443,416552
madhya-pradesh,2024,1,dhar district,1389,1926999
madhya-pradesh,2024,1,guna district,633,822976
madhya-pradesh,2024,1,east nimar district,479,747134
madhya-pradesh,2024,1,chhindwara district,1385,2251979
madhya-pradesh,2024,1,umaria district,254,308883
madhya-pradesh,2024,1,mandla district,458,706551
madhya-pradesh,2024,1,indore district,9490,15586503
madhya-pradesh,2024,1,shahdol district,556,801706
madhya-pradesh,2024,1,ratlam district,781,1238219
madhya-pradesh,2024,1,panna district,295,506074
madhya-pradesh,2024,1,chhatarpur district,593,931263
madhya-pradesh,2024,2,morena district,622,887427
madhya-pradesh,2024,2,alirajpur district,175,163601
madhya-pradesh,2024,2,sehore district,605,1136577
madhya-pradesh,2024,2,rajgarh district,384,633345
madhya-pradesh,2024,2,khargone district,588,919216
madhya-pradesh,2024,2,satna district,1077,1715112
madhya-pradesh,2024,2,narsinghpur district,370,759408
madhya-pradesh,2024,2,jabalpur district,2012,3801138
madhya-pradesh,2024,2,hoshangabad district,615,1277024
madhya-pradesh,2024,2,vidisha district,450,808372
madhya-pradesh,2024,2,balaghat district,611,1253375
madhya-pradesh,2024,2,singrauli district,1125,2037202
madhya-pradesh,2024,2,betul district,654,1100252
madhya-pradesh,2024,2,sidhi district,398,665703
madhya-pradesh,2024,2,datia district,262,361631
madhya-pradesh,2024,2,dewas district,895,1705476
madhya-pradesh,2024,2,sheopur district,129,216380
madhya-pradesh,2024,2,neemuch district,342,624785
madhya-pradesh,2024,2,raisen district,571,1068410
madhya-pradesh,2024,2,mandsaur district,451,760424
madhya-pradesh,2024,2,barwani district,313,410872
madhya-pradesh,2024,2,katni district,599,995376
madhya-pradesh,2024,2,dindori district,206,289259
madhya-pradesh,2024,2,shivpuri district,323,527726
madhya-pradesh,2024,2,gwalior district,2602,4170026
madhya-pradesh,2024,2,anuppur district,322,475120
madhya-pradesh,2024,2,agar malwa district,194,243737
madhya-pradesh,2024,2,ashoknagar district,196,363186
madhya-pradesh,2024,2,sagar district,997,1834823
madhya-pradesh,2024,2,niwari district,150,222330
madhya-pradesh,2024,2,rewa district,1205,2184457
madhya-pradesh,2024,2,shajapur district,317,586891
madhya-pradesh,2024,2,ujjain district,1241,2152248
madhya-pradesh,2024,2,bhind district,472,738554
madhya-pradesh,2024,2,tikamgarh district,211,363693
madhya-pradesh,2024,2,seoni district,508,1055873
madhya-pradesh,2024,2,harda district,180,326718
madhya-pradesh,2024,2,burhanpur district,168,334397
madhya-pradesh,2024,2,damoh district,255,369930
madhya-pradesh,2024,2,bhopal district,4787,10605399
madhya-pradesh,2024,2,jhabua district,302,361640
madhya-pradesh,2024,2,dhar district,1074,1524207
madhya-pradesh,2024,2,guna district,577,815813
madhya-pradesh,2024,2,east nimar district,343,574276
madhya-pradesh,2024,2,chhindwara district,991,2010458
madhya-pradesh,2024,2,umaria district,184,308672
madhya-pradesh,2024,2,mandla district,341,495203
madhya-pradesh,2024,2,indore district,8230,14342486
madhya-pradesh,2024,2,shahdol district,410,624530
madhya-pradesh,2024,2,ratlam district,635,1279350
madhya-pradesh,2024,2,panna district,289,509199
madhya-pradesh,2024,2,chhatarpur district,471,845360
madhya-pradesh,2024,3,mauganj district,138,254341
madhya-pradesh,2024,3,morena district,541,727721
madhya-pradesh,2024,3,alirajpur district,137,211894
madhya-pradesh,2024,3,sehore district,641,1375528
madhya-pradesh,2024,3,rajgarh district,395,704258
madhya-pradesh,2024,3,maihar district,327,513665
madhya-pradesh,2024,3,khargone district,573,1124857
madhya-pradesh,2024,3,satna district,790,1210681
madhya-pradesh,2024,3,narsinghpur district,374,800912
madhya-pradesh,2024,3,jabalpur district,2324,4387540
madhya-pradesh,2024,3,vidisha district,409,910946
madhya-pradesh,2024,3,balaghat district,650,1297386
madhya-pradesh,2024,3,singrauli district,1013,1721022
madhya-pradesh,2024,3,betul district,658,1063848
madhya-pradesh,2024,3,sidhi district,419,605323
madhya-pradesh,2024,3,datia district,216,465791
madhya-pradesh,2024,3,dewas district,947,1734088
madhya-pradesh,2024,3,sheopur district,126,187585
madhya-pradesh,2024,3,neemuch district,333,673202
madhya-pradesh,2024,3,raisen district,496,1062315
madhya-pradesh,2024,3,khandwa district,397,750572
madhya-pradesh,2024,3,mandsaur district,438,859104
madhya-pradesh,2024,3,barwani district,344,532203
madhya-pradesh,2024,3,katni district,555,904191
madhya-pradesh,2024,3,narmadapuram district,657,1358972
madhya-pradesh,2024,3,dindori district,240,336921
madhya-pradesh,2024,3,shivpuri district,330,704120
madhya-pradesh,2024,3,gwalior district,2819,4482119
madhya-pradesh,2024,3,anuppur district,311,470255
madhya-pradesh,2024,3,agar malwa district,160,365500
madhya-pradesh,2024,3,ashoknagar district,165,348668
madhya-pradesh,2024,3,sagar district,994,1800213
madhya-pradesh,2024,3,niwari district,135,256366
madhya-pradesh,2024,3,rewa district,994,1672916
madhya-pradesh,2024,3,shajapur district,296,615355
madhya-pradesh,2024,3,ujjain district,1345,2229400
madhya-pradesh,2024,3,bhind district,423,645780
madhya-pradesh,2024,3,tikamgarh district,182,243014
madhya-pradesh,2024,3,seoni district,450,995407
madhya-pradesh,2024,3,harda district,243,502249
madhya-pradesh,2024,3,burhanpur district,144,323103
madhya-pradesh,2024,3,pandhurna district,173,304182
madhya-pradesh,2024,3,damoh district,251,423969
madhya-pradesh,2024,3,bhopal district,5361,10874148
madhya-pradesh,2024,3,jhabua district,341,472478
madhya-pradesh,2024,3,dhar district,1125,1876194
madhya-pradesh,2024,3,guna district,517,779321
madhya-pradesh,2024,3,chhindwara district,783,1651613
madhya-pradesh,2024,3,umaria district,147,328566
madhya-pradesh,2024,3,mandla district,280,505708
madhya-pradesh,2024,3,indore district,9351,16156973
madhya-pradesh,2024,3,shahdol district,411,652430
madhya-pradesh,2024,3,ratlam district,688,1393570
madhya-pradesh,2024,3,panna district,249,373236
madhya-pradesh,2024,3,chhatarpur district,442,773949
madhya-pradesh,2024,4,mauganj district,188,266437
madhya-pradesh,2024,4,morena district,835,1305118
madhya-pradesh,2024,4,alirajpur district,231,255433
madhya-pradesh,2024,4,sehore district,835,1575501
madhya-pradesh,2024,4,rajgarh district,554,877520
madhya-pradesh,2024,4,maihar district,424,699960
madhya-pradesh,2024,4,khargone district,841,1390624
madhya-pradesh,2024,4,satna district,1006,1510683
madhya-pradesh,2024,4,narsinghpur district,554,933417
madhya-pradesh,2024,4,jabalpur district,2990,5021258
madhya-pradesh,2024,4,vidisha district,596,1111383
madhya-pradesh,2024,4,balaghat district,1065,2006913
madhya-pradesh,2024,4,singrauli district,1388,2396658
madhya-pradesh,2024,4,betul district,934,1707914
madhya-pradesh,2024,4,sidhi district,658,1011928
madhya-pradesh,2024,4,datia district,350,652125
madhya-pradesh,2024,4,dewas district,1461,2413920
madhya-pradesh,2024,4,sheopur district,197,289501
madhya-pradesh,2024,4,neemuch district,500,1000837
madhya-pradesh,2024,4,raisen district,874,1503574
madhya-pradesh,2024,4,khandwa district,624,1102171
madhya-pradesh,2024,4,mandsaur district,635,1032344
madhya-pradesh,2024,4,barwani district,487,574799
madhya-pradesh,2024,4,katni district,800,1151362
madhya-pradesh,2024,4,narmadapuram district,887,1674772
madhya-pradesh,2024,4,dindori district,300,440349
madhya-pradesh,2024,4,shivpuri district,579,1014955
madhya-pradesh,2024,4,gwalior district,3295,5826629
madhya-pradesh,2024,4,anuppur district,407,598915
madhya-pradesh,2024,4,agar malwa district,241,350378
madhya-pradesh,2024,4,ashoknagar district,205,388084
madhya-pradesh,2024,4,sagar district,1367,2395068
madhya-pradesh,2024,4,niwari district,182,366586
madhya-pradesh,2024,4,rewa district,1410,2486511
madhya-pradesh,2024,4,shajapur district,444,603904
madhya-pradesh,2024,4,ujjain district,1912,2998654
madhya-pradesh,2024,4,bhind district,535,901994
madhya-pradesh,2024,4,tikamgarh district,278,442254
madhya-pradesh,2024,4,seoni district,700,1201671
madhya-pradesh,2024,4,harda district,303,640805
madhya-pradesh,2024,4,burhanpur district,272,444349
madhya-pradesh,2024,4,pandhurna district,221,346662
madhya-pradesh,2024,4,damoh district,364,586587
madhya-pradesh,2024,4,bhopal district,6824,13581645
madhya-pradesh,2024,4,jhabua district,515,501519
madhya-pradesh,2024,4,dhar district,1715,2324249
madhya-pradesh,2024,4,guna district,666,1007004
madhya-pradesh,2024,4,chhindwara district,1206,2301001
madhya-pradesh,2024,4,umaria district,278,443062
madhya-pradesh,2024,4,mandla district,455,700389
madhya-pradesh,2024,4,indore district,12551,20489191
madhya-pradesh,2024,4,shahdol district,657,1127025
madhya-pradesh,2024,4,ratlam district,912,1450757
madhya-pradesh,2024,4,panna district,314,492052
madhya-pradesh,2024,4,chhatarpur district,666,1178368
maharashtra,2020,2,jalgaon district,660,130587
maharashtra,2020,2,latur district,214,43226
maharashtra,2020,2,thane district,7559,1221018
maharashtra,2020,2,bhandara district,42,9409
maharashtra,2020,2,nandurbar district,90,19063
maharashtra,2020,2,chandrapur district,106,23845
maharashtra,2020,2,kolhapur district,394,81505
maharashtra,2020,2,solapur district,1152,212690
maharashtra,2020,2,mumbai district,1473,223485
maharashtra,2020,2,sindhudurg district,69,13628
maharashtra,2020,2,dhule district,220,43891
maharashtra,2020,2,wardha district,310,54715
maharashtra,2020,2,parbhani district,102,22615
maharashtra,2020,2,mumbai suburban district,5780,884439
maharashtra,2020,2,hingoli district,53,12003
maharashtra,2020,2,ratnagiri district,114,25679
maharashtra,2020,2,nanded district,280,56282
maharashtra,2020,2,osmanabad district,189,39852
maharashtra,2020,2,nagpur district,985,185202
maharashtra,2020,2,buldhana district,214,46340
maharashtra,2020,2,nashik district,2519,459865
maharashtra,2020,2,akola district,188,37514
maharashtra,2020,2,yavatmal district,134,28263
maharashtra,2020,2,aurangabad district,2844,496194
maharashtra,2020,2,amravati district,406,80646
maharashtra,2020,2,washim district,52,10989
maharashtra,2020,2,sangli district,250,53169
maharashtra,2020,2,gadchiroli district,41,8479
maharashtra,2020,2,raigad district,1695,296865
maharashtra,2020,2,palghar district,1483,259634
maharashtra,2020,2,jalna district,258,52193
maharashtra,2020,2,gondia district,53,10197
maharashtra,2020,2,ahmednagar district,646,134515
maharashtra,2020,2,pune district,8699,1482628
maharashtra,2020,2,beed district,172,39594
maharashtra,2020,2,satara district,390,79498
maharashtra,2020,3,jalgaon district,1884,565866
maharashtra,2020,3,latur district,1026,290757
maharashtra,2020,3,thane district,6951,1718946
maharashtra,2020,3,bhandara district,225,74839
maharashtra,2020,3,nandurbar district,322,104800
maharashtra,2020,3,chandrapur district,485,150929
maharashtra,2020,3,kolhapur district,2171,652181
maharashtra,2020,3,solapur district,3034,785356
maharashtra,2020,3,mumbai district,1179,298346
maharashtra,2020,3,sindhudurg district,177,57241
maharashtra,2020,3,dhule district,859,278785
maharashtra,2020,3,wardha district,249,77347
maharashtra,2020,3,parbhani district,772,233765
maharashtra,2020,3,mumbai suburban district,3674,902028
maharashtra,2020,3,hingoli district,273,75787
maharashtra,2020,3,ratnagiri district,361,124380
maharashtra,2020,3,nanded district,1349,398656
maharashtra,2020,3,osmanabad district,784,247052
maharashtra,2020,3,nagpur district,2721,792995
maharashtra,2020,3,buldhana district,821,231273
maharashtra,2020,3,nashik district,5564,1418697
maharashtra,2020,3,akola district,495,145429
maharashtra,2020,3,yavatmal district,482,143635
maharashtra,2020,3,aurangabad district,4125,982466
maharashtra,2020,3,amravati district,1228,365804
maharashtra,2020,3,washim district,288,81814
maharashtra,2020,3,sangli district,1256,418026
maharashtra,2020,3,gadchiroli district,125,37639
maharashtra,2020,3,raigad district,2368,617257
maharashtra,2020,3,palghar district,1654,447954
maharashtra,2020,3,jalna district,733,192245
maharashtra,2020,3,gondia district,218,69108
maharashtra,2020,3,ahmednagar district,3194,926591
maharashtra,2020,3,pune district,18176,4567561
maharashtra,2020,3,beed district,1029,310814
maharashtra,2020,3,satara district,1410,443787
maharashtra,2020,4,jalgaon district,1073,559354
maharashtra,2020,4,latur district,635,298377
maharashtra,2020,4,thane district,5939,4405413
maharashtra,2020,4,bhandara district,269,172609
maharashtra,2020,4,nandurbar district,223,161859
maharashtra,2020,4,chandrapur district,552,336821
maharashtra,2020,4,kolhapur district,994,517657
maharashtra,2020,4,solapur district,1313,596502
maharashtra,2020,4,mumbai district,1677,1248451
maharashtra,2020,4,sindhudurg district,184,168701
maharashtra,2020,4,dhule district,439,205770
maharashtra,2020,4,wardha district,191,118497
maharashtra,2020,4,parbhani district,415,179329
maharashtra,2020,4,mumbai suburban district,4631,3301120
maharashtra,2020,4,hingoli district,203,75953
maharashtra,2020,4,ratnagiri district,254,213201
maharashtra,2020,4,nanded district,731,336213
maharashtra,2020,4,osmanabad district,414,238644
maharashtra,2020,4,nagpur district,1994,1280886
maharashtra,2020,4,buldhana district,558,229992
maharashtra,2020,4,nashik district,2903,1492155
maharashtra,2020,4,akola district,283,103257
maharashtra,2020,4,yavatmal district,413,210547
maharashtra,2020,4,aurangabad district,1877,739598
maharashtra,2020,4,amravati district,752,355638
maharashtra,2020,4,washim district,183,78454
maharashtra,2020,4,sangli district,633,377052
maharashtra,2020,4,gadchiroli district,174,108088
maharashtra,2020,4,raigad district,1547,1308133
maharashtra,2020,4,palghar district,1117,856150
maharashtra,2020,4,jalna district,483,174924
maharashtra,2020,4,gondia district,226,133613
maharashtra,2020,4,ahmednagar district,1824,875154
maharashtra,2020,4,pune district,8211,4862704
maharashtra,2020,4,beed district,683,298018
maharashtra,2020,4,satara district,800,494980
maharashtra,2021,1,jalgaon district,1377,723970
maharashtra,2021,1,latur district,747,289468
maharashtra,2021,1,thane district,6971,4869909
maharashtra,2021,1,bhandara district,288,181068
maharashtra,2021,1,nandurbar district,352,253739
maharashtra,2021,1,chandrapur district,589,427217
maharashtra,2021,1,kolhapur district,1223,609900
maharashtra,2021,1,solapur district,1472,734242
maharashtra,2021,1,mumbai district,2166,1596945
maharashtra,2021,1,sindhudurg district,191,162532
maharashtra,2021,1,dhule district,621,289138
maharashtra,2021,1,wardha district,287,155399
maharashtra,2021,1,parbhani district,500,199164
maharashtra,2021,1,mumbai suburban district,5505,3893302
maharashtra,2021,1,hingoli district,223,91630
maharashtra,2021,1,ratnagiri district,317,263100
maharashtra,2021,1,nanded district,794,315124
maharashtra,2021,1,osmanabad district,393,170085
maharashtra,2021,1,nagpur district,3055,2060944
maharashtra,2021,1,buldhana district,784,379639
maharashtra,2021,1,nashik district,3381,1857949
maharashtra,2021,1,akola district,429,163961
maharashtra,2021,1,yavatmal district,562,259090
maharashtra,2021,1,aurangabad district,2514,903043
maharashtra,2021,1,amravati district,1094,530040
maharashtra,2021,1,washim district,225,93567
maharashtra,2021,1,sangli district,636,391726
maharashtra,2021,1,gadchiroli district,141,58885
maharashtra,2021,1,raigad district,1811,1375948
maharashtra,2021,1,palghar district,1446,1063515
maharashtra,2021,1,jalna district,674,288602
maharashtra,2021,1,gondia district,222,126901
maharashtra,2021,1,ahmednagar district,2121,833980
maharashtra,2021,1,pune district,10913,6482027
maharashtra,2021,1,beed district,832,405022
maharashtra,2021,1,satara district,936,636982
maharashtra,2021,2,jalgaon district,1585,986475
maharashtra,2021,2,latur district,1022,569472
maharashtra,2021,2,thane district,7446,5734857
maharashtra,2021,2,bhandara district,324,247736
maharashtra,2021,2,nandurbar district,410,221163
maharashtra,2021,2,chandrapur district,841,635709
maharashtra,2021,2,kolhapur district,1639,1046476
maharashtra,2021,2,solapur district,2417,1483185
maharashtra,2021,2,mumbai district,2001,1561381
maharashtra,2021,2,sindhudurg district,245,258089
maharashtra,2021,2,dhule district,788,510317
maharashtra,2021,2,wardha district,355,224636
maharashtra,2021,2,parbhani district,865,416117
maharashtra,2021,2,mumbai suburban district,5293,3659655
maharashtra,2021,2,hingoli district,340,231624
maharashtra,2021,2,ratnagiri district,463,434817
maharashtra,2021,2,nanded district,1126,741452
maharashtra,2021,2,osmanabad district,583,405599
maharashtra,2021,2,nagpur district,3864,2683877
maharashtra,2021,2,buldhana district,969,523648
maharashtra,2021,2,nashik district,4607,2827696
maharashtra,2021,2,akola district,471,290035
maharashtra,2021,2,yavatmal district,644,428570
maharashtra,2021,2,aurangabad district,3162,1752774
maharashtra,2021,2,amravati district,1363,764259
maharashtra,2021,2,washim district,310,176345
maharashtra,2021,2,sangli district,962,652782
maharashtra,2021,2,gadchiroli district,227,168919
maharashtra,2021,2,raigad district,2219,1802764
maharashtra,2021,2,palghar district,2152,1598936
maharashtra,2021,2,jalna district,1024,522403
maharashtra,2021,2,gondia district,325,235931
maharashtra,2021,2,ahmednagar district,3355,2145197
maharashtra,2021,2,pune district,14949,9422249
maharashtra,2021,2,beed district,975,552450
maharashtra,2021,2,satara district,1060,845508
maharashtra,2021,3,jalgaon district,1196,864613
maharashtra,2021,3,latur district,649,405314
maharashtra,2021,3,thane district,7829,6194341
maharashtra,2021,3,bhandara district,290,294374
maharashtra,2021,3,nandurbar district,231,197492
maharashtra,2021,3,chandrapur district,569,475396
maharashtra,2021,3,kolhapur district,1254,846082
maharashtra,2021,3,solapur district,1287,1037793
maharashtra,2021,3,mumbai district,2116,1824585
maharashtra,2021,3,sindhudurg district,228,270341
maharashtra,2021,3,dhule district,484,340402
maharashtra,2021,3,wardha district,221,201396
maharashtra,2021,3,parbhani district,463,219056
maharashtra,2021,3,mumbai suburban district,5520,4552921
maharashtra,2021,3,hingoli district,150,96533
maharashtra,2021,3,ratnagiri district,375,420463
maharashtra,2021,3,nanded district,724,487054
maharashtra,2021,3,osmanabad district,343,269790
maharashtra,2021,3,nagpur district,2795,2376913
maharashtra,2021,3,buldhana district,767,395363
maharashtra,2021,3,nashik district,2807,2230871
maharashtra,2021,3,akola district,288,174931
maharashtra,2021,3,yavatmal district,433,350814
maharashtra,2021,3,aurangabad district,2212,1245983
maharashtra,2021,3,amravati district,693,536914
maharashtra,2021,3,washim district,169,94411
maharashtra,2021,3,sangli district,736,587672
maharashtra,2021,3,gadchiroli district,155,146470
maharashtra,2021,3,raigad district,1768,1718085
maharashtra,2021,3,palghar district,1709,1457172
maharashtra,2021,3,jalna district,400,166177
maharashtra,2021,3,gondia district,310,319064
maharashtra,2021,3,ahmednagar district,1509,1140977
maharashtra,2021,3,pune district,9943,8127896
maharashtra,2021,3,beed district,646,430082
maharashtra,2021,3,satara district,999,815566
maharashtra,2021,4,jalgaon district,1560,1940692
maharashtra,2021,4,latur district,1016,1160431
maharashtra,2021,4,thane district,13362,13856390
maharashtra,2021,4,bhandara district,469,620119
maharashtra,2021,4,nandurbar district,322,460722
maharashtra,2021,4,chandrapur district,957,1276669
maharashtra,2021,4,kolhapur district,1807,2371006
maharashtra,2021,4,solapur district,2839,3265540
maharashtra,2021,4,mumbai district,3563,3541155
maharashtra,2021,4,sindhudurg district,434,663720
maharashtra,2021,4,dhule district,576,708668
maharashtra,2021,4,wardha district,391,586904
maharashtra,2021,4,parbhani district,497,444446
maharashtra,2021,4,mumbai suburban district,9319,9168680
maharashtra,2021,4,hingoli district,202,202315
maharashtra,2021,4,ratnagiri district,560,835222
maharashtra,2021,4,nanded district,995,977696
maharashtra,2021,4,osmanabad district,507,636346
maharashtra,2021,4,nagpur district,4924,5775357
maharashtra,2021,4,buldhana district,846,809103
maharashtra,2021,4,nashik district,3996,4883186
maharashtra,2021,4,akola district,510,608474
maharashtra,2021,4,yavatmal district,630,735141
maharashtra,2021,4,aurangabad district,2580,2341427
maharashtra,2021,4,amravati district,1046,1501848
maharashtra,2021,4,washim district,204,241233
maharashtra,2021,4,sangli district,1065,1557560
maharashtra,2021,4,gadchiroli district,258,366226
maharashtra,2021,4,raigad district,2900,3785506
maharashtra,2021,4,palghar district,2927,3095452
maharashtra,2021,4,jalna district,548,511876
maharashtra,2021,4,gondia district,402,563953
maharashtra,2021,4,ahmednagar district,1943,2129337
maharashtra,2021,4,pune district,16039,18693479
maharashtra,2021,4,beed district,822,1012325
maharashtra,2021,4,satara district,1407,1934023
maharashtra,2022,1,jalgaon district,1410,2149096
maharashtra,2022,1,latur district,1061,1538194
maharashtra,2022,1,thane district,14272,16536659
maharashtra,2022,1,bhandara district,359,650491
maharashtra,2022,1,nandurbar district,305,546933
maharashtra,2022,1,chandrapur district,1125,1796858
maharashtra,2022,1,kolhapur district,1815,3158332
maharashtra,2022,1,solapur district,4282,5201915
maharashtra,2022,1,mumbai district,4159,4477237
maharashtra,2022,1,sindhudurg district,447,780313
maharashtra,2022,1,dhule district,525,940795
maharashtra,2022,1,wardha district,440,708586
maharashtra,2022,1,parbhani district,375,458862
maharashtra,2022,1,mumbai suburban district,10457,11756037
maharashtra,2022,1,hingoli district,217,313405
maharashtra,2022,1,ratnagiri district,821,1224460
maharashtra,2022,1,nanded district,880,1194883
maharashtra,2022,1,osmanabad district,437,768384
maharashtra,2022,1,nagpur district,6568,8328077
maharashtra,2022,1,buldhana district,548,917050
maharashtra,2022,1,nashik district,3412,5438097
maharashtra,2022,1,akola district,401,618148
maharashtra,2022,1,yavatmal district,583,874592
maharashtra,2022,1,aurangabad district,1905,2477811
maharashtra,2022,1,amravati district,1089,1731512
maharashtra,2022,1,washim district,163,214935
maharashtra,2022,1,sangli district,922,1798327
maharashtra,2022,1,gadchiroli district,243,433354
maharashtra,2022,1,raigad district,3236,4805540
maharashtra,2022,1,palghar district,3179,4035103
maharashtra,2022,1,jalna district,427,584157
maharashtra,2022,1,gondia district,375,752465
maharashtra,2022,1,ahmednagar district,1498,2370143
maharashtra,2022,1,pune district,17790,24312875
maharashtra,2022,1,beed district,744,973322
maharashtra,2022,1,satara district,1545,2544980
maharashtra,2022,2,jalgaon district,1270,1784469
maharashtra,2022,2,latur district,875,1180019
maharashtra,2022,2,thane district,12306,14514282
maharashtra,2022,2,bhandara district,310,503043
maharashtra,2022,2,nandurbar district,310,620354
maharashtra,2022,2,chandrapur district,912,1421979
maharashtra,2022,2,kolhapur district,1714,2813708
maharashtra,2022,2,solapur district,1996,2751216
maharashtra,2022,2,mumbai district,3914,4071523
maharashtra,2022,2,sindhudurg district,433,889395
maharashtra,2022,2,dhule district,540,809964
maharashtra,2022,2,wardha district,366,569495
maharashtra,2022,2,parbhani district,324,367858
maharashtra,2022,2,mumbai suburban district,9944,10743651
maharashtra,2022,2,hingoli district,173,221227
maharashtra,2022,2,ratnagiri district,644,1003623
maharashtra,2022,2,nanded district,781,983825
maharashtra,2022,2,osmanabad district,375,597547
maharashtra,2022,2,nagpur district,5933,7435720
maharashtra,2022,2,buldhana district,572,794419
maharashtra,2022,2,nashik district,3745,5525097
maharashtra,2022,2,akola district,383,557549
maharashtra,2022,2,yavatmal district,457,708513
maharashtra,2022,2,aurangabad district,1695,2140266
maharashtra,2022,2,amravati district,1091,1483074
maharashtra,2022,2,washim district,189,325669
maharashtra,2022,2,sangli district,961,1712238
maharashtra,2022,2,gadchiroli district,208,367660
maharashtra,2022,2,raigad district,2914,4274798
maharashtra,2022,2,palghar district,2860,3354545
maharashtra,2022,2,jalna district,391,474300
maharashtra,2022,2,gondia district,322,516395
maharashtra,2022,2,ahmednagar district,1450,2250896
maharashtra,2022,2,pune district,18712,24072589
maharashtra,2022,2,beed district,613,796168
maharashtra,2022,2,satara district,1252,1966860
maharashtra,2022,3,jalgaon district,1406,2095347
maharashtra,2022,3,latur district,1213,1560802
maharashtra,2022,3,thane district,13402,15693837
maharashtra,2022,3,bhandara district,512,774688
maharashtra,2022,3,nandurbar district,278,560241
maharashtra,2022,3,chandrapur district,1061,1571507
maharashtra,2022,3,kolhapur district,1686,2611811
maharashtra,2022,3,solapur district,2464,3354047
maharashtra,2022,3,mumbai district,4339,4534700
maharashtra,2022,3,sindhudurg district,440,698895
maharashtra,2022,3,dhule district,610,843391
maharashtra,2022,3,wardha district,430,631335
maharashtra,2022,3,parbhani district,370,428203
maharashtra,2022,3,mumbai suburban district,11136,11840245
maharashtra,2022,3,hingoli district,225,300122
maharashtra,2022,3,ratnagiri district,789,1244929
maharashtra,2022,3,nanded district,1048,1231006
maharashtra,2022,3,osmanabad district,456,676086
maharashtra,2022,3,nagpur district,6993,8397314
maharashtra,2022,3,buldhana district,734,935635
maharashtra,2022,3,nashik district,4029,5861346
maharashtra,2022,3,akola district,462,615704
maharashtra,2022,3,yavatmal district,565,958314
maharashtra,2022,3,aurangabad district,2318,2587715
maharashtra,2022,3,amravati district,1337,1719713
maharashtra,2022,3,washim district,255,310419
maharashtra,2022,3,sangli district,965,1739650
maharashtra,2022,3,gadchiroli district,249,456816
maharashtra,2022,3,raigad district,3201,4376980
maharashtra,2022,3,palghar district,3351,3849266
maharashtra,2022,3,jalna district,524,533938
maharashtra,2022,3,gondia district,408,655234
maharashtra,2022,3,ahmednagar district,1880,2485064
maharashtra,2022,3,pune district,19899,24823260
maharashtra,2022,3,beed district,775,971755
maharashtra,2022,3,satara district,1148,1905893
maharashtra,2022,4,jalgaon district,1799,2793144
maharashtra,2022,4,latur district,1372,1999046
maharashtra,2022,4,thane district,20282,24614041
maharashtra,2022,4,bhandara district,606,1107669
maharashtra,2022,4,nandurbar district,424,893402
maharashtra,2022,4,chandrapur district,1432,2406558
maharashtra,2022,4,kolhapur district,2428,4332767
maharashtra,2022,4,solapur district,3838,5560713
maharashtra,2022,4,mumbai district,5857,6447594
maharashtra,2022,4,sindhudurg district,604,1239446
maharashtra,2022,4,dhule district,772,1171797
maharashtra,2022,4,wardha district,989,1438515
maharashtra,2022,4,parbhani district,513,758986
maharashtra,2022,4,mumbai suburban district,16192,18884324
maharashtra,2022,4,hingoli district,236,275612
maharashtra,2022,4,ratnagiri district,978,1832093
maharashtra,2022,4,nanded district,1376,1743570
maharashtra,2022,4,osmanabad district,589,1129877
maharashtra,2022,4,nagpur district,8811,11940400
maharashtra,2022,4,buldhana district,860,1332394
maharashtra,2022,4,nashik district,5371,8785824
maharashtra,2022,4,akola district,629,1069007
maharashtra,2022,4,yavatmal district,782,1415444
maharashtra,2022,4,aurangabad district,2830,4070884
maharashtra,2022,4,amravati district,1797,2746860
maharashtra,2022,4,washim district,291,427885
maharashtra,2022,4,sangli district,1236,2443988
maharashtra,2022,4,gadchiroli district,305,471075
maharashtra,2022,4,raigad district,5108,7544340
maharashtra,2022,4,palghar district,4574,5754546
maharashtra,2022,4,jalna district,637,922530
maharashtra,2022,4,gondia district,494,839559
maharashtra,2022,4,ahmednagar district,2341,3678152
maharashtra,2022,4,pune district,27018,38292195
maharashtra,2022,4,beed district,913,1405508
maharashtra,2022,4,satara district,1616,3145903
maharashtra,2023,1,jalgaon district,1420,2441608
maharashtra,2023,1,latur district,1348,2103354
maharashtra,2023,1,thane district,18419,23430698
maharashtra,2023,1,bhandara district,537,1057884
maharashtra,2023,1,nandurbar district,360,981702
maharashtra,2023,1,chandrapur district,1457,2302074
maharashtra,2023,1,kolhapur district,1873,3738802
maharashtra,2023,1,solapur district,4226,5931789
maharashtra,2023,1,mumbai district,5742,6476060
maharashtra,2023,1,sindhudurg district,493,1022091
maharashtra,2023,1,dhule district,570,1153188
maharashtra,2023,1,wardha district,628,1177841
maharashtra,2023,1,parbhani district,386,563749
maharashtra,2023,1,mumbai suburban district,14976,17928673
maharashtra,2023,1,hingoli district,229,350076
maharashtra,2023,1,ratnagiri district,754,1255031
maharashtra,2023,1,nanded district,1145,1805832
maharashtra,2023,1,osmanabad district,455,1262791
maharashtra,2023,1,nagpur district,8255,11655922
maharashtra,2023,1,buldhana district,632,1271021
maharashtra,2023,1,nashik district,4297,8048628
maharashtra,2023,1,akola district,366,758230
maharashtra,2023,1,yavatmal district,612,1173227
maharashtra,2023,1,aurangabad district,2195,3540538
maharashtra,2023,1,amravati district,1516,2526011
maharashtra,2023,1,washim district,234,444798
maharashtra,2023,1,sangli district,1036,2625284
maharashtra,2023,1,gadchiroli district,284,513626
maharashtra,2023,1,raigad district,4414,6867288
maharashtra,2023,1,palghar district,3830,5308543
maharashtra,2023,1,jalna district,441,704832
maharashtra,2023,1,gondia district,457,791611
maharashtra,2023,1,ahmednagar district,1659,3286610
maharashtra,2023,1,pune district,24852,37388150
maharashtra,2023,1,beed district,675,1414539
maharashtra,2023,1,satara district,1401,3294147
maharashtra,2023,2,jalgaon district,1226,2226295
maharashtra,2023,2,latur district,1194,1819922
maharashtra,2023,2,thane district,15403,20442020
maharashtra,2023,2,bhandara district,469,802021
maharashtra,2023,2,nandurbar district,332,913542
maharashtra,2023,2,chandrapur district,1053,1771898
maharashtra,2023,2,kolhapur district,1841,3816333
maharashtra,2023,2,solapur district,3078,4848042
maharashtra,2023,2,mumbai district,4859,6032079
maharashtra,2023,2,sindhudurg district,489,1115441
maharashtra,2023,2,dhule district,624,1158200
maharashtra,2023,2,wardha district,525,878687
maharashtra,2023,2,parbhani district,405,613279
maharashtra,2023,2,mumbai suburban district,12717,15575502
maharashtra,2023,2,hingoli district,203,348612
maharashtra,2023,2,ratnagiri district,763,1464246
maharashtra,2023,2,nanded district,1019,1524259
maharashtra,2023,2,osmanabad district,511,1153510
maharashtra,2023,2,nagpur district,6951,10373645
maharashtra,2023,2,buldhana district,608,1162143
maharashtra,2023,2,nashik district,4343,8234879
maharashtra,2023,2,akola district,435,865486
maharashtra,2023,2,yavatmal district,580,1081789
maharashtra,2023,2,aurangabad district,2161,3446846
maharashtra,2023,2,amravati district,1318,2292611
maharashtra,2023,2,washim district,191,356151
maharashtra,2023,2,sangli district,1056,2502814
maharashtra,2023,2,gadchiroli district,290,638256
maharashtra,2023,2,raigad district,4134,6846437
maharashtra,2023,2,palghar district,3310,4531574
maharashtra,2023,2,jalna district,490,760236
maharashtra,2023,2,gondia district,392,725052
maharashtra,2023,2,ahmednagar district,1801,3561394
maharashtra,2023,2,pune district,25943,39373541
maharashtra,2023,2,beed district,709,1259134
maharashtra,2023,2,satara district,1331,2787523
maharashtra,2023,3,jalgaon district,1417,2394037
maharashtra,2023,3,latur district,1430,2135056
maharashtra,2023,3,thane district,14544,18428928
maharashtra,2023,3,bhandara district,578,900874
maharashtra,2023,3,nandurbar district,389,915608
maharashtra,2023,3,chandrapur district,1331,1883071
maharashtra,2023,3,kolhapur district,1581,3133466
maharashtra,2023,3,solapur district,3358,4879560
maharashtra,2023,3,mumbai district,5009,5630520
maharashtra,2023,3,sindhudurg district,510,956862
maharashtra,2023,3,dhule district,676,1162868
maharashtra,2023,3,wardha district,597,1052114
maharashtra,2023,3,parbhani district,420,635394
maharashtra,2023,3,mumbai suburban district,12754,14762376
maharashtra,2023,3,hingoli district,251,399891
maharashtra,2023,3,ratnagiri district,706,1215084
maharashtra,2023,3,nanded district,1253,1701721
maharashtra,2023,3,osmanabad district,514,1156504
maharashtra,2023,3,nagpur district,8273,11430159
maharashtra,2023,3,buldhana district,655,1151519
maharashtra,2023,3,nashik district,4482,7981205
maharashtra,2023,3,akola district,491,857322
maharashtra,2023,3,yavatmal district,696,1341079
maharashtra,2023,3,aurangabad district,2500,3718193
maharashtra,2023,3,amravati district,1435,2346799
maharashtra,2023,3,washim district,263,526567
maharashtra,2023,3,sangli district,1029,2211346
maharashtra,2023,3,gadchiroli district,313,616904
maharashtra,2023,3,raigad district,3785,5770377
maharashtra,2023,3,palghar district,3581,4781323
maharashtra,2023,3,jalna district,548,672108
maharashtra,2023,3,gondia district,488,801037
maharashtra,2023,3,ahmednagar district,1897,3355239
maharashtra,2023,3,pune district,25053,36210265
maharashtra,2023,3,beed district,769,1345302
maharashtra,2023,3,satara district,1296,2711204
maharashtra,2023,4,jalgaon district,1948,3583868
maharashtra,2023,4,latur district,1969,3121157
maharashtra,2023,4,thane district,21339,28481783
maharashtra,2023,4,bhandara district,663,1269421
maharashtra,2023,4,nandurbar district,516,1225691
maharashtra,2023,4,chandrapur district,1592,2759106
maharashtra,2023,4,kolhapur district,2390,4985886
maharashtra,2023,4,solapur district,4432,7196371
maharashtra,2023,4,mumbai district,6225,7624827
maharashtra,2023,4,sindhudurg district,660,1420214
maharashtra,2023,4,dhule district,822,1554263
maharashtra,2023,4,wardha district,823,1513676
maharashtra,2023,4,parbhani district,556,838188
maharashtra,2023,4,mumbai suburban district,18186,22723247
maharashtra,2023,4,hingoli district,283,387855
maharashtra,2023,4,ratnagiri district,927,1794192
maharashtra,2023,4,nanded district,1610,2378336
maharashtra,2023,4,osmanabad district,705,1595196
maharashtra,2023,4,nagpur district,9371,14419994
maharashtra,2023,4,buldhana district,801,1757324
maharashtra,2023,4,nashik district,5985,11362400
maharashtra,2023,4,akola district,647,1331384
maharashtra,2023,4,yavatmal district,834,1834121
maharashtra,2023,4,aurangabad district,3047,5151528
maharashtra,2023,4,amravati district,1694,3398188
maharashtra,2023,4,washim district,320,535754
maharashtra,2023,4,sangli district,1461,3379771
maharashtra,2023,4,gadchiroli district,374,771455
maharashtra,2023,4,raigad district,5393,8827335
maharashtra,2023,4,palghar district,4551,6750732
maharashtra,2023,4,jalna district,669,1128517
maharashtra,2023,4,gondia district,546,1128818
maharashtra,2023,4,ahmednagar district,2629,5136599
maharashtra,2023,4,pune district,30243,50492209
maharashtra,2023,4,beed district,919,1773813
maharashtra,2023,4,satara district,1838,4023895
maharashtra,2024,1,jalgaon district,2206,3499806
maharashtra,2024,1,latur district,2088,3047359
maharashtra,2024,1,thane district,20270,27149287
maharashtra,2024,1,bhandara district,798,1339902
maharashtra,2024,1,nandurbar district,596,1182809
maharashtra,2024,1,chandrapur district,2051,3295661
maharashtra,2024,1,kolhapur district,2782,5195273
maharashtra,2024,1,solapur district,6451,8799075
maharashtra,2024,1,mumbai district,6902,8072969
maharashtra,2024,1,sindhudurg district,684,1074607
maharashtra,2024,1,dhule district,919,1801379
maharashtra,2024,1,wardha district,881,1549274
maharashtra,2024,1,parbhani district,685,864446
maharashtra,2024,1,mumbai suburban district,17918,22557721
maharashtra,2024,1,hingoli district,365,536593
maharashtra,2024,1,ratnagiri district,910,1401746
maharashtra,2024,1,nanded district,2073,2827888
maharashtra,2024,1,osmanabad district,892,1642619
maharashtra,2024,1,nagpur district,12679,18547241
maharashtra,2024,1,buldhana district,1035,1923214
maharashtra,2024,1,nashik district,6082,10946664
maharashtra,2024,1,akola district,703,1214146
maharashtra,2024,1,yavatmal district,1045,1883091
maharashtra,2024,1,aurangabad district,3085,5183513
maharashtra,2024,1,amravati district,2121,3648898
maharashtra,2024,1,washim district,440,561670
maharashtra,2024,1,sangli district,1741,3767769
maharashtra,2024,1,gadchiroli district,445,827507
maharashtra,2024,1,raigad district,5630,9088755
maharashtra,2024,1,palghar district,5153,6750664
maharashtra,2024,1,jalna district,791,1101195
maharashtra,2024,1,gondia district,644,1225972
maharashtra,2024,1,ahmednagar district,2920,4915817
maharashtra,2024,1,pune district,31744,51048763
maharashtra,2024,1,beed district,1122,1793345
maharashtra,2024,1,satara district,2165,4458751
maharashtra,2024,2,jalgaon district,1684,3206610
maharashtra,2024,2,latur district,1616,2760460
maharashtra,2024,2,thane district,15340,22859227
maharashtra,2024,2,bhandara district,686,1190174
maharashtra,2024,2,nandurbar district,512,1251964
maharashtra,2024,2,chandrapur district,1603,2914944
maharashtra,2024,2,kolhapur district,2431,4938425
maharashtra,2024,2,solapur district,4497,7003235
maharashtra,2024,2,mumbai district,5529,6816397
maharashtra,2024,2,sindhudurg district,585,1176665
maharashtra,2024,2,dhule district,750,1577436
maharashtra,2024,2,wardha district,761,1522350
maharashtra,2024,2,parbhani district,483,756207
maharashtra,2024,2,mumbai suburban district,14014,18993290
maharashtra,2024,2,hingoli district,266,336386
maharashtra,2024,2,ratnagiri district,896,1617191
maharashtra,2024,2,nanded district,1782,2592989
maharashtra,2024,2,osmanabad district,698,1668209
maharashtra,2024,2,nagpur district,9216,14835107
maharashtra,2024,2,buldhana district,858,1571764
maharashtra,2024,2,nashik district,5155,10375218
maharashtra,2024,2,akola district,627,1158500
maharashtra,2024,2,yavatmal district,900,1781562
maharashtra,2024,2,aurangabad district,2560,4942594
maharashtra,2024,2,amravati district,1675,3063105
maharashtra,2024,2,washim district,318,427677
maharashtra,2024,2,sangli district,1594,3749533
maharashtra,2024,2,gadchiroli district,387,764855
maharashtra,2024,2,raigad district,4523,8094573
maharashtra,2024,2,palghar district,4467,6066744
maharashtra,2024,2,jalna district,579,1007266
maharashtra,2024,2,gondia district,558,999055
maharashtra,2024,2,ahmednagar district,2365,4723275
maharashtra,2024,2,pune district,26444,46956580
maharashtra,2024,2,beed district,834,1534437
maharashtra,2024,2,satara district,1740,3711042
maharashtra,2024,3,jalgaon district,1888,3404538
maharashtra,2024,3,latur district,1936,3126278
maharashtra,2024,3,thane district,15453,22511361
maharashtra,2024,3,bhandara district,759,1449424
maharashtra,2024,3,nandurbar district,501,1218843
maharashtra,2024,3,chandrapur district,1613,2893155
maharashtra,2024,3,kolhapur district,2054,4166122
maharashtra,2024,3,solapur district,4778,7310679
maharashtra,2024,3,mumbai district,5295,6937984
maharashtra,2024,3,sindhudurg district,589,1189042
maharashtra,2024,3,dhule district,869,1745024
maharashtra,2024,3,wardha district,797,1574837
maharashtra,2024,3,parbhani district,579,877534
maharashtra,2024,3,mumbai suburban district,13683,18789444
maharashtra,2024,3,hingoli district,290,517008
maharashtra,2024,3,ratnagiri district,793,1624976
maharashtra,2024,3,nanded district,1930,2836909
maharashtra,2024,3,nagpur district,9386,15106134
maharashtra,2024,3,dharashiv district,656,1374683
maharashtra,2024,3,buldhana district,908,1713323
maharashtra,2024,3,nashik district,5353,10909003
maharashtra,2024,3,akola district,654,1315207
maharashtra,2024,3,yavatmal district,908,1818057
maharashtra,2024,3,amravati district,1966,3514830
maharashtra,2024,3,washim district,342,589220
maharashtra,2024,3,chhatrapati sambhaji nagar district,2939,5591791
maharashtra,2024,3,sangli district,1314,3325866
maharashtra,2024,3,gadchiroli district,419,817606
maharashtra,2024,3,raigad district,4361,7719446
maharashtra,2024,3,palghar district,4237,5785705
maharashtra,2024,3,jalna district,669,1006973
maharashtra,2024,3,gondia district,513,906774
maharashtra,2024,3,ahmednagar district,2483,5014892
maharashtra,2024,3,pune district,26286,46687498
maharashtra,2024,3,beed district,946,1951650
maharashtra,2024,3,satara district,1629,3998136
maharashtra,2024,4,jalgaon district,2788,4615655
maharashtra,2024,4,latur district,2844,4049352
maharashtra,2024,4,thane district,23491,31407984
maharashtra,2024,4,bhandara district,920,1723303
maharashtra,2024,4,nandurbar district,706,1549306
maharashtra,2024,4,chandrapur district,2203,3765820
maharashtra,2024,4,kolhapur district,3084,6368054
maharashtra,2024,4,solapur district,5648,9035348
maharashtra,2024,4,mumbai district,7238,9140646
maharashtra,2024,4,sindhudurg district,794,1482047
maharashtra,2024,4,dhule district,1207,2242986
maharashtra,2024,4,wardha district,1039,1920185
maharashtra,2024,4,parbhani district,771,1101788
maharashtra,2024,4,mumbai suburban district,19612,25682802
maharashtra,2024,4,hingoli district,484,711164
maharashtra,2024,4,ratnagiri district,1190,2178701
maharashtra,2024,4,nanded district,2405,3441595
maharashtra,2024,4,nagpur district,12751,19445789
maharashtra,2024,4,dharashiv district,985,2279375
maharashtra,2024,4,buldhana district,1334,2368745
maharashtra,2024,4,nashik district,7952,14806816
maharashtra,2024,4,akola district,919,1690218
maharashtra,2024,4,yavatmal district,1160,2417003
maharashtra,2024,4,amravati district,2357,4092616
maharashtra,2024,4,washim district,487,811884
maharashtra,2024,4,chhatrapati sambhaji nagar district,4159,6915626
maharashtra,2024,4,sangli district,1841,4305905
maharashtra,2024,4,gadchiroli district,600,1126591
maharashtra,2024,4,raigad district,6391,10673836
maharashtra,2024,4,palghar district,5776,7706463
maharashtra,2024,4,jalna district,1058,1447404
maharashtra,2024,4,gondia district,800,1530770
maharashtra,2024,4,ahmednagar district,3687,6591385
maharashtra,2024,4,pune district,35259,60734341
maharashtra,2024,4,beed district,1814,2451591
maharashtra,2024,4,satara district,2324,5129617
manipur,2020,2,tamenglong district,1,233
manipur,2020,2,chandel district,1,231
manipur,2020,2,bishnupur district,3,739
manipur,2020,2,imphal east district,11,1757
manipur,2020,2,senapati district,1,282
manipur,2020,2,churachandpur district,7,2480
manipur,2020,2,thoubal district,6,1406
manipur,2020,2,kakching district,3,760
manipur,2020,2,tengnoupal district,3,693
manipur,2020,2,ukhrul district,3,688
manipur,2020,2,imphal west district,16,3285
manipur,2020,3,kangpokpi district,7,1221
manipur,2020,3,noney district,2,1094
manipur,2020,3,imphal east district,30,11791
manipur,2020,3,thoubal district,4,265
manipur,2020,3,kakching district,12,3715
manipur,2020,3,jiribam district,5,1671
manipur,2020,3,ukhrul district,4,1613
manipur,2020,3,tamenglong district,2,314
manipur,2020,3,chandel district,2,484
manipur,2020,3,bishnupur district,12,4417
manipur,2020,3,senapati district,1,33
manipur,2020,3,churachandpur district,6,1293
manipur,2020,3,tengnoupal district,2,871
manipur,2020,3,imphal west district,45,16382
manipur,2020,4,kangpokpi district,5,4999
manipur,2020,4,noney district,1,33
manipur,2020,4,imphal east district,20,12570
manipur,2020,4,thoubal district,12,4525
manipur,2020,4,kakching district,7,1931
manipur,2020,4,ukhrul district,1,32
manipur,2020,4,tamenglong district,1,3839
manipur,2020,4,chandel district,2,1514
manipur,2020,4,bishnupur district,5,626
manipur,2020,4,senapati district,3,2586
manipur,2020,4,pherzawl district,1,32
manipur,2020,4,churachandpur district,12,7312
manipur,2020,4,tengnoupal district,2,691
manipur,2020,4,imphal west district,18,8367
manipur,2021,1,kangpokpi district,11,17591
manipur,2021,1,imphal east district,26,17048
manipur,2021,1,thoubal district,10,1416
manipur,2021,1,kakching district,4,1069
manipur,2021,1,jiribam district,3,2330
manipur,2021,1,ukhrul district,2,501
manipur,2021,1,tamenglong district,1,33
manipur,2021,1,chandel district,2,2766
manipur,2021,1,bishnupur district,10,2215
manipur,2021,1,senapati district,2,200
manipur,2021,1,pherzawl district,1,33
manipur,2021,1,churachandpur district,13,9829
manipur,2021,1,tengnoupal district,5,4029
manipur,2021,1,imphal west district,46,13194
manipur,2021,2,kangpokpi district,9,5037
manipur,2021,2,chandel district,2,1102
manipur,2021,2,bishnupur district,7,1605
manipur,2021,2,noney district,1,5525
manipur,2021,2,imphal east district,36,19393
manipur,2021,2,senapati district,1,47
manipur,2021,2,churachandpur district,6,5240
manipur,2021,2,thoubal district,7,2340
manipur,2021,2,kakching district,6,1638
manipur,2021,2,tengnoupal district,4,1439
manipur,2021,2,jiribam district,3,513
manipur,2021,2,ukhrul district,8,4637
manipur,2021,2,imphal west district,37,32816
manipur,2021,3,tamenglong district,1,2980
manipur,2021,3,kangpokpi district,13,11469
manipur,2021,3,chandel district,6,15891
manipur,2021,3,bishnupur district,5,4107
manipur,2021,3,imphal east district,26,20520
manipur,2021,3,senapati district,1,47
manipur,2021,3,churachandpur district,6,6302
manipur,2021,3,thoubal district,5,7486
manipur,2021,3,kakching district,4,191
manipur,2021,3,tengnoupal district,7,25125
manipur,2021,3,jiribam district,2,2153
manipur,2021,3,ukhrul district,6,9998
manipur,2021,3,imphal west district,29,26747
manipur,2021,4,kangpokpi district,9,10192
manipur,2021,4,noney district,2,1164
manipur,2021,4,imphal east district,34,73197
manipur,2021,4,thoubal district,9,18135
manipur,2021,4,kakching district,7,2703
manipur,2021,4,jiribam district,5,19606
manipur,2021,4,ukhrul district,7,7055
manipur,2021,4,tamenglong district,6,18621
manipur,2021,4,kamjong district,2,1647
manipur,2021,4,chandel district,1,943
manipur,2021,4,bishnupur district,11,13163
manipur,2021,4,senapati district,8,17318
manipur,2021,4,churachandpur district,9,25252
manipur,2021,4,tengnoupal district,4,5979
manipur,2021,4,imphal west district,31,56814
manipur,2022,1,kangpokpi district,14,44438
manipur,2022,1,noney district,4,9577
manipur,2022,1,imphal east district,26,91044
manipur,2022,1,thoubal district,13,29017
manipur,2022,1,kakching district,6,15769
manipur,2022,1,jiribam district,7,18718
manipur,2022,1,ukhrul district,9,27864
manipur,2022,1,tamenglong district,7,20811
manipur,2022,1,chandel district,6,14671
manipur,2022,1,bishnupur district,18,36519
manipur,2022,1,senapati district,4,5582
manipur,2022,1,churachandpur district,19,67165
manipur,2022,1,tengnoupal district,3,7549
manipur,2022,1,imphal west district,41,129130
manipur,2022,2,tamenglong district,2,5652
manipur,2022,2,kangpokpi district,22,47192
manipur,2022,2,chandel district,5,12340
manipur,2022,2,bishnupur district,10,20861
manipur,2022,2,imphal east district,55,133221
manipur,2022,2,senapati district,4,21308
manipur,2022,2,churachandpur district,18,54577
manipur,2022,2,thoubal district,15,36232
manipur,2022,2,kakching district,3,14840
manipur,2022,2,tengnoupal district,9,18880
manipur,2022,2,jiribam district,1,56
manipur,2022,2,ukhrul district,5,8304
manipur,2022,2,imphal west district,69,180186
manipur,2022,3,kangpokpi district,16,35025
manipur,2022,3,noney district,2,6939
manipur,2022,3,imphal east district,40,90787
manipur,2022,3,thoubal district,16,38591
manipur,2022,3,kakching district,4,7791
manipur,2022,3,jiribam district,9,23319
manipur,2022,3,ukhrul district,7,14532
manipur,2022,3,tamenglong district,4,8363
manipur,2022,3,kamjong district,3,3406
manipur,2022,3,chandel district,9,15705
manipur,2022,3,bishnupur district,14,24160
manipur,2022,3,senapati district,9,31489
manipur,2022,3,churachandpur district,12,17773
manipur,2022,3,tengnoupal district,4,6803
manipur,2022,3,imphal west district,51,78530
manipur,2022,4,kangpokpi district,16,44552
manipur,2022,4,noney district,5,1597
manipur,2022,4,imphal east district,42,88393
manipur,2022,4,thoubal district,24,41743
manipur,2022,4,kakching district,5,6022
manipur,2022,4,jiribam district,10,32186
manipur,2022,4,ukhrul district,11,28523
manipur,2022,4,tamenglong district,2,460
manipur,2022,4,kamjong district,1,7478
manipur,2022,4,chandel district,6,10066
manipur,2022,4,bishnupur district,19,62178
manipur,2022,4,senapati district,5,7687
manipur,2022,4,churachandpur district,36,71508
manipur,2022,4,tengnoupal district,12,27609
manipur,2022,4,imphal west district,77,190653
manipur,2023,1,kangpokpi district,12,50757
manipur,2023,1,noney district,2,1472
manipur,2023,1,imphal east district,47,90627
manipur,2023,1,thoubal district,10,23968
manipur,2023,1,kakching district,4,19478
manipur,2023,1,jiribam district,5,22938
manipur,2023,1,ukhrul district,5,18296
manipur,2023,1,tamenglong district,2,4125
manipur,2023,1,chandel district,9,15346
manipur,2023,1,bishnupur district,11,31927
manipur,2023,1,senapati district,9,30067
manipur,2023,1,churachandpur district,29,75246
manipur,2023,1,tengnoupal district,8,46764
manipur,2023,1,imphal west district,69,201073
manipur,2023,2,tamenglong district,3,10701
manipur,2023,2,kangpokpi district,11,23066
manipur,2023,2,chandel district,1,3561
manipur,2023,2,bishnupur district,11,54232
manipur,2023,2,imphal east district,30,81733
manipur,2023,2,senapati district,4,14728
manipur,2023,2,churachandpur district,9,17080
manipur,2023,2,thoubal district,5,14680
manipur,2023,2,kakching district,8,24668
manipur,2023,2,tengnoupal district,1,5809
manipur,2023,2,jiribam district,3,7179
manipur,2023,2,imphal west district,37,84234
manipur,2023,3,tamenglong district,3,13492
manipur,2023,3,kangpokpi district,6,13409
manipur,2023,3,chandel district,1,2024
manipur,2023,3,bishnupur district,3,8293
manipur,2023,3,imphal east district,11,26461
manipur,2023,3,senapati district,4,6725
manipur,2023,3,churachandpur district,4,8758
manipur,2023,3,thoubal district,3,9675
manipur,2023,3,tengnoupal district,1,782
manipur,2023,3,jiribam district,4,23164
manipur,2023,3,ukhrul district,1,5822
manipur,2023,3,imphal west district,35,74416
manipur,2023,4,kangpokpi district,21,63414
manipur,2023,4,noney district,1,3518
manipur,2023,4,imphal east district,65,104022
manipur,2023,4,thoubal district,4,9424
manipur,2023,4,kakching district,2,18426
manipur,2023,4,jiribam district,16,32180
manipur,2023,4,ukhrul district,3,3639
manipur,2023,4,tamenglong district,3,6366
manipur,2023,4,chandel district,2,6100
manipur,2023,4,bishnupur district,15,38427
manipur,2023,4,senapati district,4,15815
manipur,2023,4,churachandpur district,4,8832
manipur,2023,4,tengnoupal district,1,189
manipur,2023,4,imphal west district,84,166274
manipur,2024,1,kangpokpi district,27,37878
manipur,2024,1,noney district,4,16575
manipur,2024,1,imphal east district,70,124428
manipur,2024,1,thoubal district,33,20964
manipur,2024,1,kakching district,6,8326
manipur,2024,1,jiribam district,17,43972
manipur,2024,1,ukhrul district,9,21195
manipur,2024,1,tamenglong district,12,20744
manipur,2024,1,kamjong district,4,3194
manipur,2024,1,chandel district,12,24523
manipur,2024,1,bishnupur district,27,34396
manipur,2024,1,senapati district,10,22288
manipur,2024,1,churachandpur district,17,23717
manipur,2024,1,tengnoupal district,10,7427
manipur,2024,1,imphal west district,127,275425
manipur,2024,2,kangpokpi district,36,80540
manipur,2024,2,noney district,1,1093
manipur,2024,2,imphal east district,69,140054
manipur,2024,2,thoubal district,16,22555
manipur,2024,2,kakching district,9,7405
manipur,2024,2,jiribam district,12,14578
manipur,2024,2,ukhrul district,11,27333
manipur,2024,2,tamenglong district,10,21477
manipur,2024,2,kamjong district,3,2330
manipur,2024,2,chandel district,15,48066
manipur,2024,2,bishnupur district,25,30408
manipur,2024,2,senapati district,7,4353
manipur,2024,2,pherzawl district,1,31
manipur,2024,2,churachandpur district,19,33256
manipur,2024,2,tengnoupal district,4,6540
manipur,2024,2,imphal west district,108,207392
manipur,2024,3,kangpokpi district,15,18748
manipur,2024,3,noney district,5,5756
manipur,2024,3,imphal east district,40,78874
manipur,2024,3,thoubal district,36,68411
manipur,2024,3,kakching district,7,6189
manipur,2024,3,jiribam district,9,26505
manipur,2024,3,ukhrul district,3,16758
manipur,2024,3,tamenglong district,8,13711
manipur,2024,3,kamjong district,1,2107
manipur,2024,3,chandel district,8,23490
manipur,2024,3,bishnupur district,23,37306
manipur,2024,3,senapati district,12,24046
manipur,2024,3,churachandpur district,19,30718
manipur,2024,3,tengnoupal district,3,11093
manipur,2024,3,imphal west district,96,224181
manipur,2024,4,kangpokpi district,25,74025
manipur,2024,4,noney district,7,6008
manipur,2024,4,imphal east district,77,140889
manipur,2024,4,thoubal district,39,66801
manipur,2024,4,kakching district,18,56585
manipur,2024,4,jiribam district,16,17517
manipur,2024,4,ukhrul district,7,11838
manipur,2024,4,tamenglong district,6,8301
manipur,2024,4,kamjong district,1,1161
manipur,2024,4,chandel district,10,19370
manipur,2024,4,bishnupur district,31,75892
manipur,2024,4,senapati district,14,28034
manipur,2024,4,churachandpur district,20,41801
manipur,2024,4,tengnoupal district,7,6731
manipur,2024,4,imphal west district,127,271206
meghalaya,2020,2,north garo hills district,1,231
meghalaya,2020,2,south west khasi hills district,1,226
meghalaya,2020,2,west garo hills district,1,231
meghalaya,2020,2,east jaintia hills district,8,1719
meghalaya,2020,2,east khasi hills district,18,3753
meghalaya,2020,2,ribhoi district,8,1822
meghalaya,2020,2,west khasi hills district,4,847
meghalaya,2020,3,north garo hills district,1,166
meghalaya,2020,3,west garo hills district,14,3643
meghalaya,2020,3,east jaintia hills district,24,9099
meghalaya,2020,3,east khasi hills district,52,14174
meghalaya,2020,3,east garo hills district,5,2245
meghalaya,2020,3,ribhoi district,8,2240
meghalaya,2020,3,west jaintia hills district,7,1500
meghalaya,2020,3,west khasi hills district,1,548
meghalaya,2020,4,north garo hills district,1,33
meghalaya,2020,4,west garo hills district,14,11704
meghalaya,2020,4,south garo hills district,1,32
meghalaya,2020,4,east jaintia hills district,6,4482
meghalaya,2020,4,south west garo hills district,5,9094
meghalaya,2020,4,east khasi hills district,53,37940
meghalaya,2020,4,east garo hills district,2,1818
meghalaya,2020,4,ribhoi district,8,5569
meghalaya,2020,4,west jaintia hills district,1,32
meghalaya,2020,4,west khasi hills district,1,325
meghalaya,2021,1,north garo hills district,3,4098
meghalaya,2021,1,south west khasi hills district,1,1223
meghalaya,2021,1,west garo hills district,24,28027
meghalaya,2021,1,south garo hills district,2,2697
meghalaya,2021,1,east jaintia hills district,11,1499
meghalaya,2021,1,south west garo hills district,3,7495
meghalaya,2021,1,east khasi hills district,39,56235
meghalaya,2021,1,east garo hills district,3,5336
meghalaya,2021,1,ribhoi district,13,11849
meghalaya,2021,1,west jaintia hills district,3,2809
meghalaya,2021,1,west khasi hills district,5,7508
meghalaya,2021,2,north garo hills district,3,1533
meghalaya,2021,2,south west khasi hills district,1,3445
meghalaya,2021,2,west garo hills district,33,26373
meghalaya,2021,2,south garo hills district,4,5328
meghalaya,2021,2,east jaintia hills district,10,4393
meghalaya,2021,2,south west garo hills district,1,3495
meghalaya,2021,2,east khasi hills district,67,76168
meghalaya,2021,2,east garo hills district,2,7961
meghalaya,2021,2,ribhoi district,11,8597
meghalaya,2021,2,west jaintia hills district,6,10465
meghalaya,2021,2,west khasi hills district,1,676
meghalaya,2021,3,north garo hills district,1,3541
meghalaya,2021,3,south west khasi hills district,1,48
meghalaya,2021,3,west garo hills district,30,34620
meghalaya,2021,3,south garo hills district,1,5505
meghalaya,2021,3,east jaintia hills district,15,15522
meghalaya,2021,3,south west garo hills district,5,1646
meghalaya,2021,3,east khasi hills district,52,83975
meghalaya,2021,3,east garo hills district,7,19560
meghalaya,2021,3,ribhoi district,24,48286
meghalaya,2021,3,west jaintia hills district,3,1851
meghalaya,2021,4,north garo hills district,4,11746
meghalaya,2021,4,west garo hills district,34,57545
meghalaya,2021,4,south garo hills district,2,1560
meghalaya,2021,4,east jaintia hills district,14,22910
meghalaya,2021,4,south west garo hills district,3,2258
meghalaya,2021,4,east khasi hills district,132,226912
meghalaya,2021,4,east garo hills district,17,23121
meghalaya,2021,4,ribhoi district,44,89673
meghalaya,2021,4,west jaintia hills district,5,4459
meghalaya,2021,4,west khasi hills district,8,11428
meghalaya,2022,1,north garo hills district,8,25357
meghalaya,2022,1,south west khasi hills district,2,16943
meghalaya,2022,1,west garo hills district,77,173099
meghalaya,2022,1,south garo hills district,3,2411
meghalaya,2022,1,east jaintia hills district,17,24138
meghalaya,2022,1,south west garo hills district,6,8854
meghalaya,2022,1,east khasi hills district,133,309643
meghalaya,2022,1,east garo hills district,16,39737
meghalaya,2022,1,ribhoi district,59,103790
meghalaya,2022,1,west jaintia hills district,9,16740
meghalaya,2022,1,west khasi hills district,7,8499
meghalaya,2022,2,north garo hills district,11,16292
meghalaya,2022,2,west garo hills district,68,181815
meghalaya,2022,2,south garo hills district,8,25969
meghalaya,2022,2,east jaintia hills district,16,56384
meghalaya,2022,2,south west garo hills district,2,1461
meghalaya,2022,2,east khasi hills district,190,337842
meghalaya,2022,2,east garo hills district,16,43473
meghalaya,2022,2,ribhoi district,54,94630
meghalaya,2022,2,west jaintia hills district,7,9236
meghalaya,2022,2,west khasi hills district,7,21992
meghalaya,2022,3,north garo hills district,12,33084
meghalaya,2022,3,south west khasi hills district,4,2956
meghalaya,2022,3,west garo hills district,177,337886
meghalaya,2022,3,south garo hills district,19,40323
meghalaya,2022,3,east jaintia hills district,12,16091
meghalaya,2022,3,south west garo hills district,13,20819
meghalaya,2022,3,east khasi hills district,267,427341
meghalaya,2022,3,east garo hills district,18,51275
meghalaya,2022,3,ribhoi district,67,93271
meghalaya,2022,3,west jaintia hills district,7,11586
meghalaya,2022,3,west khasi hills district,4,4859
meghalaya,2022,4,north garo hills district,16,34009
meghalaya,2022,4,south west khasi hills district,1,56
meghalaya,2022,4,west garo hills district,137,307812
meghalaya,2022,4,south garo hills district,21,40872
meghalaya,2022,4,east jaintia hills district,26,16575
meghalaya,2022,4,south west garo hills district,6,14977
meghalaya,2022,4,east khasi hills district,293,521881
meghalaya,2022,4,east garo hills district,24,91125
meghalaya,2022,4,ribhoi district,91,143065
meghalaya,2022,4,west jaintia hills district,8,7150
meghalaya,2022,4,west khasi hills district,4,12007
meghalaya,2023,1,north garo hills district,18,57265
meghalaya,2023,1,south west khasi hills district,3,16268
meghalaya,2023,1,west garo hills district,136,314828
meghalaya,2023,1,south garo hills district,22,54413
meghalaya,2023,1,east jaintia hills district,22,41432
meghalaya,2023,1,south west garo hills district,14,32207
meghalaya,2023,1,east khasi hills district,229,426416
meghalaya,2023,1,east garo hills district,21,46262
meghalaya,2023,1,ribhoi district,82,146651
meghalaya,2023,1,west jaintia hills district,6,29690
meghalaya,2023,1,west khasi hills district,9,22091
meghalaya,2023,2,north garo hills district,47,98259
meghalaya,2023,2,south west khasi hills district,1,1289
meghalaya,2023,2,west garo hills district,182,376421
meghalaya,2023,2,south garo hills district,36,103306
meghalaya,2023,2,east jaintia hills district,39,97347
meghalaya,2023,2,south west garo hills district,21,34171
meghalaya,2023,2,east khasi hills district,274,524055
meghalaya,2023,2,east garo hills district,26,74870
meghalaya,2023,2,ribhoi district,84,175643
meghalaya,2023,2,west jaintia hills district,12,30531
meghalaya,2023,2,west khasi hills district,8,35685
meghalaya,2023,3,north garo hills district,28,70050
meghalaya,2023,3,south west khasi hills district,3,8891
meghalaya,2023,3,west garo hills district,202,435530
meghalaya,2023,3,south garo hills district,50,129643
meghalaya,2023,3,east jaintia hills district,25,28532
meghalaya,2023,3,south west garo hills district,22,63789
meghalaya,2023,3,east khasi hills district,331,624099
meghalaya,2023,3,east garo hills district,33,120461
meghalaya,2023,3,ribhoi district,80,163300
meghalaya,2023,3,west jaintia hills district,24,59482
meghalaya,2023,3,west khasi hills district,11,24299
meghalaya,2023,4,north garo hills district,29,57154
meghalaya,2023,4,south west khasi hills district,4,10473
meghalaya,2023,4,west garo hills district,190,460215
meghalaya,2023,4,south garo hills district,26,51357
meghalaya,2023,4,east jaintia hills district,33,60016
meghalaya,2023,4,south west garo hills district,28,73117
meghalaya,2023,4,east khasi hills district,328,751846
meghalaya,2023,4,east garo hills district,25,66170
meghalaya,2023,4,ribhoi district,117,226411
meghalaya,2023,4,west jaintia hills district,15,58030
meghalaya,2023,4,west khasi hills district,11,28575
meghalaya,2024,1,north garo hills district,44,77261
meghalaya,2024,1,south west khasi hills district,5,8649
meghalaya,2024,1,west garo hills district,270,489582
meghalaya,2024,1,south garo hills district,50,127716
meghalaya,2024,1,east jaintia hills district,66,91008
meghalaya,2024,1,south west garo hills district,30,80674
meghalaya,2024,1,east khasi hills district,334,707606
meghalaya,2024,1,east garo hills district,47,102190
meghalaya,2024,1,ribhoi district,142,197365
meghalaya,2024,1,west jaintia hills district,27,71138
meghalaya,2024,1,west khasi hills district,15,33918
meghalaya,2024,2,north garo hills district,38,85255
meghalaya,2024,2,south west khasi hills district,5,5257
meghalaya,2024,2,west garo hills district,261,534831
meghalaya,2024,2,south garo hills district,42,94856
meghalaya,2024,2,east jaintia hills district,52,77621
meghalaya,2024,2,south west garo hills district,31,60748
meghalaya,2024,2,east khasi hills district,590,1014087
meghalaya,2024,2,east garo hills district,54,130217
meghalaya,2024,2,ribhoi district,119,199931
meghalaya,2024,2,west jaintia hills district,25,76033
meghalaya,2024,2,west khasi hills district,18,39171
meghalaya,2024,3,north garo hills district,43,121787
meghalaya,2024,3,south west khasi hills district,9,21079
meghalaya,2024,3,west garo hills district,230,512261
meghalaya,2024,3,south garo hills district,33,77327
meghalaya,2024,3,east jaintia hills district,31,63192
meghalaya,2024,3,south west garo hills district,43,108276
meghalaya,2024,3,east khasi hills district,508,903993
meghalaya,2024,3,ri bhoi district,138,264983
meghalaya,2024,3,east garo hills district,50,221922
meghalaya,2024,3,west jaintia hills district,32,97961
meghalaya,2024,3,eastern west khasi hills district,5,10433
meghalaya,2024,3,west khasi hills district,18,40664
meghalaya,2024,4,north garo hills district,42,72085
meghalaya,2024,4,south west khasi hills district,2,1264
meghalaya,2024,4,west garo hills district,284,566716
meghalaya,2024,4,south garo hills district,53,100794
meghalaya,2024,4,east jaintia hills district,59,92496
meghalaya,2024,4,south west garo hills district,48,102311
meghalaya,2024,4,east khasi hills district,538,989452
meghalaya,2024,4,ri bhoi district,182,336005
meghalaya,2024,4,east garo hills district,57,107430
meghalaya,2024,4,west jaintia hills district,29,92292
meghalaya,2024,4,eastern west khasi hills district,7,11590
meghalaya,2024,4,west khasi hills district,12,21221
mizoram,2020,2,serchhip district,1,231
mizoram,2020,2,aizawl district,26,6121
mizoram,2020,2,lunglei district,3,744
mizoram,2020,2,saiha district,1,226
mizoram,2020,3,serchhip district,2,783
mizoram,2020,3,aizawl district,55,19936
mizoram,2020,3,lunglei district,4,1261
mizoram,2020,3,mamit district,2,562
mizoram,2020,3,lawngtlai district,8,1508
mizoram,2020,3,kolasib district,2,461
mizoram,2020,3,champhai district,1,180
mizoram,2020,4,serchhip district,1,1866
mizoram,2020,4,aizawl district,43,74456
mizoram,2020,4,lunglei district,10,28125
mizoram,2020,4,mamit district,5,3550
mizoram,2020,4,lawngtlai district,11,6209
mizoram,2020,4,kolasib district,10,4885
mizoram,2020,4,champhai district,1,33
mizoram,2021,1,serchhip district,1,33
mizoram,2021,1,aizawl district,374,268255
mizoram,2021,1,lunglei district,6,6233
mizoram,2021,1,mamit district,9,9501
mizoram,2021,1,lawngtlai district,4,2213
mizoram,2021,1,kolasib district,3,2659
mizoram,2021,1,champhai district,16,10334
mizoram,2021,1,saiha district,2,3613
mizoram,2021,2,serchhip district,2,811
mizoram,2021,2,aizawl district,149,105527
mizoram,2021,2,lunglei district,9,2272
mizoram,2021,2,mamit district,4,6121
mizoram,2021,2,lawngtlai district,9,1913
mizoram,2021,2,kolasib district,4,188
mizoram,2021,2,champhai district,8,2921
mizoram,2021,2,saiha district,2,5052
mizoram,2021,3,serchhip district,4,2795
mizoram,2021,3,aizawl district,58,66033
mizoram,2021,3,lunglei district,6,2258
mizoram,2021,3,mamit district,5,5242
mizoram,2021,3,lawngtlai district,4,1076
mizoram,2021,3,kolasib district,2,982
mizoram,2021,3,champhai district,2,5255
mizoram,2021,4,serchhip district,4,8840
mizoram,2021,4,aizawl district,58,91842
mizoram,2021,4,lunglei district,12,23824
mizoram,2021,4,mamit district,10,14175
mizoram,2021,4,lawngtlai district,6,15826
mizoram,2021,4,kolasib district,5,8865
mizoram,2021,4,champhai district,1,2611
mizoram,2021,4,saiha district,4,9864
mizoram,2022,1,serchhip district,6,18889
mizoram,2022,1,aizawl district,55,107088
mizoram,2022,1,lunglei district,11,21751
mizoram,2022,1,mamit district,1,13441
mizoram,2022,1,lawngtlai district,8,24775
mizoram,2022,1,kolasib district,1,1191
mizoram,2022,1,champhai district,2,2194
mizoram,2022,1,saiha district,1,99
mizoram,2022,2,serchhip district,5,4888
mizoram,2022,2,aizawl district,34,52843
mizoram,2022,2,lunglei district,11,15550
mizoram,2022,2,mamit district,6,13519
mizoram,2022,2,lawngtlai district,12,17657
mizoram,2022,2,kolasib district,6,7044
mizoram,2022,2,saiha district,2,3589
mizoram,2022,3,serchhip district,11,23061
mizoram,2022,3,aizawl district,232,336391
mizoram,2022,3,lunglei district,26,36337
mizoram,2022,3,mamit district,7,17832
mizoram,2022,3,lawngtlai district,15,21225
mizoram,2022,3,kolasib district,14,33851
mizoram,2022,3,champhai district,2,112
mizoram,2022,3,saiha district,3,2497
mizoram,2022,4,serchhip district,35,60974
mizoram,2022,4,aizawl district,219,360472
mizoram,2022,4,lunglei district,21,33104
mizoram,2022,4,mamit district,13,25469
mizoram,2022,4,lawngtlai district,23,63038
mizoram,2022,4,kolasib district,20,32543
mizoram,2022,4,champhai district,16,29772
mizoram,2022,4,saiha district,3,7179
mizoram,2023,1,serchhip district,4,10730
mizoram,2023,1,aizawl district,119,198553
mizoram,2023,1,lunglei district,22,40546
mizoram,2023,1,mamit district,8,10200
mizoram,2023,1,lawngtlai district,8,20727
mizoram,2023,1,kolasib district,7,36169
mizoram,2023,1,champhai district,1,2652
mizoram,2023,1,saiha district,2,7111
mizoram,2023,2,serchhip district,4,3931
mizoram,2023,2,aizawl district,70,139004
mizoram,2023,2,lunglei district,8,7972
mizoram,2023,2,mamit district,8,11860
mizoram,2023,2,lawngtlai district,11,18589
mizoram,2023,2,kolasib district,12,37901
mizoram,2023,2,champhai district,4,6615
mizoram,2023,2,saiha district,2,7056
mizoram,2023,3,serchhip district,9,18835
mizoram,2023,3,aizawl district,112,179859
mizoram,2023,3,lunglei district,9,11079
mizoram,2023,3,mamit district,9,8815
mizoram,2023,3,lawngtlai district,7,4600
mizoram,2023,3,kolasib district,13,35343
mizoram,2023,3,champhai district,4,7151
mizoram,2023,3,saiha district,3,6117
mizoram,2023,4,serchhip district,18,36017
mizoram,2023,4,aizawl district,204,306611
mizoram,2023,4,lunglei district,20,43965
mizoram,2023,4,mamit district,11,27482
mizoram,2023,4,lawngtlai district,19,64525
mizoram,2023,4,kolasib district,26,52587
mizoram,2023,4,champhai district,6,9018
mizoram,2023,4,saiha district,8,17745
mizoram,2024,1,serchhip district,20,45465
mizoram,2024,1,aizawl district,155,185666
mizoram,2024,1,lunglei district,38,70539
mizoram,2024,1,mamit district,13,24515
mizoram,2024,1,lawngtlai district,18,49517
mizoram,2024,1,kolasib district,19,18506
mizoram,2024,1,champhai district,9,11139
mizoram,2024,1,saiha district,5,22346
mizoram,2024,2,serchhip district,8,19117
mizoram,2024,2,aizawl district,129,201881
mizoram,2024,2,lunglei district,17,23831
mizoram,2024,2,mamit district,4,7126
mizoram,2024,2,lawngtlai district,20,15935
mizoram,2024,2,kolasib district,23,51525
mizoram,2024,2,champhai district,9,10603
mizoram,2024,2,saiha district,4,1437
mizoram,2024,3,hnahthial district,2,62
mizoram,2024,3,serchhip district,7,17208
mizoram,2024,3,aizawl district,105,148960
mizoram,2024,3,siaha district,4,7686
mizoram,2024,3,lunglei district,15,20945
mizoram,2024,3,mamit district,12,21539
mizoram,2024,3,lawngtlai district,25,43774
mizoram,2024,3,kolasib district,11,7991
mizoram,2024,3,saitual district,1,181
mizoram,2024,3,champhai district,4,7400
mizoram,2024,4,serchhip district,28,53725
mizoram,2024,4,aizawl district,296,498655
mizoram,2024,4,siaha district,17,22273
mizoram,2024,4,lunglei district,49,90595
mizoram,2024,4,mamit district,13,16176
mizoram,2024,4,lawngtlai district,36,51029
mizoram,2024,4,kolasib district,29,29648
mizoram,2024,4,saitual district,8,19680
mizoram,2024,4,champhai district,10,21869
mizoram,2024,4,khawzawl district,3,8037
nagaland,2020,2,mon district,1,231
nagaland,2020,2,phek district,2,457
nagaland,2020,2,kiphire district,1,282
nagaland,2020,2,kohima district,6,1832
nagaland,2020,2,tuensang district,2,462
nagaland,2020,2,peren district,1,231
nagaland,2020,2,dimapur district,27,6065
nagaland,2020,2,wokha district,1,231
nagaland,2020,3,mon district,4,938
nagaland,2020,3,phek district,2,783
nagaland,2020,3,longleng district,1,33
nagaland,2020,3,kohima district,17,5607
nagaland,2020,3,tuensang district,3,949
nagaland,2020,3,dimapur district,57,11587
nagaland,2020,3,zunheboto district,1,33
nagaland,2020,3,wokha district,4,868
nagaland,2020,4,mon district,3,3729
nagaland,2020,4,phek district,2,65
nagaland,2020,4,longleng district,1,3884
nagaland,2020,4,mokokchung district,9,2370
nagaland,2020,4,kiphire district,1,33
nagaland,2020,4,kohima district,5,1333
nagaland,2020,4,tuensang district,2,198
nagaland,2020,4,dimapur district,34,25648
nagaland,2020,4,zunheboto district,3,1179
nagaland,2020,4,wokha district,2,397
nagaland,2021,1,mon district,5,688
nagaland,2021,1,longleng district,2,702
nagaland,2021,1,mokokchung district,2,1256
nagaland,2021,1,kiphire district,1,33
nagaland,2021,1,kohima district,9,1540
nagaland,2021,1,tuensang district,3,868
nagaland,2021,1,peren district,1,33
nagaland,2021,1,dimapur district,48,33072
nagaland,2021,1,zunheboto district,4,1250
nagaland,2021,1,wokha district,4,3531
nagaland,2021,2,mon district,4,13636
nagaland,2021,2,phek district,2,2504
nagaland,2021,2,mokokchung district,6,11572
nagaland,2021,2,kohima district,7,2618
nagaland,2021,2,peren district,3,472
nagaland,2021,2,dimapur district,61,107022
nagaland,2021,2,zunheboto district,1,1608
nagaland,2021,2,wokha district,1,47
nagaland,2021,3,mon district,2,96
nagaland,2021,3,phek district,4,3770
nagaland,2021,3,mokokchung district,4,2596
nagaland,2021,3,kohima district,11,18701
nagaland,2021,3,tuensang district,1,48
nagaland,2021,3,peren district,1,236
nagaland,2021,3,dimapur district,66,98101
nagaland,2021,3,wokha district,2,95
nagaland,2021,4,mon district,2,4069
nagaland,2021,4,phek district,5,5615
nagaland,2021,4,longleng district,3,7896
nagaland,2021,4,mokokchung district,13,36881
nagaland,2021,4,kiphire district,1,3477
nagaland,2021,4,kohima district,17,25180
nagaland,2021,4,tuensang district,3,9471
nagaland,2021,4,peren district,4,18740
nagaland,2021,4,dimapur district,133,229207
nagaland,2021,4,zunheboto district,1,425
nagaland,2021,4,wokha district,1,463
nagaland,2022,1,mon district,8,54277
nagaland,2022,1,phek district,5,1771
nagaland,2022,1,mokokchung district,10,18633
nagaland,2022,1,kiphire district,1,1918
nagaland,2022,1,kohima district,50,99600
nagaland,2022,1,tuensang district,2,8929
nagaland,2022,1,peren district,6,11251
nagaland,2022,1,dimapur district,137,296222
nagaland,2022,1,zunheboto district,4,12464
nagaland,2022,1,wokha district,19,24158
nagaland,2022,2,mon district,7,5614
nagaland,2022,2,phek district,5,3985
nagaland,2022,2,mokokchung district,11,32149
nagaland,2022,2,kiphire district,2,7547
nagaland,2022,2,kohima district,42,92317
nagaland,2022,2,tuensang district,1,56
nagaland,2022,2,peren district,4,13035
nagaland,2022,2,dimapur district,104,204434
nagaland,2022,2,zunheboto district,3,7318
nagaland,2022,2,wokha district,7,14423
nagaland,2022,3,mon district,13,28116
nagaland,2022,3,phek district,2,8023
nagaland,2022,3,longleng district,1,56
nagaland,2022,3,mokokchung district,15,35162
nagaland,2022,3,kiphire district,3,13696
nagaland,2022,3,kohima district,21,31879
nagaland,2022,3,tuensang district,4,23576
nagaland,2022,3,peren district,2,3620
nagaland,2022,3,dimapur district,140,278631
nagaland,2022,3,zunheboto district,1,1287
nagaland,2022,3,wokha district,8,15623
nagaland,2022,4,mon district,15,56474
nagaland,2022,4,phek district,8,19673
nagaland,2022,4,longleng district,2,14520
nagaland,2022,4,mokokchung district,33,63375
nagaland,2022,4,kiphire district,2,112
nagaland,2022,4,kohima district,27,61776
nagaland,2022,4,tuensang district,6,13464
nagaland,2022,4,peren district,5,12028
nagaland,2022,4,dimapur district,254,442630
nagaland,2022,4,zunheboto district,7,5899
nagaland,2022,4,wokha district,8,10913
nagaland,2023,1,mon district,15,23976
nagaland,2023,1,phek district,5,4309
nagaland,2023,1,longleng district,2,1464
nagaland,2023,1,mokokchung district,35,109339
nagaland,2023,1,kiphire district,1,185
nagaland,2023,1,kohima district,30,46798
nagaland,2023,1,tuensang district,13,34077
nagaland,2023,1,peren district,4,12378
nagaland,2023,1,dimapur district,204,445500
nagaland,2023,1,zunheboto district,2,2293
nagaland,2023,1,wokha district,9,24638
nagaland,2023,2,mon district,13,48562
nagaland,2023,2,phek district,3,5930
nagaland,2023,2,longleng district,1,1263
nagaland,2023,2,mokokchung district,20,66019
nagaland,2023,2,kohima district,22,69517
nagaland,2023,2,tuensang district,5,22239
nagaland,2023,2,peren district,6,23417
nagaland,2023,2,dimapur district,189,368751
nagaland,2023,2,zunheboto district,5,15035
nagaland,2023,2,wokha district,5,8157
nagaland,2023,3,mon district,6,20067
nagaland,2023,3,phek district,4,9530
nagaland,2023,3,longleng district,1,71
nagaland,2023,3,mokokchung district,15,60937
nagaland,2023,3,kiphire district,1,13502
nagaland,2023,3,kohima district,39,84219
nagaland,2023,3,tuensang district,6,8088
nagaland,2023,3,peren district,2,4275
nagaland,2023,3,dimapur district,179,396241
nagaland,2023,3,zunheboto district,2,3523
nagaland,2023,3,wokha district,13,31834
nagaland,2023,4,mon district,18,57150
nagaland,2023,4,phek district,3,1322
nagaland,2023,4,longleng district,2,2249
nagaland,2023,4,mokokchung district,20,73657
nagaland,2023,4,kohima district,37,137578
nagaland,2023,4,tuensang district,7,18554
nagaland,2023,4,peren district,4,8375
nagaland,2023,4,dimapur district,221,486852
nagaland,2023,4,zunheboto district,4,12198
nagaland,2023,4,wokha district,15,25038
nagaland,2024,1,mon district,33,60598
nagaland,2024,1,phek district,8,8334
nagaland,2024,1,longleng district,2,92
nagaland,2024,1,mokokchung district,35,95063
nagaland,2024,1,kiphire district,2,2949
nagaland,2024,1,kohima district,45,69026
nagaland,2024,1,tuensang district,10,26106
nagaland,2024,1,peren district,6,5503
nagaland,2024,1,dimapur district,366,617926
nagaland,2024,1,zunheboto district,8,11865
nagaland,2024,1,wokha district,11,28222
nagaland,2024,2,mon district,12,26395
nagaland,2024,2,phek district,3,6214
nagaland,2024,2,longleng district,2,2093
nagaland,2024,2,mokokchung district,20,54012
nagaland,2024,2,kiphire district,1,31
nagaland,2024,2,kohima district,40,84571
nagaland,2024,2,tuensang district,8,9360
nagaland,2024,2,peren district,7,5924
nagaland,2024,2,dimapur district,307,474960
nagaland,2024,2,zunheboto district,4,5546
nagaland,2024,2,wokha district,14,16186
nagaland,2024,3,mon district,16,44388
nagaland,2024,3,phek district,8,28926
nagaland,2024,3,mokokchung district,27,100538
nagaland,2024,3,tseminyu district,2,5025
nagaland,2024,3,kiphire district,3,4164
nagaland,2024,3,kohima district,42,96907
nagaland,2024,3,chumoukedima district,58,89152
nagaland,2024,3,noklak district,3,3291
nagaland,2024,3,peren district,5,8897
nagaland,2024,3,wokha district,12,36145
nagaland,2024,3,tuensang district,3,13832
nagaland,2024,3,shamator district,2,11535
nagaland,2024,3,dimapur district,226,374605
nagaland,2024,3,zunheboto district,3,3134
nagaland,2024,4,mon district,28,75471
nagaland,2024,4,phek district,10,34870
nagaland,2024,4,longleng district,4,7152
nagaland,2024,4,mokokchung district,25,104897
nagaland,2024,4,tseminyu district,1,3048
nagaland,2024,4,kiphire district,10,293
nagaland,2024,4,kohima district,60,114999
nagaland,2024,4,chumoukedima district,94,182390
nagaland,2024,4,noklak district,2,2136
nagaland,2024,4,peren district,10,10346
nagaland,2024,4,wokha district,9,19766
nagaland,2024,4,tuensang district,14,24874
nagaland,2024,4,dimapur district,298,571656
nagaland,2024,4,zunheboto district,3,16519
odisha,2020,2,rayagada district,84,16524
odisha,2020,2,koraput district,55,11009
odisha,2020,2,malkangiri district,10,2253
odisha,2020,2,sambalpur district,110,23412
odisha,2020,2,kalahandi district,47,11014
odisha,2020,2,anugul district,92,18236
odisha,2020,2,ganjam district,235,49936
odisha,2020,2,jajapur district,97,21660
odisha,2020,2,bargarh district,37,8191
odisha,2020,2,dhenkanal district,61,13900
odisha,2020,2,bhadrak district,55,12756
odisha,2020,2,nuapada district,21,4878
odisha,2020,2,kendujhar district,76,17997
odisha,2020,2,mayurbhanj district,82,17980
odisha,2020,2,jharsuguda district,66,14004
odisha,2020,2,kandhamal district,18,4445
odisha,2020,2,deogarh district,8,1803
odisha,2020,2,sundargarh district,145,30108
odisha,2020,2,jagatsinghapur district,52,11187
odisha,2020,2,balangir district,55,12056
odisha,2020,2,baleshwar district,154,32694
odisha,2020,2,puri district,93,19503
odisha,2020,2,sonepur district,19,4257
odisha,2020,2,khordha district,948,176670
odisha,2020,2,boudh district,14,3232
odisha,2020,2,gajapati district,22,5044
odisha,2020,2,nayagarh district,25,6587
odisha,2020,2,nabarangpur district,39,8270
odisha,2020,2,kendrapara district,40,9135
odisha,2020,2,cuttack district,221,46452
odisha,2020,3,rayagada district,292,81488
odisha,2020,3,koraput district,247,66184
odisha,2020,3,malkangiri district,91,26229
odisha,2020,3,sambalpur district,382,104804
odisha,2020,3,kalahandi district,236,59524
odisha,2020,3,anugul district,289,70027
odisha,2020,3,ganjam district,765,176071
odisha,2020,3,jajapur district,431,93403
odisha,2020,3,bargarh district,275,84717
odisha,2020,3,dhenkanal district,229,56140
odisha,2020,3,bhadrak district,249,59839
odisha,2020,3,nuapada district,84,22284
odisha,2020,3,kendujhar district,480,101824
odisha,2020,3,mayurbhanj district,331,83843
odisha,2020,3,jharsuguda district,233,59547
odisha,2020,3,kandhamal district,88,22279
odisha,2020,3,deogarh district,17,3094
odisha,2020,3,sundargarh district,602,150334
odisha,2020,3,jagatsinghapur district,248,60015
odisha,2020,3,balangir district,316,88942
odisha,2020,3,baleshwar district,429,97503
odisha,2020,3,puri district,376,85225
odisha,2020,3,sonepur district,84,21194
odisha,2020,3,khordha district,2540,565649
odisha,2020,3,boudh district,66,16677
odisha,2020,3,gajapati district,136,32456
odisha,2020,3,nayagarh district,171,40330
odisha,2020,3,nabarangpur district,115,33225
odisha,2020,3,kendrapara district,200,41317
odisha,2020,3,cuttack district,953,236027
odisha,2020,4,rayagada district,141,85987
odisha,2020,4,koraput district,171,85777
odisha,2020,4,malkangiri district,69,57908
odisha,2020,4,sambalpur district,225,119248
odisha,2020,4,kalahandi district,158,88400
odisha,2020,4,anugul district,251,167432
odisha,2020,4,ganjam district,602,320130
odisha,2020,4,jajapur district,300,152053
odisha,2020,4,bargarh district,125,66666
odisha,2020,4,dhenkanal district,197,126487
odisha,2020,4,bhadrak district,202,115436
odisha,2020,4,nuapada district,64,31837
odisha,2020,4,kendujhar district,264,141631
odisha,2020,4,mayurbhanj district,209,98405
odisha,2020,4,jharsuguda district,177,99479
odisha,2020,4,kandhamal district,65,33793
odisha,2020,4,deogarh district,39,20606
odisha,2020,4,sundargarh district,376,244881
odisha,2020,4,jagatsinghapur district,179,91541
odisha,2020,4,balangir district,163,63520
odisha,2020,4,baleshwar district,294,153833
odisha,2020,4,puri district,286,111526
odisha,2020,4,sonepur district,64,25723
odisha,2020,4,khordha district,1675,954884
odisha,2020,4,boudh district,43,27572
odisha,2020,4,gajapati district,64,41276
odisha,2020,4,nayagarh district,99,59634
odisha,2020,4,nabarangpur district,83,78674
odisha,2020,4,kendrapara district,176,88668
odisha,2020,4,cuttack district,765,455694
odisha,2021,1,rayagada district,220,125559
odisha,2021,1,koraput district,220,133306
odisha,2021,1,malkangiri district,80,40535
odisha,2021,1,sambalpur district,269,143633
odisha,2021,1,kalahandi district,157,70162
odisha,2021,1,anugul district,269,140111
odisha,2021,1,ganjam district,565,282036
odisha,2021,1,jajapur district,269,132672
odisha,2021,1,bargarh district,150,59045
odisha,2021,1,dhenkanal district,192,93571
odisha,2021,1,bhadrak district,235,125046
odisha,2021,1,nuapada district,65,32250
odisha,2021,1,kendujhar district,315,171881
odisha,2021,1,mayurbhanj district,222,134183
odisha,2021,1,jharsuguda district,206,106244
odisha,2021,1,kandhamal district,89,46191
odisha,2021,1,deogarh district,35,18913
odisha,2021,1,sundargarh district,457,297104
odisha,2021,1,jagatsinghapur district,210,110790
odisha,2021,1,balangir district,218,80273
odisha,2021,1,baleshwar district,368,163193
odisha,2021,1,puri district,316,137810
odisha,2021,1,sonepur district,86,32391
odisha,2021,1,khordha district,1758,1051292
odisha,2021,1,boudh district,58,24117
odisha,2021,1,gajapati district,71,53871
odisha,2021,1,nayagarh district,115,51169
odisha,2021,1,nabarangpur district,88,47160
odisha,2021,1,kendrapara district,159,104274
odisha,2021,1,cuttack district,774,374548
odisha,2021,2,rayagada district,184,139311
odisha,2021,2,koraput district,179,142530
odisha,2021,2,malkangiri district,72,203033
odisha,2021,2,sambalpur district,285,209756
odisha,2021,2,kalahandi district,161,100897
odisha,2021,2,anugul district,282,195220
odisha,2021,2,ganjam district,587,334882
odisha,2021,2,jajapur district,298,251008
odisha,2021,2,bargarh district,200,100326
odisha,2021,2,dhenkanal district,207,124969
odisha,2021,2,bhadrak district,216,124169
odisha,2021,2,nuapada district,78,40306
odisha,2021,2,kendujhar district,294,283026
odisha,2021,2,mayurbhanj district,290,298588
odisha,2021,2,jharsuguda district,208,144774
odisha,2021,2,kandhamal district,63,36109
odisha,2021,2,deogarh district,29,14773
odisha,2021,2,sundargarh district,457,383308
odisha,2021,2,jagatsinghapur district,219,164863
odisha,2021,2,balangir district,232,112902
odisha,2021,2,baleshwar district,347,222150
odisha,2021,2,puri district,267,117653
odisha,2021,2,sonepur district,72,31754
odisha,2021,2,khordha district,1626,1331503
odisha,2021,2,boudh district,45,30590
odisha,2021,2,gajapati district,46,36068
odisha,2021,2,nayagarh district,103,65847
odisha,2021,2,nabarangpur district,87,70940
odisha,2021,2,kendrapara district,137,99352
odisha,2021,2,cuttack district,671,422317
odisha,2021,3,rayagada district,161,149354
odisha,2021,3,koraput district,175,134994
odisha,2021,3,malkangiri district,68,63494
odisha,2021,3,sambalpur district,266,203664
odisha,2021,3,kalahandi district,168,116344
odisha,2021,3,anugul district,353,308712
odisha,2021,3,ganjam district,586,468221
odisha,2021,3,jajapur district,297,178752
odisha,2021,3,bargarh district,163,97487
odisha,2021,3,dhenkanal district,207,161128
odisha,2021,3,bhadrak district,213,145239
odisha,2021,3,nuapada district,61,41074
odisha,2021,3,kendujhar district,274,221453
odisha,2021,3,mayurbhanj district,245,197860
odisha,2021,3,jharsuguda district,139,105099
odisha,2021,3,kandhamal district,74,43599
odisha,2021,3,deogarh district,30,23501
odisha,2021,3,sundargarh district,465,388014
odisha,2021,3,jagatsinghapur district,192,148043
odisha,2021,3,balangir district,234,209858
odisha,2021,3,baleshwar district,378,261707
odisha,2021,3,puri district,251,138734
odisha,2021,3,sonepur district,46,23561
odisha,2021,3,khordha district,1726,1334699
odisha,2021,3,boudh district,38,9101
odisha,2021,3,gajapati district,77,65471
odisha,2021,3,nayagarh district,95,37729
odisha,2021,3,nabarangpur district,71,38433
odisha,2021,3,kendrapara district,156,118283
odisha,2021,3,cuttack district,758,575078
odisha,2021,4,rayagada district,222,235270
odisha,2021,4,koraput district,235,311718
odisha,2021,4,malkangiri district,81,125900
odisha,2021,4,sambalpur district,337,384838
odisha,2021,4,kalahandi district,205,253992
odisha,2021,4,anugul district,333,494511
odisha,2021,4,ganjam district,533,718272
odisha,2021,4,jajapur district,347,404602
odisha,2021,4,bargarh district,183,197229
odisha,2021,4,dhenkanal district,151,200704
odisha,2021,4,bhadrak district,221,232917
odisha,2021,4,nuapada district,66,84926
odisha,2021,4,kendujhar district,351,478448
odisha,2021,4,mayurbhanj district,294,360368
odisha,2021,4,jharsuguda district,247,278537
odisha,2021,4,kandhamal district,115,139285
odisha,2021,4,deogarh district,18,14707
odisha,2021,4,sundargarh district,406,664481
odisha,2021,4,jagatsinghapur district,199,268299
odisha,2021,4,balangir district,229,237562
odisha,2021,4,baleshwar district,394,379386
odisha,2021,4,puri district,218,355544
odisha,2021,4,sonepur district,59,76210
odisha,2021,4,khordha district,2185,2421437
odisha,2021,4,boudh district,52,59253
odisha,2021,4,gajapati district,101,135998
odisha,2021,4,nayagarh district,123,128341
odisha,2021,4,nabarangpur district,138,170936
odisha,2021,4,kendrapara district,182,213845
odisha,2021,4,cuttack district,868,914110
odisha,2022,1,rayagada district,286,467833
odisha,2022,1,koraput district,268,425672
odisha,2022,1,malkangiri district,77,109898
odisha,2022,1,sambalpur district,284,394537
odisha,2022,1,kalahandi district,197,298633
odisha,2022,1,anugul district,347,566436
odisha,2022,1,ganjam district,724,1120616
odisha,2022,1,jajapur district,345,476797
odisha,2022,1,bargarh district,218,314186
odisha,2022,1,dhenkanal district,164,289125
odisha,2022,1,bhadrak district,236,339124
odisha,2022,1,nuapada district,63,120081
odisha,2022,1,kendujhar district,421,751046
odisha,2022,1,mayurbhanj district,281,524362
odisha,2022,1,jharsuguda district,311,429822
odisha,2022,1,kandhamal district,85,147483
odisha,2022,1,deogarh district,31,51539
odisha,2022,1,sundargarh district,577,964269
odisha,2022,1,jagatsinghapur district,235,346938
odisha,2022,1,balangir district,227,402328
odisha,2022,1,baleshwar district,362,481921
odisha,2022,1,puri district,268,468017
odisha,2022,1,sonepur district,68,103196
odisha,2022,1,khordha district,2159,2889267
odisha,2022,1,boudh district,34,69032
odisha,2022,1,gajapati district,112,192469
odisha,2022,1,nayagarh district,95,147996
odisha,2022,1,nabarangpur district,146,303885
odisha,2022,1,kendrapara district,185,265650
odisha,2022,1,cuttack district,821,1077151
odisha,2022,2,rayagada district,246,342207
odisha,2022,2,koraput district,313,480623
odisha,2022,2,malkangiri district,58,96820
odisha,2022,2,sambalpur district,431,580507
odisha,2022,2,kalahandi district,201,276903
odisha,2022,2,anugul district,492,673469
odisha,2022,2,ganjam district,881,1142879
odisha,2022,2,jajapur district,438,595862
odisha,2022,2,bargarh district,483,463333
odisha,2022,2,dhenkanal district,226,355723
odisha,2022,2,bhadrak district,273,329162
odisha,2022,2,nuapada district,85,128607
odisha,2022,2,kendujhar district,513,782721
odisha,2022,2,mayurbhanj district,385,634971
odisha,2022,2,jharsuguda district,344,429382
odisha,2022,2,kandhamal district,128,166350
odisha,2022,2,deogarh district,43,75186
odisha,2022,2,sundargarh district,820,1128812
odisha,2022,2,jagatsinghapur district,249,287008
odisha,2022,2,balangir district,241,396323
odisha,2022,2,baleshwar district,442,584664
odisha,2022,2,puri district,380,485864
odisha,2022,2,sonepur district,71,94520
odisha,2022,2,khordha district,2952,3832775
odisha,2022,2,boudh district,62,81060
odisha,2022,2,gajapati district,129,135947
odisha,2022,2,nayagarh district,137,212917
odisha,2022,2,nabarangpur district,156,250156
odisha,2022,2,kendrapara district,188,287985
odisha,2022,2,cuttack district,1004,1298359
odisha,2022,3,rayagada district,458,539569
odisha,2022,3,koraput district,468,677872
odisha,2022,3,malkangiri district,181,260121
odisha,2022,3,sambalpur district,571,715249
odisha,2022,3,kalahandi district,419,482788
odisha,2022,3,anugul district,841,1111232
odisha,2022,3,ganjam district,1437,1662116
odisha,2022,3,jajapur district,777,956576
odisha,2022,3,bargarh district,313,457252
odisha,2022,3,dhenkanal district,389,535996
odisha,2022,3,bhadrak district,409,476236
odisha,2022,3,nuapada district,139,174596
odisha,2022,3,kendujhar district,836,1165467
odisha,2022,3,mayurbhanj district,581,826759
odisha,2022,3,jharsuguda district,550,697751
odisha,2022,3,kandhamal district,204,225107
odisha,2022,3,deogarh district,61,69822
odisha,2022,3,sundargarh district,1306,1586914
odisha,2022,3,jagatsinghapur district,404,482062
odisha,2022,3,balangir district,429,557730
odisha,2022,3,baleshwar district,638,785294
odisha,2022,3,puri district,568,701280
odisha,2022,3,sonepur district,184,237480
odisha,2022,3,khordha district,4154,4731441
odisha,2022,3,boudh district,74,123073
odisha,2022,3,gajapati district,205,248413
odisha,2022,3,nayagarh district,207,224393
odisha,2022,3,nabarangpur district,209,329585
odisha,2022,3,kendrapara district,284,410219
odisha,2022,3,cuttack district,1602,1856138
odisha,2022,4,rayagada district,476,631680
odisha,2022,4,koraput district,617,955709
odisha,2022,4,malkangiri district,189,271208
odisha,2022,4,sambalpur district,929,1231278
odisha,2022,4,kalahandi district,417,598810
odisha,2022,4,anugul district,1150,1705857
odisha,2022,4,ganjam district,1796,2208828
odisha,2022,4,jajapur district,899,1237020
odisha,2022,4,bargarh district,371,631554
odisha,2022,4,dhenkanal district,446,569322
odisha,2022,4,bhadrak district,503,642574
odisha,2022,4,nuapada district,170,319544
odisha,2022,4,kendujhar district,1405,2004714
odisha,2022,4,mayurbhanj district,798,1178754
odisha,2022,4,jharsuguda district,758,1011170
odisha,2022,4,kandhamal district,273,388612
odisha,2022,4,deogarh district,83,99740
odisha,2022,4,sundargarh district,1899,2525663
odisha,2022,4,jagatsinghapur district,469,644153
odisha,2022,4,balangir district,416,634008
odisha,2022,4,baleshwar district,862,1196546
odisha,2022,4,puri district,828,1131232
odisha,2022,4,sonepur district,181,260933
odisha,2022,4,khordha district,5189,6823790
odisha,2022,4,boudh district,104,157949
odisha,2022,4,gajapati district,244,301511
odisha,2022,4,nayagarh district,227,296840
odisha,2022,4,nabarangpur district,311,559158
odisha,2022,4,kendrapara district,377,596413
odisha,2022,4,cuttack district,2151,2750831
odisha,2023,1,rayagada district,467,847175
odisha,2023,1,koraput district,557,858384
odisha,2023,1,malkangiri district,161,246577
odisha,2023,1,sambalpur district,583,875351
odisha,2023,1,kalahandi district,376,620009
odisha,2023,1,anugul district,969,1504703
odisha,2023,1,ganjam district,1512,2187684
odisha,2023,1,jajapur district,598,916499
odisha,2023,1,bargarh district,301,544297
odisha,2023,1,dhenkanal district,367,556677
odisha,2023,1,bhadrak district,381,600683
odisha,2023,1,nuapada district,140,395846
odisha,2023,1,kendujhar district,1008,1547116
odisha,2023,1,mayurbhanj district,726,1182684
odisha,2023,1,jharsuguda district,503,882401
odisha,2023,1,kandhamal district,181,343107
odisha,2023,1,deogarh district,61,112655
odisha,2023,1,sundargarh district,1247,1954043
odisha,2023,1,jagatsinghapur district,316,536162
odisha,2023,1,balangir district,353,731765
odisha,2023,1,baleshwar district,665,994911
odisha,2023,1,puri district,575,917505
odisha,2023,1,sonepur district,124,219673
odisha,2023,1,khordha district,4227,6118201
odisha,2023,1,boudh district,88,131753
odisha,2023,1,gajapati district,207,275120
odisha,2023,1,nayagarh district,214,343593
odisha,2023,1,nabarangpur district,210,454500
odisha,2023,1,kendrapara district,284,381677
odisha,2023,1,cuttack district,1498,2079804
odisha,2023,2,rayagada district,997,1177491
odisha,2023,2,koraput district,564,935720
odisha,2023,2,malkangiri district,231,388732
odisha,2023,2,sambalpur district,787,1158501
odisha,2023,2,kalahandi district,512,746825
odisha,2023,2,anugul district,1072,1433799
odisha,2023,2,ganjam district,1485,2026677
odisha,2023,2,jajapur district,696,1079534
odisha,2023,2,bargarh district,337,570032
odisha,2023,2,dhenkanal district,491,788186
odisha,2023,2,bhadrak district,461,665472
odisha,2023,2,nuapada district,155,283734
odisha,2023,2,kendujhar district,981,1461637
odisha,2023,2,mayurbhanj district,897,1272991
odisha,2023,2,jharsuguda district,506,820513
odisha,2023,2,kandhamal district,206,258334
odisha,2023,2,deogarh district,88,154536
odisha,2023,2,sundargarh district,1362,1927023
odisha,2023,2,jagatsinghapur district,514,735221
odisha,2023,2,balangir district,385,622856
odisha,2023,2,baleshwar district,958,1264858
odisha,2023,2,puri district,682,910540
odisha,2023,2,sonepur district,148,218507
odisha,2023,2,khordha district,4794,6403803
odisha,2023,2,boudh district,123,141888
odisha,2023,2,gajapati district,186,293294
odisha,2023,2,nayagarh district,238,350057
odisha,2023,2,nabarangpur district,210,411222
odisha,2023,2,kendrapara district,377,531710
odisha,2023,2,cuttack district,1720,2273417
odisha,2023,3,rayagada district,457,706953
odisha,2023,3,koraput district,556,932640
odisha,2023,3,malkangiri district,138,254025
odisha,2023,3,sambalpur district,720,993849
odisha,2023,3,kalahandi district,352,656310
odisha,2023,3,anugul district,1115,1539544
odisha,2023,3,ganjam district,1649,2137944
odisha,2023,3,jajapur district,715,1079031
odisha,2023,3,bargarh district,306,467498
odisha,2023,3,dhenkanal district,410,620456
odisha,2023,3,bhadrak district,424,567373
odisha,2023,3,nuapada district,98,151288
odisha,2023,3,kendujhar district,813,1245367
odisha,2023,3,mayurbhanj district,629,1067317
odisha,2023,3,jharsuguda district,476,783619
odisha,2023,3,kandhamal district,213,212182
odisha,2023,3,deogarh district,41,62499
odisha,2023,3,sundargarh district,1333,1836241
odisha,2023,3,jagatsinghapur district,394,592239
odisha,2023,3,balangir district,373,591592
odisha,2023,3,baleshwar district,730,1006763
odisha,2023,3,puri district,634,959197
odisha,2023,3,sonepur district,144,273796
odisha,2023,3,khordha district,4977,6676447
odisha,2023,3,boudh district,83,149571
odisha,2023,3,gajapati district,205,282869
odisha,2023,3,nayagarh district,185,301722
odisha,2023,3,nabarangpur district,192,264312
odisha,2023,3,kendrapara district,286,370352
odisha,2023,3,cuttack district,1615,2225354
odisha,2023,4,rayagada district,598,855411
odisha,2023,4,koraput district,835,1470513
odisha,2023,4,malkangiri district,230,329946
odisha,2023,4,sambalpur district,838,1369197
odisha,2023,4,kalahandi district,480,733119
odisha,2023,4,anugul district,1457,2073307
odisha,2023,4,ganjam district,1678,2575993
odisha,2023,4,jajapur district,840,1318491
odisha,2023,4,bargarh district,408,750045
odisha,2023,4,dhenkanal district,501,850319
odisha,2023,4,bhadrak district,502,728553
odisha,2023,4,nuapada district,182,345122
odisha,2023,4,kendujhar district,1149,1904341
odisha,2023,4,mayurbhanj district,857,1488275
odisha,2023,4,jharsuguda district,686,1106447
odisha,2023,4,kandhamal district,306,554841
odisha,2023,4,deogarh district,71,88196
odisha,2023,4,sundargarh district,1694,2874571
odisha,2023,4,jagatsinghapur district,555,819067
odisha,2023,4,balangir district,448,840092
odisha,2023,4,baleshwar district,956,1362963
odisha,2023,4,puri district,780,1194319
odisha,2023,4,sonepur district,137,225391
odisha,2023,4,khordha district,5909,9220158
odisha,2023,4,boudh district,89,191962
odisha,2023,4,gajapati district,225,330235
odisha,2023,4,nayagarh district,294,453823
odisha,2023,4,nabarangpur district,246,440335
odisha,2023,4,kendrapara district,336,503392
odisha,2023,4,cuttack district,1778,2754968
odisha,2024,1,rayagada district,637,900352
odisha,2024,1,koraput district,889,1317042
odisha,2024,1,malkangiri district,261,339650
odisha,2024,1,sambalpur district,907,1410239
odisha,2024,1,kalahandi district,612,793275
odisha,2024,1,anugul district,1658,2124479
odisha,2024,1,ganjam district,1969,2698905
odisha,2024,1,jajapur district,1048,1347026
odisha,2024,1,bargarh district,455,714620
odisha,2024,1,dhenkanal district,664,850995
odisha,2024,1,bhadrak district,655,727321
odisha,2024,1,nuapada district,249,408647
odisha,2024,1,kendujhar district,1408,2173212
odisha,2024,1,mayurbhanj district,994,1381800
odisha,2024,1,jharsuguda district,789,1154288
odisha,2024,1,kandhamal district,306,458923
odisha,2024,1,deogarh district,106,149748
odisha,2024,1,sundargarh district,1828,2757561
odisha,2024,1,jagatsinghapur district,599,785199
odisha,2024,1,balangir district,615,983066
odisha,2024,1,baleshwar district,1081,1339379
odisha,2024,1,puri district,876,1104811
odisha,2024,1,sonepur district,165,206703
odisha,2024,1,khordha district,5623,8837542
odisha,2024,1,boudh district,165,207950
odisha,2024,1,gajapati district,289,420774
odisha,2024,1,nayagarh district,272,329172
odisha,2024,1,nabarangpur district,399,737479
odisha,2024,1,kendrapara district,460,557941
odisha,2024,1,cuttack district,1998,2814396
odisha,2024,2,rayagada district,628,789046
odisha,2024,2,koraput district,689,1055239
odisha,2024,2,malkangiri district,211,301757
odisha,2024,2,sambalpur district,829,1391452
odisha,2024,2,kalahandi district,452,709651
odisha,2024,2,anugul district,1414,1906915
odisha,2024,2,ganjam district,1774,2491620
odisha,2024,2,jajapur district,951,1391924
odisha,2024,2,bargarh district,364,580494
odisha,2024,2,dhenkanal district,557,823303
odisha,2024,2,bhadrak district,538,650069
odisha,2024,2,nuapada district,174,285634
odisha,2024,2,kendujhar district,1211,1932061
odisha,2024,2,mayurbhanj district,867,1223247
odisha,2024,2,jharsuguda district,687,971501
odisha,2024,2,kandhamal district,271,351919
odisha,2024,2,deogarh district,88,107931
odisha,2024,2,sundargarh district,1587,2583961
odisha,2024,2,jagatsinghapur district,633,834469
odisha,2024,2,balangir district,510,746931
odisha,2024,2,baleshwar district,1012,1354016
odisha,2024,2,puri district,783,1148784
odisha,2024,2,sonepur district,168,194759
odisha,2024,2,khordha district,4985,8243923
odisha,2024,2,boudh district,136,189745
odisha,2024,2,gajapati district,196,230030
odisha,2024,2,nayagarh district,293,402958
odisha,2024,2,nabarangpur district,316,553008
odisha,2024,2,kendrapara district,357,480684
odisha,2024,2,cuttack district,1898,2913443
odisha,2024,3,rayagada district,565,786954
odisha,2024,3,koraput district,742,1322699
odisha,2024,3,malkangiri district,176,283246
odisha,2024,3,angul district,1598,2207127
odisha,2024,3,subarnapur district,161,308122
odisha,2024,3,sambalpur district,921,1368331
odisha,2024,3,jajpur district,1002,1445139
odisha,2024,3,kalahandi district,517,860032
odisha,2024,3,anugul district,1,7210
odisha,2024,3,ganjam district,1904,2730820
odisha,2024,3,bargarh district,421,612736
odisha,2024,3,dhenkanal district,614,971488
odisha,2024,3,bhadrak district,551,781460
odisha,2024,3,nuapada district,172,405641
odisha,2024,3,kendujhar district,1057,1873195
odisha,2024,3,mayurbhanj district,896,1455589
odisha,2024,3,jharsuguda district,805,1165899
odisha,2024,3,kandhamal district,293,408460
odisha,2024,3,deogarh district,92,136104
odisha,2024,3,jagatsinghpur district,551,797221
odisha,2024,3,sundargarh district,1759,2865130
odisha,2024,3,balangir district,531,715948
odisha,2024,3,baleshwar district,1,1111
odisha,2024,3,baleswar district,998,1306093
odisha,2024,3,puri district,766,1241935
odisha,2024,3,khordha district,6027,9409800
odisha,2024,3,boudh district,120,198142
odisha,2024,3,gajapati district,256,387250
odisha,2024,3,nayagarh district,331,519095
odisha,2024,3,nabarangpur district,246,444196
odisha,2024,3,kendrapara district,303,419019
odisha,2024,3,cuttack district,2147,3173459
odisha,2024,4,rayagada district,752,1010567
odisha,2024,4,koraput district,1015,1586861
odisha,2024,4,malkangiri district,308,328159
odisha,2024,4,angul district,2164,2865214
odisha,2024,4,subarnapur district,212,269088
odisha,2024,4,sambalpur district,1115,1630527
odisha,2024,4,jajpur district,1324,1682849
odisha,2024,4,kalahandi district,692,935883
odisha,2024,4,ganjam district,2256,3083743
odisha,2024,4,bargarh district,497,735718
odisha,2024,4,dhenkanal district,721,911695
odisha,2024,4,bhadrak district,714,767103
odisha,2024,4,nuapada district,213,354266
odisha,2024,4,kendujhar district,1417,2115137
odisha,2024,4,mayurbhanj district,1213,1798191
odisha,2024,4,jharsuguda district,910,1238436
odisha,2024,4,kandhamal district,420,577879
odisha,2024,4,deogarh district,119,202607
odisha,2024,4,jagatsinghpur district,652,808602
odisha,2024,4,sundargarh district,2121,3211980
odisha,2024,4,balangir district,668,864157
odisha,2024,4,baleswar district,1306,1642759
odisha,2024,4,puri district,989,1381879
odisha,2024,4,khordha district,7013,11119730
odisha,2024,4,boudh district,169,209971
odisha,2024,4,gajapati district,368,399943
odisha,2024,4,nayagarh district,395,478485
odisha,2024,4,nabarangpur district,418,673067
odisha,2024,4,kendrapara district,530,654661
odisha,2024,4,cuttack district,2474,3434067
puducherry,2020,2,karaikal district,1,708
puducherry,2020,2,puducherry district,98,18574
puducherry,2020,2,yanam district,12,2687
puducherry,2020,2,mahe district,1,282
puducherry,2020,3,karaikal district,14,5445
puducherry,2020,3,puducherry district,143,40754
puducherry,2020,3,yanam district,25,6919
puducherry,2020,3,mahe district,9,5281
puducherry,2020,4,karaikal district,21,21295
puducherry,2020,4,puducherry district,202,165945
puducherry,2020,4,yanam district,7,5973
puducherry,2020,4,mahe district,4,4742
puducherry,2021,1,karaikal district,73,87255
puducherry,2021,1,puducherry district,283,254440
puducherry,2021,1,yanam district,8,3551
puducherry,2021,1,mahe district,8,6581
puducherry,2021,2,karaikal district,45,53202
puducherry,2021,2,puducherry district,455,432658
puducherry,2021,2,yanam district,21,10606
puducherry,2021,2,mahe district,5,11811
puducherry,2021,3,karaikal district,45,61640
puducherry,2021,3,puducherry district,494,464835
puducherry,2021,3,yanam district,6,4389
puducherry,2021,3,mahe district,16,25578
puducherry,2021,4,karaikal district,54,84570
puducherry,2021,4,puducherry district,685,767854
puducherry,2021,4,yanam district,25,60936
puducherry,2021,4,mahe district,22,33247
puducherry,2022,1,karaikal district,113,163884
puducherry,2022,1,puducherry district,1026,1416491
puducherry,2022,1,yanam district,29,31144
puducherry,2022,1,mahe district,31,51885
puducherry,2022,2,karaikal district,107,163314
puducherry,2022,2,puducherry district,981,1315292
puducherry,2022,2,yanam district,28,39360
puducherry,2022,2,mahe district,40,79820
puducherry,2022,3,karaikal district,174,251500
puducherry,2022,3,puducherry district,1335,1659848
puducherry,2022,3,yanam district,27,39021
puducherry,2022,3,mahe district,49,75160
puducherry,2022,4,karaikal district,304,389357
puducherry,2022,4,puducherry district,1916,2147849
puducherry,2022,4,yanam district,43,76625
puducherry,2022,4,mahe district,68,79299
puducherry,2023,1,karaikal district,168,247909
puducherry,2023,1,puducherry district,1684,2191876
puducherry,2023,1,yanam district,34,60998
puducherry,2023,1,mahe district,69,92308
puducherry,2023,2,karaikal district,188,252023
puducherry,2023,2,puducherry district,1527,2210627
puducherry,2023,2,yanam district,32,49108
puducherry,2023,2,mahe district,62,102248
puducherry,2023,3,karaikal district,234,352670
puducherry,2023,3,puducherry district,1891,2380727
puducherry,2023,3,yanam district,33,44838
puducherry,2023,3,mahe district,74,113412
puducherry,2023,4,karaikal district,228,321006
puducherry,2023,4,puducherry district,2093,2921421
puducherry,2023,4,yanam district,40,67378
puducherry,2023,4,mahe district,86,109590
puducherry,2024,1,karaikal district,271,445825
puducherry,2024,1,puducherry district,2273,3067571
puducherry,2024,1,yanam district,63,105162
puducherry,2024,1,mahe district,95,174996
puducherry,2024,2,karaikal district,225,327567
puducherry,2024,2,puducherry district,1970,2832692
puducherry,2024,2,yanam district,34,38538
puducherry,2024,2,mahe district,75,124200
puducherry,2024,3,karaikal district,234,399089
puducherry,2024,3,puducherry district,2218,3327539
puducherry,2024,3,yanam district,45,84404
puducherry,2024,3,mahe district,103,157491
puducherry,2024,4,karaikal district,273,342060
puducherry,2024,4,puducherry district,2410,3316201
puducherry,2024,4,yanam district,53,75331
puducherry,2024,4,mahe district,102,162441
punjab,2020,2,shahid bhagat singh nagar district,24,5640
punjab,2020,2,fazilka district,28,6678
punjab,2020,2,barnala district,11,2288
punjab,2020,2,mansa district,11,2607
punjab,2020,2,ludhiana district,558,104769
punjab,2020,2,sri muktsar sahib district,50,9490
punjab,2020,2,patiala district,107,21680
punjab,2020,2,pathankot district,32,7510
punjab,2020,2,fatehgarh sahib district,18,4065
punjab,2020,2,rupnagar district,29,7817
punjab,2020,2,tarn taran district,35,7444
punjab,2020,2,sas nagar district,352,63936
punjab,2020,2,sangrur district,64,12663
punjab,2020,2,jalandhar district,296,54064
punjab,2020,2,bathinda district,76,16389
punjab,2020,2,kapurthala district,29,6534
punjab,2020,2,firozepur district,17,3527
punjab,2020,2,gurdaspur district,34,7293
punjab,2020,2,amritsar district,156,31594
punjab,2020,2,faridkot district,17,3547
punjab,2020,2,hoshiarpur district,73,15546
punjab,2020,2,moga district,19,4371
punjab,2020,3,shahid bhagat singh nagar district,38,11423
punjab,2020,3,fazilka district,64,13965
punjab,2020,3,barnala district,21,4019
punjab,2020,3,mansa district,34,12235
punjab,2020,3,ludhiana district,580,147327
punjab,2020,3,sri muktsar sahib district,36,6706
punjab,2020,3,patiala district,202,55606
punjab,2020,3,pathankot district,42,15959
punjab,2020,3,fatehgarh sahib district,54,23169
punjab,2020,3,rupnagar district,66,21805
punjab,2020,3,tarn taran district,81,18363
punjab,2020,3,sas nagar district,361,98689
punjab,2020,3,sangrur district,66,19107
punjab,2020,3,jalandhar district,209,64695
punjab,2020,3,bathinda district,142,38321
punjab,2020,3,kapurthala district,50,13864
punjab,2020,3,firozepur district,48,14028
punjab,2020,3,gurdaspur district,47,13157
punjab,2020,3,amritsar district,194,52044
punjab,2020,3,faridkot district,38,9489
punjab,2020,3,hoshiarpur district,80,22366
punjab,2020,3,moga district,35,8416
punjab,2020,4,shahid bhagat singh nagar district,15,13696
punjab,2020,4,fazilka district,71,42628
punjab,2020,4,barnala district,22,33397
punjab,2020,4,mansa district,28,28902
punjab,2020,4,ludhiana district,516,306909
punjab,2020,4,sri muktsar sahib district,49,34464
punjab,2020,4,patiala district,156,100202
punjab,2020,4,pathankot district,74,103285
punjab,2020,4,fatehgarh sahib district,41,26305
punjab,2020,4,rupnagar district,58,42892
punjab,2020,4,tarn taran district,39,28617
punjab,2020,4,sas nagar district,365,275714
punjab,2020,4,sangrur district,79,27515
punjab,2020,4,jalandhar district,249,179846
punjab,2020,4,bathinda district,159,131704
punjab,2020,4,kapurthala district,40,32713
punjab,2020,4,firozepur district,75,63082
punjab,2020,4,gurdaspur district,59,72412
punjab,2020,4,amritsar district,179,180379
punjab,2020,4,faridkot district,38,33157
punjab,2020,4,hoshiarpur district,99,104137
punjab,2020,4,moga district,40,22335
punjab,2021,1,shahid bhagat singh nagar district,35,29057
punjab,2021,1,fazilka district,125,82640
punjab,2021,1,barnala district,36,31026
punjab,2021,1,mansa district,44,16108
punjab,2021,1,ludhiana district,861,369315
punjab,2021,1,sri muktsar sahib district,61,43238
punjab,2021,1,patiala district,236,131202
punjab,2021,1,pathankot district,96,107851
punjab,2021,1,fatehgarh sahib district,64,42572
punjab,2021,1,rupnagar district,93,90692
punjab,2021,1,tarn taran district,56,66944
punjab,2021,1,sas nagar district,535,368411
punjab,2021,1,sangrur district,165,118078
punjab,2021,1,jalandhar district,261,170388
punjab,2021,1,bathinda district,220,150288
punjab,2021,1,kapurthala district,74,60685
punjab,2021,1,firozepur district,113,101355
punjab,2021,1,gurdaspur district,109,115615
punjab,2021,1,amritsar district,324,190419
punjab,2021,1,faridkot district,70,48485
punjab,2021,1,hoshiarpur district,151,138240
punjab,2021,1,moga district,54,85771
punjab,2021,2,shahid bhagat singh nagar district,33,27900
punjab,2021,2,fazilka district,143,107808
punjab,2021,2,barnala district,32,34645
punjab,2021,2,mansa district,50,56750
punjab,2021,2,ludhiana district,898,599843
punjab,2021,2,sri muktsar sahib district,74,65212
punjab,2021,2,patiala district,256,207085
punjab,2021,2,pathankot district,142,161045
punjab,2021,2,fatehgarh sahib district,76,72071
punjab,2021,2,rupnagar district,102,129035
punjab,2021,2,tarn taran district,60,72026
punjab,2021,2,sas nagar district,587,542602
punjab,2021,2,sangrur district,157,130688
punjab,2021,2,jalandhar district,288,271427
punjab,2021,2,bathinda district,273,242611
punjab,2021,2,kapurthala district,52,57860
punjab,2021,2,firozepur district,71,100164
punjab,2021,2,gurdaspur district,87,105049
punjab,2021,2,amritsar district,399,363006
punjab,2021,2,faridkot district,63,74275
punjab,2021,2,hoshiarpur district,159,280629
punjab,2021,2,moga district,45,67188
punjab,2021,3,shahid bhagat singh nagar district,45,71941
punjab,2021,3,fazilka district,151,207343
punjab,2021,3,barnala district,32,36971
punjab,2021,3,mansa district,197,99917
punjab,2021,3,ludhiana district,988,855879
punjab,2021,3,sri muktsar sahib district,59,66188
punjab,2021,3,patiala district,268,266364
punjab,2021,3,pathankot district,165,291101
punjab,2021,3,fatehgarh sahib district,96,109576
punjab,2021,3,rupnagar district,156,178672
punjab,2021,3,tarn taran district,99,143928
punjab,2021,3,sas nagar district,610,742657
punjab,2021,3,sangrur district,353,250351
punjab,2021,3,jalandhar district,448,478633
punjab,2021,3,bathinda district,275,301456
punjab,2021,3,kapurthala district,78,88890
punjab,2021,3,firozepur district,96,96044
punjab,2021,3,gurdaspur district,111,188189
punjab,2021,3,amritsar district,369,332103
punjab,2021,3,faridkot district,49,63232
punjab,2021,3,hoshiarpur district,181,306291
punjab,2021,3,moga district,61,95833
punjab,2021,4,shahid bhagat singh nagar district,65,103781
punjab,2021,4,fazilka district,172,274579
punjab,2021,4,barnala district,64,145441
punjab,2021,4,mansa district,563,282635
punjab,2021,4,ludhiana district,863,1315925
punjab,2021,4,sri muktsar sahib district,78,148942
punjab,2021,4,patiala district,350,513607
punjab,2021,4,pathankot district,245,523947
punjab,2021,4,fatehgarh sahib district,83,147888
punjab,2021,4,rupnagar district,180,256052
punjab,2021,4,tarn taran district,119,243767
punjab,2021,4,sas nagar district,1079,1484361
punjab,2021,4,sangrur district,277,286504
punjab,2021,4,jalandhar district,504,737684
punjab,2021,4,bathinda district,458,618169
punjab,2021,4,kapurthala district,163,281336
punjab,2021,4,firozepur district,202,259580
punjab,2021,4,gurdaspur district,173,380006
punjab,2021,4,amritsar district,482,837451
punjab,2021,4,faridkot district,84,133538
punjab,2021,4,hoshiarpur district,347,722687
punjab,2021,4,moga district,87,214948
punjab,2022,1,shahid bhagat singh nagar district,68,171348
punjab,2022,1,fazilka district,183,421862
punjab,2022,1,barnala district,73,164543
punjab,2022,1,mansa district,699,450234
punjab,2022,1,ludhiana district,1184,2120278
punjab,2022,1,sri muktsar sahib district,91,212562
punjab,2022,1,patiala district,399,974671
punjab,2022,1,pathankot district,240,472435
punjab,2022,1,fatehgarh sahib district,95,206446
punjab,2022,1,rupnagar district,160,299557
punjab,2022,1,tarn taran district,158,418292
punjab,2022,1,sas nagar district,1135,1845468
punjab,2022,1,sangrur district,300,424823
punjab,2022,1,jalandhar district,652,1032157
punjab,2022,1,bathinda district,521,781949
punjab,2022,1,kapurthala district,127,296585
punjab,2022,1,firozepur district,126,263254
punjab,2022,1,gurdaspur district,210,492461
punjab,2022,1,amritsar district,455,881679
punjab,2022,1,faridkot district,73,154214
punjab,2022,1,hoshiarpur district,371,746598
punjab,2022,1,moga district,155,324266
punjab,2022,2,shahid bhagat singh nagar district,73,146067
punjab,2022,2,fazilka district,173,369556
punjab,2022,2,barnala district,72,151844
punjab,2022,2,mansa district,245,348275
punjab,2022,2,ludhiana district,1508,2179780
punjab,2022,2,sri muktsar sahib district,107,197059
punjab,2022,2,patiala district,635,1167226
punjab,2022,2,pathankot district,345,563810
punjab,2022,2,fatehgarh sahib district,131,246241
punjab,2022,2,rupnagar district,204,403054
punjab,2022,2,tarn taran district,218,341296
punjab,2022,2,sas nagar district,1609,2609655
punjab,2022,2,sangrur district,403,562768
punjab,2022,2,jalandhar district,874,1485593
punjab,2022,2,bathinda district,614,957624
punjab,2022,2,kapurthala district,207,391463
punjab,2022,2,firozepur district,208,363665
punjab,2022,2,gurdaspur district,238,551252
punjab,2022,2,amritsar district,686,1193605
punjab,2022,2,faridkot district,86,197701
punjab,2022,2,hoshiarpur district,404,786570
punjab,2022,2,moga district,135,251263
punjab,2022,3,shahid bhagat singh nagar district,99,179622
punjab,2022,3,fazilka district,261,469610
punjab,2022,3,barnala district,76,150570
punjab,2022,3,mansa district,121,310548
punjab,2022,3,ludhiana district,1961,2687099
punjab,2022,3,sri muktsar sahib district,119,226045
punjab,2022,3,patiala district,749,1294854
punjab,2022,3,pathankot district,692,1008235
punjab,2022,3,fatehgarh sahib district,213,433136
punjab,2022,3,rupnagar district,286,467245
punjab,2022,3,tarn taran district,275,544083
punjab,2022,3,sas nagar district,2303,3176155
punjab,2022,3,sangrur district,475,540188
punjab,2022,3,jalandhar district,1006,1468356
punjab,2022,3,bathinda district,797,1211130
punjab,2022,3,kapurthala district,350,458710
punjab,2022,3,firozepur district,253,446795
punjab,2022,3,gurdaspur district,457,858783
punjab,2022,3,amritsar district,1031,1765869
punjab,2022,3,faridkot district,141,294716
punjab,2022,3,hoshiarpur district,554,1013777
punjab,2022,3,moga district,151,376369
punjab,2022,4,shahid bhagat singh nagar district,108,233678
punjab,2022,4,fazilka district,257,549582
punjab,2022,4,barnala district,82,165675
punjab,2022,4,mansa district,132,322375
punjab,2022,4,ludhiana district,2140,3167544
punjab,2022,4,sri muktsar sahib district,133,321579
punjab,2022,4,patiala district,722,1513303
punjab,2022,4,pathankot district,506,899972
punjab,2022,4,fatehgarh sahib district,171,378710
punjab,2022,4,rupnagar district,309,650386
punjab,2022,4,tarn taran district,269,591132
punjab,2022,4,sas nagar district,2288,3709862
punjab,2022,4,sangrur district,470,697393
punjab,2022,4,jalandhar district,1000,1718210
punjab,2022,4,bathinda district,726,1370973
punjab,2022,4,kapurthala district,319,541723
punjab,2022,4,firozepur district,225,496806
punjab,2022,4,gurdaspur district,417,733846
punjab,2022,4,amritsar district,970,1692695
punjab,2022,4,faridkot district,153,301587
punjab,2022,4,hoshiarpur district,600,1234163
punjab,2022,4,moga district,190,436637
punjab,2023,1,shahid bhagat singh nagar district,113,270926
punjab,2023,1,fazilka district,279,735752
punjab,2023,1,barnala district,82,244168
punjab,2023,1,mansa district,131,393869
punjab,2023,1,ludhiana district,1837,3230691
punjab,2023,1,sri muktsar sahib district,117,392345
punjab,2023,1,patiala district,682,1650931
punjab,2023,1,pathankot district,514,1060019
punjab,2023,1,fatehgarh sahib district,133,331214
punjab,2023,1,rupnagar district,275,707224
punjab,2023,1,tarn taran district,203,666379
punjab,2023,1,sas nagar district,2146,4086044
punjab,2023,1,sangrur district,232,618425
punjab,2023,1,jalandhar district,931,1754296
punjab,2023,1,bathinda district,545,1283520
punjab,2023,1,kapurthala district,294,587248
punjab,2023,1,firozepur district,187,387819
punjab,2023,1,gurdaspur district,353,885643
punjab,2023,1,amritsar district,917,1865322
punjab,2023,1,faridkot district,151,316494
punjab,2023,1,hoshiarpur district,500,1328429
punjab,2023,1,moga district,194,534208
punjab,2023,2,shahid bhagat singh nagar district,102,216603
punjab,2023,2,fazilka district,273,701626
punjab,2023,2,barnala district,100,241128
punjab,2023,2,mansa district,137,337378
punjab,2023,2,ludhiana district,2136,3486226
punjab,2023,2,sri muktsar sahib district,123,297738
punjab,2023,2,patiala district,779,1745760
punjab,2023,2,pathankot district,590,1144908
punjab,2023,2,fatehgarh sahib district,227,534173
punjab,2023,2,rupnagar district,265,614376
punjab,2023,2,tarn taran district,259,739004
punjab,2023,2,sas nagar district,2606,4613121
punjab,2023,2,sangrur district,327,798822
punjab,2023,2,jalandhar district,1263,1937881
punjab,2023,2,bathinda district,610,1147800
punjab,2023,2,kapurthala district,327,668704
punjab,2023,2,firozepur district,266,597500
punjab,2023,2,gurdaspur district,373,834823
punjab,2023,2,amritsar district,1606,2519911
punjab,2023,2,faridkot district,137,251682
punjab,2023,2,hoshiarpur district,561,1263496
punjab,2023,2,moga district,120,305515
punjab,2023,3,shahid bhagat singh nagar district,106,246905
punjab,2023,3,fazilka district,301,797585
punjab,2023,3,barnala district,105,253820
punjab,2023,3,mansa district,105,269876
punjab,2023,3,ludhiana district,2423,3264425
punjab,2023,3,sri muktsar sahib district,136,367153
punjab,2023,3,patiala district,792,1465777
punjab,2023,3,pathankot district,702,1191858
punjab,2023,3,fatehgarh sahib district,182,385575
punjab,2023,3,rupnagar district,320,605979
punjab,2023,3,tarn taran district,275,713622
punjab,2023,3,sas nagar district,2820,4641417
punjab,2023,3,sangrur district,256,571794
punjab,2023,3,jalandhar district,1329,1743153
punjab,2023,3,bathinda district,691,1369476
punjab,2023,3,kapurthala district,352,621960
punjab,2023,3,firozepur district,270,639042
punjab,2023,3,gurdaspur district,405,899868
punjab,2023,3,amritsar district,1381,2262878
punjab,2023,3,faridkot district,190,300356
punjab,2023,3,hoshiarpur district,730,1422580
punjab,2023,3,moga district,177,426389
punjab,2023,4,shahid bhagat singh nagar district,107,258431
punjab,2023,4,fazilka district,275,761697
punjab,2023,4,barnala district,92,225787
punjab,2023,4,mansa district,124,335188
punjab,2023,4,ludhiana district,2308,4051850
punjab,2023,4,sri muktsar sahib district,133,361455
punjab,2023,4,patiala district,807,1673018
punjab,2023,4,pathankot district,575,1183980
punjab,2023,4,fatehgarh sahib district,206,360389
punjab,2023,4,rupnagar district,329,908180
punjab,2023,4,tarn taran district,240,692292
punjab,2023,4,sas nagar district,2981,5886008
punjab,2023,4,sangrur district,291,788128
punjab,2023,4,jalandhar district,1053,2203746
punjab,2023,4,bathinda district,1139,1993422
punjab,2023,4,kapurthala district,316,623260
punjab,2023,4,firozepur district,274,594646
punjab,2023,4,gurdaspur district,386,1044061
punjab,2023,4,amritsar district,1111,2357920
punjab,2023,4,faridkot district,164,316615
punjab,2023,4,hoshiarpur district,666,1625737
punjab,2023,4,moga district,200,470018
punjab,2024,1,shahid bhagat singh nagar district,139,330534
punjab,2024,1,fazilka district,386,867726
punjab,2024,1,barnala district,131,316578
punjab,2024,1,mansa district,147,307714
punjab,2024,1,ludhiana district,2561,3847279
punjab,2024,1,sri muktsar sahib district,201,497141
punjab,2024,1,patiala district,959,2010970
punjab,2024,1,pathankot district,678,1252129
punjab,2024,1,fatehgarh sahib district,235,462549
punjab,2024,1,rupnagar district,369,829601
punjab,2024,1,tarn taran district,282,741030
punjab,2024,1,sas nagar district,2821,5101014
punjab,2024,1,sangrur district,399,912529
punjab,2024,1,jalandhar district,1185,2174769
punjab,2024,1,bathinda district,1040,1978256
punjab,2024,1,kapurthala district,364,683851
punjab,2024,1,firozepur district,309,575384
punjab,2024,1,gurdaspur district,442,1025134
punjab,2024,1,amritsar district,1104,2157284
punjab,2024,1,faridkot district,143,259772
punjab,2024,1,hoshiarpur district,642,1435308
punjab,2024,1,moga district,192,447388
punjab,2024,2,shahid bhagat singh nagar district,115,211404
punjab,2024,2,fazilka district,382,812457
punjab,2024,2,barnala district,114,212612
punjab,2024,2,mansa district,166,337256
punjab,2024,2,ludhiana district,2362,3744252
punjab,2024,2,sri muktsar sahib district,137,377502
punjab,2024,2,patiala district,980,2026650
punjab,2024,2,pathankot district,716,1301396
punjab,2024,2,fatehgarh sahib district,231,483072
punjab,2024,2,rupnagar district,304,569666
punjab,2024,2,tarn taran district,235,551016
punjab,2024,2,sas nagar district,2901,5591570
punjab,2024,2,sangrur district,367,723721
punjab,2024,2,jalandhar district,1100,2108562
punjab,2024,2,bathinda district,720,1428374
punjab,2024,2,kapurthala district,385,721579
punjab,2024,2,firozepur district,287,609734
punjab,2024,2,gurdaspur district,368,785364
punjab,2024,2,amritsar district,1311,2470409
punjab,2024,2,faridkot district,162,349479
punjab,2024,2,hoshiarpur district,619,1301853
punjab,2024,2,moga district,167,446469
punjab,2024,3,fazilka district,336,821921
punjab,2024,3,barnala district,148,365341
punjab,2024,3,mansa district,252,473448
punjab,2024,3,ludhiana district,2510,4172338
punjab,2024,3,sri muktsar sahib district,170,485898
punjab,2024,3,patiala district,905,1709409
punjab,2024,3,pathankot district,717,1326765
punjab,2024,3,fatehgarh sahib district,249,520125
punjab,2024,3,rupnagar district,424,923830
punjab,2024,3,tarn taran district,299,697503
punjab,2024,3,sas nagar district,3006,5667409
punjab,2024,3,sangrur district,246,615166
punjab,2024,3,jalandhar district,1256,2142101
punjab,2024,3,bathinda district,745,1603910
punjab,2024,3,kapurthala district,477,932429
punjab,2024,3,gurdaspur district,415,942508
punjab,2024,3,amritsar district,1539,2991537
punjab,2024,3,shaheed bhagat singh nagar district,138,334849
punjab,2024,3,ferozepur district,364,740883
punjab,2024,3,faridkot district,194,441520
punjab,2024,3,malerkotla district,73,141003
punjab,2024,3,hoshiarpur district,849,1627453
punjab,2024,3,moga district,197,433688
punjab,2024,4,fazilka district,333,754759
punjab,2024,4,barnala district,117,311461
punjab,2024,4,mansa district,198,463387
punjab,2024,4,ludhiana district,2804,4255410
punjab,2024,4,sri muktsar sahib district,172,376910
punjab,2024,4,patiala district,1000,2120528
punjab,2024,4,pathankot district,693,1417409
punjab,2024,4,fatehgarh sahib district,245,448846
punjab,2024,4,rupnagar district,405,862793
punjab,2024,4,tarn taran district,275,821448
punjab,2024,4,sas nagar district,3398,6428068
punjab,2024,4,sangrur district,264,677175
punjab,2024,4,jalandhar district,1382,2560324
punjab,2024,4,bathinda district,1144,1929363
punjab,2024,4,kapurthala district,420,813459
punjab,2024,4,gurdaspur district,424,1058136
punjab,2024,4,amritsar district,1282,2843044
punjab,2024,4,shaheed bhagat singh nagar district,149,330447
punjab,2024,4,ferozepur district,328,734110
punjab,2024,4,faridkot district,166,364070
punjab,2024,4,malerkotla district,98,121190
punjab,2024,4,hoshiarpur district,776,1722490
punjab,2024,4,moga district,206,464160
rajasthan,2020,2,pali district,99,23115
rajasthan,2020,2,ganganagar district,116,24302
rajasthan,2020,2,churu district,87,20014
rajasthan,2020,2,jaipur district,2009,379106
rajasthan,2020,2,baran district,14,3425
rajasthan,2020,2,bhilwara district,103,22437
rajasthan,2020,2,banswara district,28,6403
rajasthan,2020,2,dungarpur district,14,3521
rajasthan,2020,2,tonk district,47,11829
rajasthan,2020,2,jodhpur district,370,74457
rajasthan,2020,2,karauli district,28,6607
rajasthan,2020,2,udaipur district,213,40962
rajasthan,2020,2,dausa district,71,16113
rajasthan,2020,2,nagaur district,86,18524
rajasthan,2020,2,bharatpur district,146,30801
rajasthan,2020,2,barmer district,104,23197
rajasthan,2020,2,ajmer district,147,32501
rajasthan,2020,2,chittorgarh district,57,12886
rajasthan,2020,2,hanumangarh district,69,15250
rajasthan,2020,2,pratapgarh district,13,2458
rajasthan,2020,2,sawai madhopur district,49,11104
rajasthan,2020,2,jalore district,57,14435
rajasthan,2020,2,bikaner district,112,24203
rajasthan,2020,2,sikar district,127,30963
rajasthan,2020,2,dholpur district,37,7949
rajasthan,2020,2,sirohi district,89,19795
rajasthan,2020,2,rajsamand district,34,8568
rajasthan,2020,2,jaisalmer district,44,9757
rajasthan,2020,2,bundi district,27,5918
rajasthan,2020,2,jhalawar district,63,13456
rajasthan,2020,2,alwar district,603,120908
rajasthan,2020,2,kota district,243,45338
rajasthan,2020,2,jhunjhunu district,67,15631
rajasthan,2020,3,pali district,310,71001
rajasthan,2020,3,ganganagar district,264,72793
rajasthan,2020,3,churu district,207,47583
rajasthan,2020,3,jaipur district,4428,1131777
rajasthan,2020,3,baran district,131,33210
rajasthan,2020,3,bhilwara district,638,149854
rajasthan,2020,3,banswara district,133,40686
rajasthan,2020,3,dungarpur district,105,27375
rajasthan,2020,3,tonk district,246,57530
rajasthan,2020,3,jodhpur district,758,198679
rajasthan,2020,3,karauli district,127,23625
rajasthan,2020,3,udaipur district,529,144376
rajasthan,2020,3,dausa district,285,63241
rajasthan,2020,3,nagaur district,356,89794
rajasthan,2020,3,bharatpur district,245,51632
rajasthan,2020,3,barmer district,300,73331
rajasthan,2020,3,ajmer district,568,143975
rajasthan,2020,3,chittorgarh district,313,82421
rajasthan,2020,3,hanumangarh district,211,47598
rajasthan,2020,3,pratapgarh district,73,18093
rajasthan,2020,3,sawai madhopur district,189,41061
rajasthan,2020,3,jalore district,220,45184
rajasthan,2020,3,bikaner district,282,72523
rajasthan,2020,3,sikar district,480,118409
rajasthan,2020,3,dholpur district,86,14023
rajasthan,2020,3,sirohi district,234,62027
rajasthan,2020,3,rajsamand district,145,36783
rajasthan,2020,3,jaisalmer district,1083,233487
rajasthan,2020,3,bundi district,148,38743
rajasthan,2020,3,jhalawar district,192,39184
rajasthan,2020,3,alwar district,1035,261133
rajasthan,2020,3,kota district,536,122291
rajasthan,2020,3,jhunjhunu district,378,105105
rajasthan,2020,4,pali district,362,181805
rajasthan,2020,4,ganganagar district,319,211343
rajasthan,2020,4,churu district,238,108969
rajasthan,2020,4,jaipur district,3318,1641429
rajasthan,2020,4,baran district,116,51906
rajasthan,2020,4,bhilwara district,512,159165
rajasthan,2020,4,banswara district,102,37685
rajasthan,2020,4,dungarpur district,90,30677
rajasthan,2020,4,tonk district,176,62896
rajasthan,2020,4,jodhpur district,782,420880
rajasthan,2020,4,karauli district,126,75948
rajasthan,2020,4,udaipur district,489,236748
rajasthan,2020,4,dausa district,237,146989
rajasthan,2020,4,nagaur district,356,180876
rajasthan,2020,4,bharatpur district,241,109278
rajasthan,2020,4,barmer district,342,177374
rajasthan,2020,4,ajmer district,443,218975
rajasthan,2020,4,chittorgarh district,193,81114
rajasthan,2020,4,hanumangarh district,226,185787
rajasthan,2020,4,pratapgarh district,58,19063
rajasthan,2020,4,sawai madhopur district,111,74045
rajasthan,2020,4,jalore district,253,153089
rajasthan,2020,4,bikaner district,293,145258
rajasthan,2020,4,sikar district,493,344638
rajasthan,2020,4,dholpur district,72,34910
rajasthan,2020,4,sirohi district,221,134616
rajasthan,2020,4,rajsamand district,197,92490
rajasthan,2020,4,jaisalmer district,170,106230
rajasthan,2020,4,bundi district,108,41766
rajasthan,2020,4,jhalawar district,181,58938
rajasthan,2020,4,alwar district,900,476373
rajasthan,2020,4,kota district,430,247397
rajasthan,2020,4,jhunjhunu district,354,222916
rajasthan,2021,1,pali district,574,266723
rajasthan,2021,1,ganganagar district,417,195466
rajasthan,2021,1,churu district,317,159462
rajasthan,2021,1,jaipur district,4630,2056318
rajasthan,2021,1,baran district,116,23912
rajasthan,2021,1,bhilwara district,741,293861
rajasthan,2021,1,banswara district,164,91606
rajasthan,2021,1,dungarpur district,125,55611
rajasthan,2021,1,tonk district,277,140487
rajasthan,2021,1,jodhpur district,1008,474191
rajasthan,2021,1,karauli district,143,62585
rajasthan,2021,1,udaipur district,644,318832
rajasthan,2021,1,dausa district,360,117943
rajasthan,2021,1,nagaur district,494,241391
rajasthan,2021,1,bharatpur district,357,141924
rajasthan,2021,1,barmer district,530,265310
rajasthan,2021,1,ajmer district,719,351130
rajasthan,2021,1,chittorgarh district,335,116367
rajasthan,2021,1,hanumangarh district,309,93715
rajasthan,2021,1,pratapgarh district,101,34894
rajasthan,2021,1,sawai madhopur district,218,94392
rajasthan,2021,1,jalore district,314,166093
rajasthan,2021,1,bikaner district,468,171766
rajasthan,2021,1,sikar district,742,378829
rajasthan,2021,1,dholpur district,91,26311
rajasthan,2021,1,sirohi district,232,107466
rajasthan,2021,1,rajsamand district,228,150068
rajasthan,2021,1,jaisalmer district,165,85033
rajasthan,2021,1,bundi district,165,79905
rajasthan,2021,1,jhalawar district,251,114133
rajasthan,2021,1,alwar district,1374,702678
rajasthan,2021,1,kota district,634,215422
rajasthan,2021,1,jhunjhunu district,557,280401
rajasthan,2021,2,pali district,582,431208
rajasthan,2021,2,ganganagar district,497,418012
rajasthan,2021,2,churu district,365,289338
rajasthan,2021,2,jaipur district,4282,3189878
rajasthan,2021,2,baran district,144,76597
rajasthan,2021,2,bhilwara district,707,465142
rajasthan,2021,2,banswara district,194,121063
rajasthan,2021,2,dungarpur district,153,86492
rajasthan,2021,2,tonk district,273,239725
rajasthan,2021,2,jodhpur district,1019,655973
rajasthan,2021,2,karauli district,240,222322
rajasthan,2021,2,udaipur district,656,394234
rajasthan,2021,2,dausa district,376,335248
rajasthan,2021,2,nagaur district,527,409359
rajasthan,2021,2,bharatpur district,353,327664
rajasthan,2021,2,barmer district,582,492616
rajasthan,2021,2,ajmer district,683,484523
rajasthan,2021,2,chittorgarh district,329,187270
rajasthan,2021,2,hanumangarh district,306,297639
rajasthan,2021,2,pratapgarh district,71,34598
rajasthan,2021,2,sawai madhopur district,235,211754
rajasthan,2021,2,jalore district,407,457375
rajasthan,2021,2,bikaner district,404,387697
rajasthan,2021,2,sikar district,893,863040
rajasthan,2021,2,dholpur district,128,119139
rajasthan,2021,2,sirohi district,265,194773
rajasthan,2021,2,rajsamand district,214,190968
rajasthan,2021,2,jaisalmer district,124,78833
rajasthan,2021,2,bundi district,228,146959
rajasthan,2021,2,jhalawar district,197,120410
rajasthan,2021,2,alwar district,1447,1251855
rajasthan,2021,2,kota district,763,480268
rajasthan,2021,2,jhunjhunu district,637,695473
rajasthan,2021,3,pali district,534,327945
rajasthan,2021,3,ganganagar district,611,435175
rajasthan,2021,3,churu district,342,341198
rajasthan,2021,3,jaipur district,4107,3228729
rajasthan,2021,3,baran district,150,103300
rajasthan,2021,3,bhilwara district,681,368721
rajasthan,2021,3,banswara district,185,228237
rajasthan,2021,3,dungarpur district,128,62253
rajasthan,2021,3,tonk district,241,161957
rajasthan,2021,3,jodhpur district,877,617194
rajasthan,2021,3,karauli district,113,83871
rajasthan,2021,3,udaipur district,572,467711
rajasthan,2021,3,dausa district,291,180722
rajasthan,2021,3,nagaur district,431,278082
rajasthan,2021,3,bharatpur district,315,268713
rajasthan,2021,3,barmer district,497,353026
rajasthan,2021,3,ajmer district,696,470044
rajasthan,2021,3,chittorgarh district,316,178710
rajasthan,2021,3,hanumangarh district,304,281456
rajasthan,2021,3,pratapgarh district,86,63611
rajasthan,2021,3,sawai madhopur district,192,129501
rajasthan,2021,3,jalore district,342,334773
rajasthan,2021,3,bikaner district,371,221839
rajasthan,2021,3,sikar district,727,674166
rajasthan,2021,3,dholpur district,113,95296
rajasthan,2021,3,sirohi district,225,199438
rajasthan,2021,3,rajsamand district,230,155029
rajasthan,2021,3,jaisalmer district,154,115249
rajasthan,2021,3,bundi district,161,116683
rajasthan,2021,3,jhalawar district,187,92096
rajasthan,2021,3,alwar district,1263,1120837
rajasthan,2021,3,kota district,651,446337
rajasthan,2021,3,jhunjhunu district,550,591963
rajasthan,2021,4,pali district,480,590536
rajasthan,2021,4,ganganagar district,714,957294
rajasthan,2021,4,churu district,414,500407
rajasthan,2021,4,jaipur district,5571,6278712
rajasthan,2021,4,baran district,144,138215
rajasthan,2021,4,bhilwara district,306,524952
rajasthan,2021,4,banswara district,93,246892
rajasthan,2021,4,dungarpur district,134,170697
rajasthan,2021,4,tonk district,241,223832
rajasthan,2021,4,jodhpur district,1244,1426171
rajasthan,2021,4,karauli district,205,189660
rajasthan,2021,4,udaipur district,658,873749
rajasthan,2021,4,dausa district,198,411952
rajasthan,2021,4,nagaur district,596,742120
rajasthan,2021,4,bharatpur district,286,461331
rajasthan,2021,4,barmer district,639,679196
rajasthan,2021,4,ajmer district,458,822330
rajasthan,2021,4,chittorgarh district,236,382701
rajasthan,2021,4,hanumangarh district,365,572066
rajasthan,2021,4,pratapgarh district,58,97597
rajasthan,2021,4,sawai madhopur district,220,218286
rajasthan,2021,4,jalore district,358,574801
rajasthan,2021,4,bikaner district,628,678924
rajasthan,2021,4,sikar district,1040,1370606
rajasthan,2021,4,dholpur district,158,215928
rajasthan,2021,4,sirohi district,302,341070
rajasthan,2021,4,rajsamand district,268,335950
rajasthan,2021,4,jaisalmer district,241,303684
rajasthan,2021,4,bundi district,156,169110
rajasthan,2021,4,jhalawar district,183,187000
rajasthan,2021,4,alwar district,1202,1830570
rajasthan,2021,4,kota district,806,885949
rajasthan,2021,4,jhunjhunu district,773,1052974
rajasthan,2022,1,pali district,494,796419
rajasthan,2022,1,ganganagar district,807,1448963
rajasthan,2022,1,churu district,406,700036
rajasthan,2022,1,jaipur district,6330,8534407
rajasthan,2022,1,baran district,111,139916
rajasthan,2022,1,bhilwara district,453,658095
rajasthan,2022,1,banswara district,103,187236
rajasthan,2022,1,dungarpur district,129,192155
rajasthan,2022,1,tonk district,246,325909
rajasthan,2022,1,jodhpur district,1579,2182907
rajasthan,2022,1,karauli district,135,195885
rajasthan,2022,1,udaipur district,758,1088768
rajasthan,2022,1,dausa district,243,408680
rajasthan,2022,1,nagaur district,584,845092
rajasthan,2022,1,bharatpur district,292,459778
rajasthan,2022,1,barmer district,662,919482
rajasthan,2022,1,ajmer district,669,1095855
rajasthan,2022,1,chittorgarh district,325,516421
rajasthan,2022,1,hanumangarh district,547,1046874
rajasthan,2022,1,pratapgarh district,64,150420
rajasthan,2022,1,sawai madhopur district,227,316252
rajasthan,2022,1,jalore district,444,809222
rajasthan,2022,1,bikaner district,741,908042
rajasthan,2022,1,sikar district,1200,1723978
rajasthan,2022,1,dholpur district,132,189770
rajasthan,2022,1,sirohi district,279,420015
rajasthan,2022,1,rajsamand district,286,444465
rajasthan,2022,1,jaisalmer district,261,354367
rajasthan,2022,1,bundi district,157,184951
rajasthan,2022,1,jhalawar district,164,195764
rajasthan,2022,1,alwar district,1331,1943529
rajasthan,2022,1,kota district,710,957885
rajasthan,2022,1,jhunjhunu district,648,1235394
rajasthan,2022,2,pali district,551,906920
rajasthan,2022,2,ganganagar district,751,1296746
rajasthan,2022,2,churu district,525,674769
rajasthan,2022,2,jaipur district,7224,9069667
rajasthan,2022,2,baran district,158,203352
rajasthan,2022,2,bhilwara district,594,686878
rajasthan,2022,2,banswara district,187,292087
rajasthan,2022,2,dungarpur district,135,235162
rajasthan,2022,2,tonk district,261,304871
rajasthan,2022,2,jodhpur district,1574,2204996
rajasthan,2022,2,karauli district,162,225963
rajasthan,2022,2,udaipur district,814,1133288
rajasthan,2022,2,dausa district,290,365384
rajasthan,2022,2,nagaur district,637,982623
rajasthan,2022,2,bharatpur district,456,606519
rajasthan,2022,2,barmer district,596,869557
rajasthan,2022,2,ajmer district,893,1202104
rajasthan,2022,2,chittorgarh district,342,430629
rajasthan,2022,2,hanumangarh district,502,889081
rajasthan,2022,2,pratapgarh district,93,137439
rajasthan,2022,2,sawai madhopur district,243,310744
rajasthan,2022,2,jalore district,520,989146
rajasthan,2022,2,bikaner district,859,1206661
rajasthan,2022,2,sikar district,1118,1606708
rajasthan,2022,2,dholpur district,159,310608
rajasthan,2022,2,sirohi district,340,540194
rajasthan,2022,2,rajsamand district,248,416093
rajasthan,2022,2,jaisalmer district,250,308147
rajasthan,2022,2,bundi district,195,259477
rajasthan,2022,2,jhalawar district,242,276388
rajasthan,2022,2,alwar district,1666,2268591
rajasthan,2022,2,kota district,920,1224304
rajasthan,2022,2,jhunjhunu district,828,1313835
rajasthan,2022,3,pali district,747,1121610
rajasthan,2022,3,ganganagar district,1100,1892703
rajasthan,2022,3,churu district,713,913304
rajasthan,2022,3,jaipur district,9778,11871696
rajasthan,2022,3,baran district,274,337083
rajasthan,2022,3,bhilwara district,981,1240218
rajasthan,2022,3,banswara district,219,326601
rajasthan,2022,3,dungarpur district,208,419750
rajasthan,2022,3,tonk district,372,540310
rajasthan,2022,3,jodhpur district,2043,2861790
rajasthan,2022,3,karauli district,264,275292
rajasthan,2022,3,udaipur district,1238,1763298
rajasthan,2022,3,dausa district,481,581706
rajasthan,2022,3,nagaur district,801,1124102
rajasthan,2022,3,bharatpur district,637,701668
rajasthan,2022,3,barmer district,889,1249110
rajasthan,2022,3,ajmer district,1195,1567682
rajasthan,2022,3,chittorgarh district,528,664889
rajasthan,2022,3,hanumangarh district,830,1356116
rajasthan,2022,3,pratapgarh district,152,375771
rajasthan,2022,3,sawai madhopur district,392,429114
rajasthan,2022,3,jalore district,630,1225078
rajasthan,2022,3,bikaner district,963,1368403
rajasthan,2022,3,sikar district,1480,2195021
rajasthan,2022,3,dholpur district,299,315699
rajasthan,2022,3,sirohi district,383,558614
rajasthan,2022,3,rajsamand district,368,505608
rajasthan,2022,3,jaisalmer district,335,482158
rajasthan,2022,3,bundi district,269,318222
rajasthan,2022,3,jhalawar district,262,290381
rajasthan,2022,3,alwar district,2493,2970381
rajasthan,2022,3,kota district,1411,1671898
rajasthan,2022,3,jhunjhunu district,1240,2050268
rajasthan,2022,4,pali district,924,1502770
rajasthan,2022,4,ganganagar district,1132,2329518
rajasthan,2022,4,churu district,788,1279623
rajasthan,2022,4,jaipur district,12312,16383317
rajasthan,2022,4,baran district,259,395310
rajasthan,2022,4,bhilwara district,970,1366026
rajasthan,2022,4,banswara district,308,463802
rajasthan,2022,4,dungarpur district,287,580770
rajasthan,2022,4,tonk district,386,546100
rajasthan,2022,4,jodhpur district,2263,3457703
rajasthan,2022,4,karauli district,431,422642
rajasthan,2022,4,udaipur district,1772,2748375
rajasthan,2022,4,dausa district,581,723469
rajasthan,2022,4,nagaur district,1033,1919772
rajasthan,2022,4,bharatpur district,846,1200703
rajasthan,2022,4,barmer district,993,1422583
rajasthan,2022,4,ajmer district,1353,2049928
rajasthan,2022,4,chittorgarh district,575,877730
rajasthan,2022,4,hanumangarh district,1134,1845039
rajasthan,2022,4,pratapgarh district,170,280116
rajasthan,2022,4,sawai madhopur district,517,613337
rajasthan,2022,4,jalore district,703,1424827
rajasthan,2022,4,bikaner district,1227,1771787
rajasthan,2022,4,sikar district,1791,3139214
rajasthan,2022,4,dholpur district,330,396557
rajasthan,2022,4,sirohi district,467,774897
rajasthan,2022,4,rajsamand district,419,667391
rajasthan,2022,4,jaisalmer district,335,545708
rajasthan,2022,4,bundi district,326,473684
rajasthan,2022,4,jhalawar district,363,494099
rajasthan,2022,4,alwar district,2869,3867232
rajasthan,2022,4,kota district,1639,2364806
rajasthan,2022,4,jhunjhunu district,1423,2464003
rajasthan,2023,1,pali district,772,1456379
rajasthan,2023,1,ganganagar district,1361,3188557
rajasthan,2023,1,churu district,568,1077869
rajasthan,2023,1,jaipur district,10690,16192985
rajasthan,2023,1,baran district,197,399654
rajasthan,2023,1,bhilwara district,846,1509755
rajasthan,2023,1,banswara district,213,357252
rajasthan,2023,1,dungarpur district,232,430105
rajasthan,2023,1,tonk district,309,615499
rajasthan,2023,1,jodhpur district,1835,3649973
rajasthan,2023,1,karauli district,269,458990
rajasthan,2023,1,udaipur district,1236,2381337
rajasthan,2023,1,dausa district,540,816764
rajasthan,2023,1,nagaur district,769,1708571
rajasthan,2023,1,bharatpur district,700,1108029
rajasthan,2023,1,barmer district,827,1434427
rajasthan,2023,1,ajmer district,1145,2363147
rajasthan,2023,1,chittorgarh district,519,1034117
rajasthan,2023,1,hanumangarh district,905,2288348
rajasthan,2023,1,pratapgarh district,140,334437
rajasthan,2023,1,sawai madhopur district,378,490555
rajasthan,2023,1,jalore district,638,1498953
rajasthan,2023,1,bikaner district,824,1735270
rajasthan,2023,1,sikar district,1621,3088894
rajasthan,2023,1,dholpur district,280,403419
rajasthan,2023,1,sirohi district,349,746923
rajasthan,2023,1,rajsamand district,355,712217
rajasthan,2023,1,jaisalmer district,241,476931
rajasthan,2023,1,bundi district,273,528771
rajasthan,2023,1,jhalawar district,281,434432
rajasthan,2023,1,alwar district,2501,3861598
rajasthan,2023,1,kota district,1343,2111503
rajasthan,2023,1,jhunjhunu district,1258,2545389
rajasthan,2023,2,pali district,850,1667300
rajasthan,2023,2,ganganagar district,1338,2918807
rajasthan,2023,2,churu district,621,1213141
rajasthan,2023,2,jaipur district,11344,16436901
rajasthan,2023,2,baran district,257,373784
rajasthan,2023,2,bhilwara district,911,1288386
rajasthan,2023,2,banswara district,279,523173
rajasthan,2023,2,dungarpur district,233,416908
rajasthan,2023,2,tonk district,395,556434
rajasthan,2023,2,jodhpur district,2104,3840402
rajasthan,2023,2,karauli district,282,489116
rajasthan,2023,2,udaipur district,1395,2244456
rajasthan,2023,2,dausa district,553,850262
rajasthan,2023,2,nagaur district,911,1775711
rajasthan,2023,2,bharatpur district,739,1106124
rajasthan,2023,2,barmer district,871,1478565
rajasthan,2023,2,ajmer district,1135,1987074
rajasthan,2023,2,chittorgarh district,531,999797
rajasthan,2023,2,hanumangarh district,910,1871954
rajasthan,2023,2,pratapgarh district,185,330299
rajasthan,2023,2,sawai madhopur district,430,540892
rajasthan,2023,2,jalore district,629,1584650
rajasthan,2023,2,bikaner district,1056,1718469
rajasthan,2023,2,sikar district,1665,2894145
rajasthan,2023,2,dholpur district,289,380366
rajasthan,2023,2,sirohi district,433,765644
rajasthan,2023,2,rajsamand district,386,732495
rajasthan,2023,2,jaisalmer district,261,485763
rajasthan,2023,2,bundi district,304,506386
rajasthan,2023,2,jhalawar district,360,578321
rajasthan,2023,2,alwar district,2566,3803390
rajasthan,2023,2,kota district,1583,2355864
rajasthan,2023,2,jhunjhunu district,1364,2586470
rajasthan,2023,3,pali district,840,1610627
rajasthan,2023,3,ganganagar district,1375,2796149
rajasthan,2023,3,churu district,667,1280151
rajasthan,2023,3,jaipur district,12126,17396150
rajasthan,2023,3,baran district,312,409649
rajasthan,2023,3,bhilwara district,1120,1640986
rajasthan,2023,3,banswara district,261,544118
rajasthan,2023,3,dungarpur district,232,449831
rajasthan,2023,3,tonk district,401,666641
rajasthan,2023,3,jodhpur district,2226,3899276
rajasthan,2023,3,karauli district,311,473379
rajasthan,2023,3,udaipur district,1530,2516943
rajasthan,2023,3,dausa district,636,1013685
rajasthan,2023,3,nagaur district,921,1818965
rajasthan,2023,3,bharatpur district,843,1107577
rajasthan,2023,3,barmer district,982,1729964
rajasthan,2023,3,ajmer district,1264,2227826
rajasthan,2023,3,chittorgarh district,619,959640
rajasthan,2023,3,hanumangarh district,849,1707937
rajasthan,2023,3,pratapgarh district,157,271472
rajasthan,2023,3,sawai madhopur district,468,514291
rajasthan,2023,3,jalore district,649,1403920
rajasthan,2023,3,bikaner district,878,1575433
rajasthan,2023,3,sikar district,1700,3072011
rajasthan,2023,3,dholpur district,307,381689
rajasthan,2023,3,sirohi district,461,832972
rajasthan,2023,3,rajsamand district,430,805022
rajasthan,2023,3,jaisalmer district,347,668907
rajasthan,2023,3,bundi district,349,509678
rajasthan,2023,3,jhalawar district,339,491062
rajasthan,2023,3,alwar district,2985,4117855
rajasthan,2023,3,kota district,1815,2640773
rajasthan,2023,3,jhunjhunu district,1560,2794205
rajasthan,2023,4,pali district,1075,2319933
rajasthan,2023,4,ganganagar district,1568,3815148
rajasthan,2023,4,churu district,817,1765488
rajasthan,2023,4,jaipur district,14759,25167653
rajasthan,2023,4,baran district,352,625277
rajasthan,2023,4,bhilwara district,1273,2336387
rajasthan,2023,4,banswara district,376,844405
rajasthan,2023,4,dungarpur district,302,686355
rajasthan,2023,4,tonk district,487,832225
rajasthan,2023,4,jodhpur district,2664,5759170
rajasthan,2023,4,karauli district,513,715305
rajasthan,2023,4,udaipur district,2003,3871070
rajasthan,2023,4,dausa district,735,1310069
rajasthan,2023,4,nagaur district,1116,2578905
rajasthan,2023,4,bharatpur district,1041,1859378
rajasthan,2023,4,barmer district,1178,2154556
rajasthan,2023,4,ajmer district,1592,3250093
rajasthan,2023,4,chittorgarh district,798,1498544
rajasthan,2023,4,hanumangarh district,988,2417402
rajasthan,2023,4,pratapgarh district,234,505797
rajasthan,2023,4,sawai madhopur district,706,1059545
rajasthan,2023,4,jalore district,857,2009408
rajasthan,2023,4,bikaner district,1063,2566919
rajasthan,2023,4,sikar district,2239,5113462
rajasthan,2023,4,dholpur district,441,640838
rajasthan,2023,4,sirohi district,671,1255661
rajasthan,2023,4,rajsamand district,535,1309132
rajasthan,2023,4,jaisalmer district,448,960645
rajasthan,2023,4,bundi district,456,830508
rajasthan,2023,4,jhalawar district,434,807179
rajasthan,2023,4,alwar district,3719,6055979
rajasthan,2023,4,kota district,2256,3768494
rajasthan,2023,4,jhunjhunu district,2045,4010722
rajasthan,2024,1,pali district,1444,2414021
rajasthan,2024,1,ganganagar district,2347,5232086
rajasthan,2024,1,churu district,1132,2010852
rajasthan,2024,1,jaipur district,15526,26905546
rajasthan,2024,1,baran district,480,754275
rajasthan,2024,1,bhilwara district,1717,2407622
rajasthan,2024,1,banswara district,494,769599
rajasthan,2024,1,dungarpur district,423,614005
rajasthan,2024,1,tonk district,619,1022859
rajasthan,2024,1,jodhpur district,3508,6749880
rajasthan,2024,1,karauli district,577,874551
rajasthan,2024,1,udaipur district,2158,3678832
rajasthan,2024,1,dausa district,868,1488348
rajasthan,2024,1,nagaur district,1664,3151547
rajasthan,2024,1,bharatpur district,1234,1813593
rajasthan,2024,1,barmer district,1744,2433015
rajasthan,2024,1,ajmer district,1935,3335578
rajasthan,2024,1,chittorgarh district,1016,1591310
rajasthan,2024,1,hanumangarh district,1640,3592476
rajasthan,2024,1,pratapgarh district,312,500216
rajasthan,2024,1,sawai madhopur district,736,956772
rajasthan,2024,1,jalore district,1153,2182629
rajasthan,2024,1,bikaner district,1383,3040706
rajasthan,2024,1,sikar district,2623,5193783
rajasthan,2024,1,dholpur district,462,514328
rajasthan,2024,1,sirohi district,783,1150941
rajasthan,2024,1,rajsamand district,684,1138523
rajasthan,2024,1,jaisalmer district,550,918897
rajasthan,2024,1,bundi district,517,927673
rajasthan,2024,1,jhalawar district,521,885217
rajasthan,2024,1,alwar district,4286,6766046
rajasthan,2024,1,kota district,2292,3842208
rajasthan,2024,1,jhunjhunu district,2299,4068476
rajasthan,2024,2,pali district,1295,2211618
rajasthan,2024,2,ganganagar district,2057,4376293
rajasthan,2024,2,churu district,975,1930618
rajasthan,2024,2,jaipur district,15812,26736985
rajasthan,2024,2,baran district,507,748080
rajasthan,2024,2,bhilwara district,1497,2217047
rajasthan,2024,2,banswara district,468,783505
rajasthan,2024,2,dungarpur district,322,494562
rajasthan,2024,2,tonk district,641,1000905
rajasthan,2024,2,jodhpur district,3196,6029033
rajasthan,2024,2,karauli district,527,718391
rajasthan,2024,2,udaipur district,1994,3479737
rajasthan,2024,2,dausa district,900,1471665
rajasthan,2024,2,nagaur district,1379,2825809
rajasthan,2024,2,bharatpur district,1178,1557793
rajasthan,2024,2,barmer district,1277,2092898
rajasthan,2024,2,ajmer district,1903,3397263
rajasthan,2024,2,chittorgarh district,856,1546484
rajasthan,2024,2,hanumangarh district,1283,2730563
rajasthan,2024,2,pratapgarh district,273,473251
rajasthan,2024,2,sawai madhopur district,688,854120
rajasthan,2024,2,jalore district,1079,2556175
rajasthan,2024,2,bikaner district,1353,2742256
rajasthan,2024,2,sikar district,2409,4497042
rajasthan,2024,2,dholpur district,481,593107
rajasthan,2024,2,sirohi district,653,1133148
rajasthan,2024,2,rajsamand district,534,930893
rajasthan,2024,2,jaisalmer district,497,842114
rajasthan,2024,2,bundi district,515,836801
rajasthan,2024,2,jhalawar district,487,693953
rajasthan,2024,2,alwar district,3664,5322993
rajasthan,2024,2,kota district,2418,3944904
rajasthan,2024,2,jhunjhunu district,2123,3734651
rajasthan,2024,3,dudu district,188,270133
rajasthan,2024,3,sri ganganagar district,1591,3319667
rajasthan,2024,3,ganganagar district,2,7415
rajasthan,2024,3,kekri district,212,351029
rajasthan,2024,3,jaipur district,15969,25033274
rajasthan,2024,3,baran district,613,848066
rajasthan,2024,3,khairthal tijara district,1490,2122845
rajasthan,2024,3,bhilwara district,1316,2327086
rajasthan,2024,3,jodhpur rural district,994,1942467
rajasthan,2024,3,tonk district,628,1072940
rajasthan,2024,3,phalodi district,237,494092
rajasthan,2024,3,neem ka thana district,920,1462415
rajasthan,2024,3,nagaur district,769,1335242
rajasthan,2024,3,barmer district,948,1958382
rajasthan,2024,3,ajmer district,1828,3150883
rajasthan,2024,3,beawar district,645,1118444
rajasthan,2024,3,balotra district,515,852264
rajasthan,2024,3,hanumangarh district,1376,2760492
rajasthan,2024,3,sanchore district,383,951930
rajasthan,2024,3,rajsamand district,685,1189921
rajasthan,2024,3,bundi district,620,910788
rajasthan,2024,3,shahpura district,292,511453
rajasthan,2024,3,jhunjhunu district,2187,3604609
rajasthan,2024,3,anupgarh district,517,1253374
rajasthan,2024,3,pali district,1049,1833319
rajasthan,2024,3,churu district,1159,2089023
rajasthan,2024,3,deedwana kuchaman district,750,1505942
rajasthan,2024,3,banswara district,401,734558
rajasthan,2024,3,gangapur city district,425,566250
rajasthan,2024,3,dungarpur district,318,622008
rajasthan,2024,3,jodhpur district,2647,5065224
rajasthan,2024,3,karauli district,442,553214
rajasthan,2024,3,udaipur district,2283,3764539
rajasthan,2024,3,dausa district,999,1475040
rajasthan,2024,3,bharatpur district,903,1235191
rajasthan,2024,3,kotputli behror district,1362,2049561
rajasthan,2024,3,chittorgarh district,956,1677174
rajasthan,2024,3,pratapgarh district,230,474165
rajasthan,2024,3,sawai madhopur district,509,682777
rajasthan,2024,3,jalore district,619,1408768
rajasthan,2024,3,bikaner district,1385,2683355
rajasthan,2024,3,sikar district,2773,5021518
rajasthan,2024,3,dholpur district,480,594388
rajasthan,2024,3,sirohi district,772,1378744
rajasthan,2024,3,jaisalmer district,522,1036554
rajasthan,2024,3,jaipur rural district,2943,4881552
rajasthan,2024,3,jhalawar district,582,927896
rajasthan,2024,3,alwar district,1530,2372803
rajasthan,2024,3,salumber district,177,334124
rajasthan,2024,3,deeg district,336,544086
rajasthan,2024,3,kota district,3056,4466816
rajasthan,2024,4,dudu district,218,364697
rajasthan,2024,4,sri ganganagar district,1551,3652698
rajasthan,2024,4,kekri district,301,415518
rajasthan,2024,4,jaipur district,17081,28322938
rajasthan,2024,4,baran district,595,821380
rajasthan,2024,4,khairthal tijara district,2106,2924729
rajasthan,2024,4,bhilwara district,1527,2411421
rajasthan,2024,4,jodhpur rural district,1196,2310318
rajasthan,2024,4,tonk district,751,1215872
rajasthan,2024,4,phalodi district,332,563849
rajasthan,2024,4,neem ka thana district,1158,2029941
rajasthan,2024,4,nagaur district,880,1493067
rajasthan,2024,4,barmer district,1142,1863604
rajasthan,2024,4,ajmer district,1920,3602110
rajasthan,2024,4,beawar district,786,1128785
rajasthan,2024,4,balotra district,726,1109721
rajasthan,2024,4,hanumangarh district,1407,3208079
rajasthan,2024,4,sanchore district,461,1063306
rajasthan,2024,4,rajsamand district,789,1455783
rajasthan,2024,4,bundi district,650,1025721
rajasthan,2024,4,shahpura district,343,586852
rajasthan,2024,4,jhunjhunu district,2446,4319408
rajasthan,2024,4,anupgarh district,578,1308960
rajasthan,2024,4,pali district,1292,2423375
rajasthan,2024,4,churu district,1284,2463480
rajasthan,2024,4,deedwana kuchaman district,932,1879418
rajasthan,2024,4,banswara district,633,1186733
rajasthan,2024,4,gangapur city district,564,732672
rajasthan,2024,4,dungarpur district,452,877021
rajasthan,2024,4,jodhpur district,2734,5715302
rajasthan,2024,4,karauli district,596,888236
rajasthan,2024,4,udaipur district,2461,4537156
rajasthan,2024,4,dausa district,1237,1920857
rajasthan,2024,4,bharatpur district,1095,1716436
rajasthan,2024,4,kotputli behror district,1753,2759988
rajasthan,2024,4,chittorgarh district,1223,2175493
rajasthan,2024,4,pratapgarh district,325,553406
rajasthan,2024,4,sawai madhopur district,658,1006622
rajasthan,2024,4,jalore district,816,1581561
rajasthan,2024,4,bikaner district,1807,3537883
rajasthan,2024,4,sikar district,2795,5214468
rajasthan,2024,4,dholpur district,622,878842
rajasthan,2024,4,sirohi district,913,1526583
rajasthan,2024,4,jaisalmer district,613,1109623
rajasthan,2024,4,jaipur rural district,3460,5851560
rajasthan,2024,4,jhalawar district,624,977721
rajasthan,2024,4,alwar district,1925,3251565
rajasthan,2024,4,salumber district,211,300534
rajasthan,2024,4,deeg district,460,663558
rajasthan,2024,4,kota district,3101,5002136
sikkim,2020,2,south district,4,1058
sikkim,2020,2,east district,16,3449
sikkim,2020,2,north district,1,282
sikkim,2020,3,south district,20,5534
sikkim,2020,3,west district,5,1319
sikkim,2020,3,east district,66,20284
sikkim,2020,3,north district,3,863
sikkim,2020,4,south district,11,26418
sikkim,2020,4,west district,7,7085
sikkim,2020,4,east district,41,26778
sikkim,2020,4,north district,8,9933
sikkim,2021,1,south district,20,15924
sikkim,2021,1,west district,22,20672
sikkim,2021,1,east district,72,64393
sikkim,2021,1,north district,8,10788
sikkim,2021,2,south district,23,30261
sikkim,2021,2,west district,7,4827
sikkim,2021,2,east district,55,77437
sikkim,2021,2,north district,8,9539
sikkim,2021,3,south district,21,29274
sikkim,2021,3,west district,9,7336
sikkim,2021,3,east district,67,86194
sikkim,2021,3,north district,9,17748
sikkim,2021,4,south district,41,85646
sikkim,2021,4,west district,29,84762
sikkim,2021,4,east district,109,291074
sikkim,2021,4,north district,16,42050
sikkim,2022,1,south district,35,101663
sikkim,2022,1,west district,37,91888
sikkim,2022,1,east district,157,463841
sikkim,2022,1,north district,10,28595
sikkim,2022,2,south district,14,27179
sikkim,2022,2,west district,35,84909
sikkim,2022,2,east district,99,233452
sikkim,2022,2,north district,12,38169
sikkim,2022,3,south district,34,65600
sikkim,2022,3,west district,30,71337
sikkim,2022,3,east district,165,310190
sikkim,2022,3,north district,14,27813
sikkim,2022,4,south district,45,74025
sikkim,2022,4,west district,43,147415
sikkim,2022,4,east district,192,377889
sikkim,2022,4,north district,26,67885
sikkim,2023,1,south district,51,99856
sikkim,2023,1,west district,26,120446
sikkim,2023,1,east district,158,380139
sikkim,2023,1,north district,25,88164
sikkim,2023,2,south district,45,107115
sikkim,2023,2,west district,40,98329
sikkim,2023,2,east district,169,366045
sikkim,2023,2,north district,16,56702
sikkim,2023,3,south district,49,95595
sikkim,2023,3,west district,20,44893
sikkim,2023,3,east district,155,436190
sikkim,2023,3,north district,27,121573
sikkim,2023,4,south district,67,117210
sikkim,2023,4,west district,39,125255
sikkim,2023,4,east district,184,485048
sikkim,2023,4,north district,34,66232
sikkim,2024,1,south district,66,132417
sikkim,2024,1,west district,43,132171
sikkim,2024,1,east district,251,548828
sikkim,2024,1,north district,40,66766
sikkim,2024,2,south district,122,330558
sikkim,2024,2,west district,74,167967
sikkim,2024,2,east district,438,952178
sikkim,2024,2,north district,51,139851
sikkim,2024,3,pakyong district,68,156436
sikkim,2024,3,soreng district,17,36469
sikkim,2024,3,namchi district,64,142584
sikkim,2024,3,gangtok district,219,461002
sikkim,2024,3,mangan district,65,150793
sikkim,2024,3,gyalshing district,28,82114
sikkim,2024,4,pakyong district,130,314200
sikkim,2024,4,soreng district,29,75012
sikkim,2024,4,namchi district,55,148697
sikkim,2024,4,gangtok district,298,643521
sikkim,2024,4,mangan district,46,105349
sikkim,2024,4,gyalshing district,41,94901
tamil-nadu,2020,2,tiruchirappalli district,118,23932
tamil-nadu,2020,2,ramanathapuram district,61,11757
tamil-nadu,2020,2,krishnagiri district,127,27365
tamil-nadu,2020,2,cuddalore district,46,10601
tamil-nadu,2020,2,kancheepuram district,426,81310
tamil-nadu,2020,2,tiruppur district,183,39160
tamil-nadu,2020,2,dharmapuri district,32,7336
tamil-nadu,2020,2,thoothukkudi district,47,10490
tamil-nadu,2020,2,thanjavur district,68,14512
tamil-nadu,2020,2,madurai district,128,27235
tamil-nadu,2020,2,tiruvannamalai district,66,13467
tamil-nadu,2020,2,salem district,89,18963
tamil-nadu,2020,2,nagapattinam district,22,5537
tamil-nadu,2020,2,tirupathur district,30,7007
tamil-nadu,2020,2,ariyalur district,11,2859
tamil-nadu,2020,2,chennai district,1251,220843
tamil-nadu,2020,2,the nilgiris district,30,6407
tamil-nadu,2020,2,erode district,103,21613
tamil-nadu,2020,2,karur district,23,4958
tamil-nadu,2020,2,kallakkurichi district,29,6377
tamil-nadu,2020,2,viluppuram district,64,15640
tamil-nadu,2020,2,pudukkottai district,11,2554
tamil-nadu,2020,2,perambalur district,9,2305
tamil-nadu,2020,2,coimbatore district,404,84687
tamil-nadu,2020,2,virudhunagar district,50,12975
tamil-nadu,2020,2,dindigul district,34,8003
tamil-nadu,2020,2,sivaganga district,16,3629
tamil-nadu,2020,2,tenkasi district,12,2874
tamil-nadu,2020,2,chengalpattu district,922,167660
tamil-nadu,2020,2,kanniyakumari district,37,8107
tamil-nadu,2020,2,tirunelveli district,30,7230
tamil-nadu,2020,2,thiruvallur district,723,141152
tamil-nadu,2020,2,theni district,23,5166
tamil-nadu,2020,2,ranipet district,57,12626
tamil-nadu,2020,2,namakkal district,38,9236
tamil-nadu,2020,2,vellore district,143,27782
tamil-nadu,2020,2,thiruvarur district,10,2197
tamil-nadu,2020,3,tiruchirappalli district,242,63698
tamil-nadu,2020,3,ramanathapuram district,74,21278
tamil-nadu,2020,3,krishnagiri district,305,82355
tamil-nadu,2020,3,cuddalore district,132,35779
tamil-nadu,2020,3,kancheepuram district,517,137966
tamil-nadu,2020,3,tiruppur district,474,116510
tamil-nadu,2020,3,dharmapuri district,99,31071
tamil-nadu,2020,3,thoothukkudi district,74,19254
tamil-nadu,2020,3,thanjavur district,110,34997
tamil-nadu,2020,3,madurai district,280,71534
tamil-nadu,2020,3,tiruvannamalai district,106,22808
tamil-nadu,2020,3,salem district,276,76062
tamil-nadu,2020,3,nagapattinam district,45,11934
tamil-nadu,2020,3,tirupathur district,77,17272
tamil-nadu,2020,3,ariyalur district,32,5950
tamil-nadu,2020,3,chennai district,1054,285279
tamil-nadu,2020,3,the nilgiris district,53,19305
tamil-nadu,2020,3,erode district,238,71619
tamil-nadu,2020,3,karur district,55,18693
tamil-nadu,2020,3,kallakkurichi district,84,25294
tamil-nadu,2020,3,viluppuram district,86,26523
tamil-nadu,2020,3,pudukkottai district,59,13834
tamil-nadu,2020,3,perambalur district,24,6715
tamil-nadu,2020,3,coimbatore district,932,282409
tamil-nadu,2020,3,virudhunagar district,88,24145
tamil-nadu,2020,3,dindigul district,138,35998
tamil-nadu,2020,3,sivaganga district,58,17764
tamil-nadu,2020,3,tenkasi district,36,10980
tamil-nadu,2020,3,chengalpattu district,683,205559
tamil-nadu,2020,3,kanniyakumari district,114,32513
tamil-nadu,2020,3,tirunelveli district,91,30539
tamil-nadu,2020,3,thiruvallur district,823,245818
tamil-nadu,2020,3,theni district,60,15450
tamil-nadu,2020,3,ranipet district,81,20108
tamil-nadu,2020,3,namakkal district,182,53048
tamil-nadu,2020,3,vellore district,209,59188
tamil-nadu,2020,3,thiruvarur district,35,8124
tamil-nadu,2020,4,tiruchirappalli district,269,225395
tamil-nadu,2020,4,ramanathapuram district,93,86922
tamil-nadu,2020,4,krishnagiri district,468,393985
tamil-nadu,2020,4,cuddalore district,181,160930
tamil-nadu,2020,4,kancheepuram district,696,631757
tamil-nadu,2020,4,tiruppur district,542,423333
tamil-nadu,2020,4,dharmapuri district,146,98395
tamil-nadu,2020,4,thoothukkudi district,66,56742
tamil-nadu,2020,4,thanjavur district,195,159672
tamil-nadu,2020,4,madurai district,359,345586
tamil-nadu,2020,4,tiruvannamalai district,143,112902
tamil-nadu,2020,4,salem district,341,236999
tamil-nadu,2020,4,nagapattinam district,64,78095
tamil-nadu,2020,4,tirupathur district,88,80027
tamil-nadu,2020,4,ariyalur district,44,38481
tamil-nadu,2020,4,chennai district,1615,1430154
tamil-nadu,2020,4,the nilgiris district,58,68886
tamil-nadu,2020,4,erode district,245,195647
tamil-nadu,2020,4,karur district,88,88319
tamil-nadu,2020,4,kallakkurichi district,82,77879
tamil-nadu,2020,4,viluppuram district,154,111927
tamil-nadu,2020,4,pudukkottai district,42,47388
tamil-nadu,2020,4,perambalur district,24,16779
tamil-nadu,2020,4,coimbatore district,989,761940
tamil-nadu,2020,4,virudhunagar district,154,140722
tamil-nadu,2020,4,dindigul district,182,164917
tamil-nadu,2020,4,sivaganga district,71,57579
tamil-nadu,2020,4,tenkasi district,63,67700
tamil-nadu,2020,4,chengalpattu district,937,911872
tamil-nadu,2020,4,kanniyakumari district,119,134569
tamil-nadu,2020,4,tirunelveli district,133,141880
tamil-nadu,2020,4,thiruvallur district,1001,937498
tamil-nadu,2020,4,theni district,76,69195
tamil-nadu,2020,4,ranipet district,137,119741
tamil-nadu,2020,4,namakkal district,178,128713
tamil-nadu,2020,4,vellore district,186,140089
tamil-nadu,2020,4,thiruvarur district,61,50960
tamil-nadu,2021,1,tiruchirappalli district,327,209424
tamil-nadu,2021,1,ramanathapuram district,100,90430
tamil-nadu,2021,1,krishnagiri district,556,461927
tamil-nadu,2021,1,cuddalore district,246,198231
tamil-nadu,2021,1,kancheepuram district,934,721686
tamil-nadu,2021,1,tiruppur district,710,476739
tamil-nadu,2021,1,dharmapuri district,184,125290
tamil-nadu,2021,1,thoothukkudi district,156,115272
tamil-nadu,2021,1,thanjavur district,193,182684
tamil-nadu,2021,1,madurai district,502,410270
tamil-nadu,2021,1,tiruvannamalai district,201,121229
tamil-nadu,2021,1,salem district,479,373355
tamil-nadu,2021,1,nagapattinam district,116,101836
tamil-nadu,2021,1,tirupathur district,121,74460
tamil-nadu,2021,1,ariyalur district,54,40268
tamil-nadu,2021,1,chennai district,2570,2012553
tamil-nadu,2021,1,the nilgiris district,66,57500
tamil-nadu,2021,1,erode district,368,274543
tamil-nadu,2021,1,karur district,100,61050
tamil-nadu,2021,1,kallakkurichi district,103,92058
tamil-nadu,2021,1,viluppuram district,220,173619
tamil-nadu,2021,1,pudukkottai district,81,56018
tamil-nadu,2021,1,perambalur district,50,41473
tamil-nadu,2021,1,coimbatore district,1256,882626
tamil-nadu,2021,1,virudhunagar district,183,134166
tamil-nadu,2021,1,dindigul district,264,185304
tamil-nadu,2021,1,sivaganga district,96,75996
tamil-nadu,2021,1,tenkasi district,76,76585
tamil-nadu,2021,1,chengalpattu district,1311,1231310
tamil-nadu,2021,1,kanniyakumari district,133,98725
tamil-nadu,2021,1,tirunelveli district,151,161974
tamil-nadu,2021,1,thiruvallur district,1592,1272511
tamil-nadu,2021,1,theni district,124,104697
tamil-nadu,2021,1,ranipet district,168,117022
tamil-nadu,2021,1,namakkal district,226,133967
tamil-nadu,2021,1,vellore district,298,170937
tamil-nadu,2021,1,thiruvarur district,91,63114
tamil-nadu,2021,2,tiruchirappalli district,429,442345
tamil-nadu,2021,2,ramanathapuram district,134,143490
tamil-nadu,2021,2,krishnagiri district,606,582625
tamil-nadu,2021,2,cuddalore district,286,305673
tamil-nadu,2021,2,kancheepuram district,1140,1118225
tamil-nadu,2021,2,tiruppur district,861,699383
tamil-nadu,2021,2,dharmapuri district,217,189833
tamil-nadu,2021,2,thoothukkudi district,256,259438
tamil-nadu,2021,2,thanjavur district,271,291354
tamil-nadu,2021,2,madurai district,793,701143
tamil-nadu,2021,2,tiruvannamalai district,219,234516
tamil-nadu,2021,2,salem district,590,519803
tamil-nadu,2021,2,nagapattinam district,160,174414
tamil-nadu,2021,2,tirupathur district,154,147580
tamil-nadu,2021,2,ariyalur district,63,66251
tamil-nadu,2021,2,chennai district,2673,2195652
tamil-nadu,2021,2,the nilgiris district,88,73857
tamil-nadu,2021,2,erode district,455,425242
tamil-nadu,2021,2,karur district,160,158067
tamil-nadu,2021,2,kallakkurichi district,138,131939
tamil-nadu,2021,2,viluppuram district,258,225443
tamil-nadu,2021,2,pudukkottai district,102,98881
tamil-nadu,2021,2,perambalur district,41,37167
tamil-nadu,2021,2,coimbatore district,1592,1477281
tamil-nadu,2021,2,virudhunagar district,245,213707
tamil-nadu,2021,2,dindigul district,334,314542
tamil-nadu,2021,2,sivaganga district,138,129997
tamil-nadu,2021,2,tenkasi district,110,101781
tamil-nadu,2021,2,chengalpattu district,1477,1417438
tamil-nadu,2021,2,kanniyakumari district,226,287318
tamil-nadu,2021,2,tirunelveli district,335,343854
tamil-nadu,2021,2,thiruvallur district,2066,1899615
tamil-nadu,2021,2,theni district,153,183132
tamil-nadu,2021,2,ranipet district,184,188059
tamil-nadu,2021,2,namakkal district,311,258004
tamil-nadu,2021,2,vellore district,327,317091
tamil-nadu,2021,2,thiruvarur district,90,90204
tamil-nadu,2021,3,tiruchirappalli district,521,481815
tamil-nadu,2021,3,ramanathapuram district,163,244272
tamil-nadu,2021,3,krishnagiri district,840,869170
tamil-nadu,2021,3,cuddalore district,401,508465
tamil-nadu,2021,3,kancheepuram district,1442,1367259
tamil-nadu,2021,3,tiruppur district,1193,1061146
tamil-nadu,2021,3,dharmapuri district,205,223645
tamil-nadu,2021,3,thoothukkudi district,234,266628
tamil-nadu,2021,3,thanjavur district,271,310261
tamil-nadu,2021,3,madurai district,881,881288
tamil-nadu,2021,3,tiruvannamalai district,300,330451
tamil-nadu,2021,3,salem district,805,1004135
tamil-nadu,2021,3,nagapattinam district,181,220779
tamil-nadu,2021,3,tirupathur district,175,185284
tamil-nadu,2021,3,ariyalur district,86,75506
tamil-nadu,2021,3,chennai district,4367,3861435
tamil-nadu,2021,3,the nilgiris district,134,183427
tamil-nadu,2021,3,erode district,625,682937
tamil-nadu,2021,3,karur district,156,146882
tamil-nadu,2021,3,kallakkurichi district,112,149462
tamil-nadu,2021,3,viluppuram district,257,274851
tamil-nadu,2021,3,pudukkottai district,100,117707
tamil-nadu,2021,3,perambalur district,52,57076
tamil-nadu,2021,3,coimbatore district,2007,1991798
tamil-nadu,2021,3,virudhunagar district,239,222700
tamil-nadu,2021,3,dindigul district,325,337226
tamil-nadu,2021,3,sivaganga district,157,182791
tamil-nadu,2021,3,tenkasi district,143,164321
tamil-nadu,2021,3,chengalpattu district,1893,2088255
tamil-nadu,2021,3,kanniyakumari district,224,264969
tamil-nadu,2021,3,tirunelveli district,358,349274
tamil-nadu,2021,3,thiruvallur district,2885,2839315
tamil-nadu,2021,3,theni district,186,207018
tamil-nadu,2021,3,ranipet district,218,258520
tamil-nadu,2021,3,namakkal district,434,419609
tamil-nadu,2021,3,vellore district,377,383363
tamil-nadu,2021,3,thiruvarur district,160,189878
tamil-nadu,2021,4,tiruchirappalli district,792,1056977
tamil-nadu,2021,4,ramanathapuram district,210,271287
tamil-nadu,2021,4,krishnagiri district,1323,1653893
tamil-nadu,2021,4,cuddalore district,540,756151
tamil-nadu,2021,4,kancheepuram district,2055,2467606
tamil-nadu,2021,4,tiruppur district,2096,2467072
tamil-nadu,2021,4,dharmapuri district,289,479613
tamil-nadu,2021,4,thoothukkudi district,326,512260
tamil-nadu,2021,4,thanjavur district,402,746619
tamil-nadu,2021,4,madurai district,1507,1719722
tamil-nadu,2021,4,tiruvannamalai district,339,452061
tamil-nadu,2021,4,salem district,959,1307980
tamil-nadu,2021,4,nagapattinam district,232,325491
tamil-nadu,2021,4,tirupathur district,286,401281
tamil-nadu,2021,4,ariyalur district,129,166205
tamil-nadu,2021,4,chennai district,5769,6143037
tamil-nadu,2021,4,the nilgiris district,285,475488
tamil-nadu,2021,4,erode district,677,1113805
tamil-nadu,2021,4,karur district,247,344098
tamil-nadu,2021,4,kallakkurichi district,199,297923
tamil-nadu,2021,4,viluppuram district,406,584387
tamil-nadu,2021,4,pudukkottai district,207,259149
tamil-nadu,2021,4,perambalur district,73,89288
tamil-nadu,2021,4,coimbatore district,2943,4272322
tamil-nadu,2021,4,virudhunagar district,405,514159
tamil-nadu,2021,4,dindigul district,552,706258
tamil-nadu,2021,4,sivaganga district,201,314440
tamil-nadu,2021,4,tenkasi district,189,251325
tamil-nadu,2021,4,chengalpattu district,2877,3652362
tamil-nadu,2021,4,kanniyakumari district,412,656152
tamil-nadu,2021,4,tirunelveli district,499,652318
tamil-nadu,2021,4,thiruvallur district,3895,4604901
tamil-nadu,2021,4,theni district,286,427075
tamil-nadu,2021,4,ranipet district,326,452834
tamil-nadu,2021,4,namakkal district,396,579361
tamil-nadu,2021,4,vellore district,544,777861
tamil-nadu,2021,4,thiruvarur district,164,231529
tamil-nadu,2022,1,tiruchirappalli district,1034,1459109
tamil-nadu,2022,1,ramanathapuram district,220,366054
tamil-nadu,2022,1,krishnagiri district,1582,2435788
tamil-nadu,2022,1,cuddalore district,763,1249929
tamil-nadu,2022,1,kancheepuram district,3182,3910459
tamil-nadu,2022,1,tiruppur district,2393,3287882
tamil-nadu,2022,1,dharmapuri district,367,636107
tamil-nadu,2022,1,thoothukkudi district,482,833977
tamil-nadu,2022,1,thanjavur district,599,926904
tamil-nadu,2022,1,madurai district,1996,2487362
tamil-nadu,2022,1,tiruvannamalai district,494,792716
tamil-nadu,2022,1,salem district,1415,2147587
tamil-nadu,2022,1,nagapattinam district,333,574536
tamil-nadu,2022,1,tirupathur district,325,503152
tamil-nadu,2022,1,ariyalur district,183,276135
tamil-nadu,2022,1,chennai district,9138,9949256
tamil-nadu,2022,1,the nilgiris district,330,627279
tamil-nadu,2022,1,erode district,1139,1890815
tamil-nadu,2022,1,karur district,311,474739
tamil-nadu,2022,1,kallakkurichi district,268,483534
tamil-nadu,2022,1,viluppuram district,557,883618
tamil-nadu,2022,1,pudukkottai district,233,361402
tamil-nadu,2022,1,perambalur district,92,173486
tamil-nadu,2022,1,coimbatore district,4682,6798923
tamil-nadu,2022,1,virudhunagar district,423,633652
tamil-nadu,2022,1,dindigul district,619,1122922
tamil-nadu,2022,1,sivaganga district,304,499244
tamil-nadu,2022,1,tenkasi district,287,594379
tamil-nadu,2022,1,chengalpattu district,4588,5867983
tamil-nadu,2022,1,kanniyakumari district,552,1012992
tamil-nadu,2022,1,tirunelveli district,596,880850
tamil-nadu,2022,1,thiruvallur district,5793,7146597
tamil-nadu,2022,1,theni district,363,601250
tamil-nadu,2022,1,ranipet district,465,679825
tamil-nadu,2022,1,namakkal district,606,989125
tamil-nadu,2022,1,vellore district,653,1013919
tamil-nadu,2022,1,thiruvarur district,254,395558
tamil-nadu,2022,2,tiruchirappalli district,1008,1443635
tamil-nadu,2022,2,ramanathapuram district,247,429895
tamil-nadu,2022,2,krishnagiri district,1589,2378328
tamil-nadu,2022,2,cuddalore district,582,924624
tamil-nadu,2022,2,kancheepuram district,3162,3846819
tamil-nadu,2022,2,tiruppur district,2124,2931960
tamil-nadu,2022,2,dharmapuri district,383,583844
tamil-nadu,2022,2,thoothukkudi district,427,681029
tamil-nadu,2022,2,thanjavur district,623,982120
tamil-nadu,2022,2,madurai district,1698,2180677
tamil-nadu,2022,2,tiruvannamalai district,385,584932
tamil-nadu,2022,2,salem district,1359,1934101
tamil-nadu,2022,2,nagapattinam district,291,571550
tamil-nadu,2022,2,tirupathur district,338,578309
tamil-nadu,2022,2,ariyalur district,131,189617
tamil-nadu,2022,2,chennai district,8966,9428379
tamil-nadu,2022,2,the nilgiris district,288,635126
tamil-nadu,2022,2,erode district,1095,1709224
tamil-nadu,2022,2,karur district,275,510904
tamil-nadu,2022,2,kallakkurichi district,198,353123
tamil-nadu,2022,2,viluppuram district,444,731447
tamil-nadu,2022,2,pudukkottai district,211,308306
tamil-nadu,2022,2,perambalur district,84,128671
tamil-nadu,2022,2,coimbatore district,4859,6626440
tamil-nadu,2022,2,virudhunagar district,395,570429
tamil-nadu,2022,2,dindigul district,641,1081508
tamil-nadu,2022,2,sivaganga district,297,508730
tamil-nadu,2022,2,tenkasi district,249,451084
tamil-nadu,2022,2,chengalpattu district,5135,6248146
tamil-nadu,2022,2,kanniyakumari district,603,995272
tamil-nadu,2022,2,tirunelveli district,602,929200
tamil-nadu,2022,2,thiruvallur district,5732,6846087
tamil-nadu,2022,2,theni district,409,641632
tamil-nadu,2022,2,ranipet district,341,543961
tamil-nadu,2022,2,namakkal district,729,985030
tamil-nadu,2022,2,vellore district,601,951426
tamil-nadu,2022,2,thiruvarur district,213,409555
tamil-nadu,2022,3,tiruchirappalli district,1475,2188413
tamil-nadu,2022,3,ramanathapuram district,337,474333
tamil-nadu,2022,3,krishnagiri district,2049,2783886
tamil-nadu,2022,3,cuddalore district,919,1242691
tamil-nadu,2022,3,kancheepuram district,4007,4599265
tamil-nadu,2022,3,tiruppur district,3159,4086616
tamil-nadu,2022,3,dharmapuri district,510,784874
tamil-nadu,2022,3,thoothukkudi district,664,1022686
tamil-nadu,2022,3,thanjavur district,943,1270931
tamil-nadu,2022,3,madurai district,2580,3145380
tamil-nadu,2022,3,tiruvannamalai district,593,837249
tamil-nadu,2022,3,salem district,2209,2747178
tamil-nadu,2022,3,nagapattinam district,475,714624
tamil-nadu,2022,3,tirupathur district,450,615114
tamil-nadu,2022,3,ariyalur district,232,319274
tamil-nadu,2022,3,chennai district,12059,12069618
tamil-nadu,2022,3,the nilgiris district,366,638373
tamil-nadu,2022,3,erode district,1604,2050237
tamil-nadu,2022,3,karur district,445,559683
tamil-nadu,2022,3,kallakkurichi district,298,451963
tamil-nadu,2022,3,viluppuram district,584,947508
tamil-nadu,2022,3,pudukkottai district,282,411748
tamil-nadu,2022,3,perambalur district,117,203331
tamil-nadu,2022,3,coimbatore district,6704,8554497
tamil-nadu,2022,3,virudhunagar district,560,761911
tamil-nadu,2022,3,dindigul district,849,1326297
tamil-nadu,2022,3,sivaganga district,432,680435
tamil-nadu,2022,3,tenkasi district,377,570459
tamil-nadu,2022,3,chengalpattu district,6535,7905304
tamil-nadu,2022,3,kanniyakumari district,742,1186626
tamil-nadu,2022,3,tirunelveli district,821,1156720
tamil-nadu,2022,3,thiruvallur district,7766,8767762
tamil-nadu,2022,3,theni district,540,749102
tamil-nadu,2022,3,ranipet district,571,738713
tamil-nadu,2022,3,namakkal district,928,1271158
tamil-nadu,2022,3,vellore district,836,1401266
tamil-nadu,2022,3,thiruvarur district,338,512295
tamil-nadu,2022,4,tiruchirappalli district,3089,3688816
tamil-nadu,2022,4,ramanathapuram district,721,986454
tamil-nadu,2022,4,krishnagiri district,3025,3993729
tamil-nadu,2022,4,cuddalore district,1883,2365883
tamil-nadu,2022,4,kancheepuram district,7909,8581184
tamil-nadu,2022,4,tiruppur district,8141,9483703
tamil-nadu,2022,4,dharmapuri district,1179,1612164
tamil-nadu,2022,4,thoothukkudi district,1306,1813185
tamil-nadu,2022,4,thanjavur district,1744,2189367
tamil-nadu,2022,4,madurai district,5446,6050332
tamil-nadu,2022,4,tiruvannamalai district,1166,1571135
tamil-nadu,2022,4,salem district,3949,4750490
tamil-nadu,2022,4,nagapattinam district,967,1314038
tamil-nadu,2022,4,tirupathur district,804,1068983
tamil-nadu,2022,4,ariyalur district,567,657902
tamil-nadu,2022,4,chennai district,21588,21184965
tamil-nadu,2022,4,the nilgiris district,707,1252582
tamil-nadu,2022,4,erode district,2921,3681867
tamil-nadu,2022,4,karur district,851,1174338
tamil-nadu,2022,4,kallakkurichi district,480,728707
tamil-nadu,2022,4,viluppuram district,1280,1733757
tamil-nadu,2022,4,pudukkottai district,770,1006928
tamil-nadu,2022,4,perambalur district,363,431433
tamil-nadu,2022,4,coimbatore district,12780,15595276
tamil-nadu,2022,4,virudhunagar district,1243,1482907
tamil-nadu,2022,4,dindigul district,2092,2823542
tamil-nadu,2022,4,sivaganga district,999,1306426
tamil-nadu,2022,4,tenkasi district,882,1159913
tamil-nadu,2022,4,chengalpattu district,12532,14457953
tamil-nadu,2022,4,kanniyakumari district,1600,2340651
tamil-nadu,2022,4,tirunelveli district,1580,2077649
tamil-nadu,2022,4,thiruvallur district,14602,15650997
tamil-nadu,2022,4,theni district,1199,1544440
tamil-nadu,2022,4,ranipet district,1128,1514689
tamil-nadu,2022,4,namakkal district,1684,2095785
tamil-nadu,2022,4,vellore district,1437,1831554
tamil-nadu,2022,4,thiruvarur district,877,1254066
tamil-nadu,2023,1,tiruchirappalli district,1856,2656812
tamil-nadu,2023,1,ramanathapuram district,444,700951
tamil-nadu,2023,1,krishnagiri district,2241,3438813
tamil-nadu,2023,1,cuddalore district,1361,2049733
tamil-nadu,2023,1,kancheepuram district,6509,7876962
tamil-nadu,2023,1,tiruppur district,4156,5722551
tamil-nadu,2023,1,dharmapuri district,555,830407
tamil-nadu,2023,1,thoothukkudi district,695,1064607
tamil-nadu,2023,1,thanjavur district,1165,1743831
tamil-nadu,2023,1,madurai district,3374,4231159
tamil-nadu,2023,1,tiruvannamalai district,763,1064885
tamil-nadu,2023,1,salem district,2276,3567805
tamil-nadu,2023,1,nagapattinam district,628,951441
tamil-nadu,2023,1,tirupathur district,498,811062
tamil-nadu,2023,1,ariyalur district,350,466602
tamil-nadu,2023,1,chennai district,20140,20511279
tamil-nadu,2023,1,the nilgiris district,459,949947
tamil-nadu,2023,1,erode district,1715,2905765
tamil-nadu,2023,1,karur district,529,840372
tamil-nadu,2023,1,kallakkurichi district,378,572962
tamil-nadu,2023,1,viluppuram district,914,1400424
tamil-nadu,2023,1,pudukkottai district,354,477775
tamil-nadu,2023,1,perambalur district,134,224947
tamil-nadu,2023,1,coimbatore district,8237,11516151
tamil-nadu,2023,1,virudhunagar district,747,1009833
tamil-nadu,2023,1,dindigul district,1055,1804978
tamil-nadu,2023,1,sivaganga district,484,754579
tamil-nadu,2023,1,tenkasi district,443,668955
tamil-nadu,2023,1,chengalpattu district,10889,13219385
tamil-nadu,2023,1,kanniyakumari district,938,1672864
tamil-nadu,2023,1,tirunelveli district,968,1396752
tamil-nadu,2023,1,thiruvallur district,11786,13822733
tamil-nadu,2023,1,theni district,637,1061239
tamil-nadu,2023,1,ranipet district,651,893464
tamil-nadu,2023,1,namakkal district,895,1483906
tamil-nadu,2023,1,vellore district,1021,1626820
tamil-nadu,2023,1,thiruvarur district,445,717471
tamil-nadu,2023,2,tiruchirappalli district,1715,2570522
tamil-nadu,2023,2,ramanathapuram district,357,503848
tamil-nadu,2023,2,krishnagiri district,2245,3368129
tamil-nadu,2023,2,cuddalore district,1276,1830379
tamil-nadu,2023,2,kancheepuram district,5617,6741272
tamil-nadu,2023,2,tiruppur district,3632,5133652
tamil-nadu,2023,2,dharmapuri district,560,846952
tamil-nadu,2023,2,thoothukkudi district,674,997002
tamil-nadu,2023,2,thanjavur district,1081,1723697
tamil-nadu,2023,2,madurai district,2807,3493908
tamil-nadu,2023,2,tiruvannamalai district,775,1165967
tamil-nadu,2023,2,salem district,2159,3040483
tamil-nadu,2023,2,nagapattinam district,592,894392
tamil-nadu,2023,2,tirupathur district,498,892473
tamil-nadu,2023,2,ariyalur district,234,307459
tamil-nadu,2023,2,chennai district,15678,16453783
tamil-nadu,2023,2,the nilgiris district,492,976952
tamil-nadu,2023,2,erode district,1601,2565724
tamil-nadu,2023,2,karur district,435,711066
tamil-nadu,2023,2,kallakkurichi district,370,611207
tamil-nadu,2023,2,viluppuram district,818,1382534
tamil-nadu,2023,2,pudukkottai district,402,612366
tamil-nadu,2023,2,perambalur district,153,227304
tamil-nadu,2023,2,coimbatore district,7642,11108776
tamil-nadu,2023,2,virudhunagar district,595,908767
tamil-nadu,2023,2,dindigul district,910,1545130
tamil-nadu,2023,2,sivaganga district,466,843986
tamil-nadu,2023,2,tenkasi district,426,743203
tamil-nadu,2023,2,chengalpattu district,9446,12053100
tamil-nadu,2023,2,kanniyakumari district,853,1643425
tamil-nadu,2023,2,tirunelveli district,928,1457940
tamil-nadu,2023,2,thiruvallur district,10840,12569262
tamil-nadu,2023,2,theni district,624,1055890
tamil-nadu,2023,2,ranipet district,649,929549
tamil-nadu,2023,2,namakkal district,878,1377463
tamil-nadu,2023,2,vellore district,865,1475845
tamil-nadu,2023,2,thiruvarur district,405,564784
tamil-nadu,2023,3,tiruchirappalli district,2159,2940470
tamil-nadu,2023,3,ramanathapuram district,416,573665
tamil-nadu,2023,3,krishnagiri district,2762,3917713
tamil-nadu,2023,3,cuddalore district,1568,2412390
tamil-nadu,2023,3,kancheepuram district,6210,7517191
tamil-nadu,2023,3,tiruppur district,4011,5538630
tamil-nadu,2023,3,dharmapuri district,723,1208053
tamil-nadu,2023,3,thoothukkudi district,742,1228771
tamil-nadu,2023,3,thanjavur district,1271,1715958
tamil-nadu,2023,3,madurai district,3482,3880637
tamil-nadu,2023,3,tiruvannamalai district,905,1301476
tamil-nadu,2023,3,salem district,2839,3721101
tamil-nadu,2023,3,nagapattinam district,825,1138414
tamil-nadu,2023,3,tirupathur district,573,887565
tamil-nadu,2023,3,ariyalur district,356,437403
tamil-nadu,2023,3,chennai district,17189,16904783
tamil-nadu,2023,3,the nilgiris district,587,956502
tamil-nadu,2023,3,erode district,1873,2733513
tamil-nadu,2023,3,karur district,556,904019
tamil-nadu,2023,3,kallakkurichi district,468,619617
tamil-nadu,2023,3,viluppuram district,1091,1479600
tamil-nadu,2023,3,pudukkottai district,569,646934
tamil-nadu,2023,3,perambalur district,184,331667
tamil-nadu,2023,3,coimbatore district,9191,12345880
tamil-nadu,2023,3,virudhunagar district,719,959150
tamil-nadu,2023,3,dindigul district,1193,1896683
tamil-nadu,2023,3,sivaganga district,575,842408
tamil-nadu,2023,3,tenkasi district,493,683080
tamil-nadu,2023,3,chengalpattu district,10034,12400195
tamil-nadu,2023,3,kanniyakumari district,946,1689767
tamil-nadu,2023,3,tirunelveli district,1148,1588116
tamil-nadu,2023,3,thiruvallur district,11243,13346229
tamil-nadu,2023,3,theni district,724,1035771
tamil-nadu,2023,3,ranipet district,826,1063558
tamil-nadu,2023,3,namakkal district,1051,1482656
tamil-nadu,2023,3,vellore district,1022,1616090
tamil-nadu,2023,3,thiruvarur district,545,679938
tamil-nadu,2023,4,tiruchirappalli district,2475,3470880
tamil-nadu,2023,4,ramanathapuram district,517,640062
tamil-nadu,2023,4,krishnagiri district,3172,4852330
tamil-nadu,2023,4,cuddalore district,1551,2329665
tamil-nadu,2023,4,kancheepuram district,6875,8403688
tamil-nadu,2023,4,tiruppur district,5883,8071753
tamil-nadu,2023,4,dharmapuri district,873,1263490
tamil-nadu,2023,4,thoothukkudi district,907,1457770
tamil-nadu,2023,4,thanjavur district,1407,2075531
tamil-nadu,2023,4,madurai district,4414,5508470
tamil-nadu,2023,4,tiruvannamalai district,1036,1430550
tamil-nadu,2023,4,salem district,3180,4420307
tamil-nadu,2023,4,nagapattinam district,854,1134183
tamil-nadu,2023,4,tirupathur district,669,1068817
tamil-nadu,2023,4,ariyalur district,372,464685
tamil-nadu,2023,4,chennai district,18144,19953865
tamil-nadu,2023,4,the nilgiris district,718,1517410
tamil-nadu,2023,4,erode district,2404,3568004
tamil-nadu,2023,4,karur district,707,1047957
tamil-nadu,2023,4,kallakkurichi district,472,672872
tamil-nadu,2023,4,viluppuram district,1284,1936817
tamil-nadu,2023,4,pudukkottai district,588,917795
tamil-nadu,2023,4,perambalur district,236,323301
tamil-nadu,2023,4,coimbatore district,11552,16411541
tamil-nadu,2023,4,virudhunagar district,925,1311831
tamil-nadu,2023,4,dindigul district,1396,2302850
tamil-nadu,2023,4,sivaganga district,773,1132557
tamil-nadu,2023,4,tenkasi district,636,920704
tamil-nadu,2023,4,chengalpattu district,11085,14820002
tamil-nadu,2023,4,kanniyakumari district,1196,2137532
tamil-nadu,2023,4,tirunelveli district,1313,1737016
tamil-nadu,2023,4,thiruvallur district,12314,14959202
tamil-nadu,2023,4,theni district,936,1403542
tamil-nadu,2023,4,ranipet district,893,1241927
tamil-nadu,2023,4,namakkal district,1329,1930753
tamil-nadu,2023,4,vellore district,1207,1823526
tamil-nadu,2023,4,thiruvarur district,578,770611
tamil-nadu,2024,1,tiruchirappalli district,2215,3157581
tamil-nadu,2024,1,ramanathapuram district,546,690761
tamil-nadu,2024,1,krishnagiri district,3285,4832657
tamil-nadu,2024,1,cuddalore district,1791,2673146
tamil-nadu,2024,1,kancheepuram district,7773,9969005
tamil-nadu,2024,1,tiruppur district,5591,7715676
tamil-nadu,2024,1,dharmapuri district,970,1265629
tamil-nadu,2024,1,thoothukkudi district,1037,1548023
tamil-nadu,2024,1,thanjavur district,1476,2078335
tamil-nadu,2024,1,madurai district,4067,4939832
tamil-nadu,2024,1,tiruvannamalai district,1250,1702989
tamil-nadu,2024,1,salem district,3249,4460786
tamil-nadu,2024,1,nagapattinam district,898,1177959
tamil-nadu,2024,1,tirupathur district,748,1022773
tamil-nadu,2024,1,ariyalur district,394,402075
tamil-nadu,2024,1,chennai district,20315,23283126
tamil-nadu,2024,1,the nilgiris district,697,1307140
tamil-nadu,2024,1,erode district,2399,3459007
tamil-nadu,2024,1,karur district,739,1165631
tamil-nadu,2024,1,kallakkurichi district,612,820096
tamil-nadu,2024,1,viluppuram district,1370,1950223
tamil-nadu,2024,1,pudukkottai district,616,751518
tamil-nadu,2024,1,perambalur district,236,281135
tamil-nadu,2024,1,coimbatore district,10809,16192243
tamil-nadu,2024,1,virudhunagar district,969,1251311
tamil-nadu,2024,1,dindigul district,1611,2680920
tamil-nadu,2024,1,sivaganga district,770,1100331
tamil-nadu,2024,1,tenkasi district,671,891060
tamil-nadu,2024,1,chengalpattu district,12435,17039816
tamil-nadu,2024,1,kanniyakumari district,1264,2105662
tamil-nadu,2024,1,tirunelveli district,1586,2100827
tamil-nadu,2024,1,thiruvallur district,13891,17283816
tamil-nadu,2024,1,theni district,939,1453415
tamil-nadu,2024,1,ranipet district,994,1351537
tamil-nadu,2024,1,namakkal district,1431,1961139
tamil-nadu,2024,1,vellore district,1277,2027235
tamil-nadu,2024,1,thiruvarur district,600,881760
tamil-nadu,2024,2,tiruchirappalli district,2063,3041944
tamil-nadu,2024,2,ramanathapuram district,534,647117
tamil-nadu,2024,2,krishnagiri district,3015,4726099
tamil-nadu,2024,2,cuddalore district,1613,2435412
tamil-nadu,2024,2,kancheepuram district,6638,8882250
tamil-nadu,2024,2,tiruppur district,4693,6791083
tamil-nadu,2024,2,dharmapuri district,761,1144398
tamil-nadu,2024,2,thoothukkudi district,976,1488135
tamil-nadu,2024,2,thanjavur district,1331,1862713
tamil-nadu,2024,2,madurai district,3511,4601610
tamil-nadu,2024,2,tiruvannamalai district,1040,1492166
tamil-nadu,2024,2,salem district,2967,4272739
tamil-nadu,2024,2,nagapattinam district,844,1263375
tamil-nadu,2024,2,tirupathur district,592,1014611
tamil-nadu,2024,2,ariyalur district,361,428018
tamil-nadu,2024,2,chennai district,18043,21201607
tamil-nadu,2024,2,the nilgiris district,604,1072774
tamil-nadu,2024,2,erode district,2042,3198457
tamil-nadu,2024,2,karur district,650,1120561
tamil-nadu,2024,2,kallakkurichi district,565,745982
tamil-nadu,2024,2,viluppuram district,1279,1842454
tamil-nadu,2024,2,pudukkottai district,512,743420
tamil-nadu,2024,2,perambalur district,225,338807
tamil-nadu,2024,2,coimbatore district,9096,13918959
tamil-nadu,2024,2,virudhunagar district,789,1100097
tamil-nadu,2024,2,dindigul district,1364,2455985
tamil-nadu,2024,2,sivaganga district,670,1132645
tamil-nadu,2024,2,tenkasi district,562,852869
tamil-nadu,2024,2,chengalpattu district,10822,15264686
tamil-nadu,2024,2,kanniyakumari district,1202,2116595
tamil-nadu,2024,2,tirunelveli district,1411,1975026
tamil-nadu,2024,2,thiruvallur district,12220,16133783
tamil-nadu,2024,2,theni district,848,1280074
tamil-nadu,2024,2,ranipet district,782,1132911
tamil-nadu,2024,2,namakkal district,1180,1697841
tamil-nadu,2024,2,vellore district,1032,1817151
tamil-nadu,2024,2,thiruvarur district,511,738024
tamil-nadu,2024,3,tiruchirappalli district,2454,3687200
tamil-nadu,2024,3,ramanathapuram district,623,900474
tamil-nadu,2024,3,krishnagiri district,3510,5636921
tamil-nadu,2024,3,cuddalore district,1793,2680814
tamil-nadu,2024,3,kancheepuram district,2630,3465360
tamil-nadu,2024,3,tiruvallur district,6791,9622643
tamil-nadu,2024,3,tiruppur district,6071,8694793
tamil-nadu,2024,3,dharmapuri district,1018,1564420
tamil-nadu,2024,3,thoothukkudi district,3,9970
tamil-nadu,2024,3,thanjavur district,1723,2376149
tamil-nadu,2024,3,madurai district,4876,6055754
tamil-nadu,2024,3,tiruvannamalai district,1436,1952106
tamil-nadu,2024,3,salem district,3448,5124969
tamil-nadu,2024,3,nagapattinam district,464,670166
tamil-nadu,2024,3,tirupathur district,768,1229898
tamil-nadu,2024,3,ariyalur district,461,609809
tamil-nadu,2024,3,chennai district,35114,42146763
tamil-nadu,2024,3,the nilgiris district,728,1321595
tamil-nadu,2024,3,erode district,2519,4021789
tamil-nadu,2024,3,mayiladuthurai district,533,777533
tamil-nadu,2024,3,karur district,775,1318648
tamil-nadu,2024,3,viluppuram district,1565,2213019
tamil-nadu,2024,3,tiruvarur district,620,828563
tamil-nadu,2024,3,pudukkottai district,693,997757
tamil-nadu,2024,3,perambalur district,295,490168
tamil-nadu,2024,3,coimbatore district,11224,17306024
tamil-nadu,2024,3,virudhunagar district,1005,1346010
tamil-nadu,2024,3,dindigul district,1599,2738548
tamil-nadu,2024,3,sivaganga district,710,1020097
tamil-nadu,2024,3,tenkasi district,722,1100988
tamil-nadu,2024,3,thoothukudi district,1048,1605450
tamil-nadu,2024,3,chengalpattu district,11242,15837681
tamil-nadu,2024,3,kanniyakumari district,1554,2546544
tamil-nadu,2024,3,tirunelveli district,1582,2254420
tamil-nadu,2024,3,thiruvallur district,5,15196
tamil-nadu,2024,3,theni district,946,1416488
tamil-nadu,2024,3,ranipet district,963,1365303
tamil-nadu,2024,3,namakkal district,1456,2218705
tamil-nadu,2024,3,kallakurichi district,566,821443
tamil-nadu,2024,3,vellore district,1334,2138093
tamil-nadu,2024,4,tiruchirappalli district,2917,4123386
tamil-nadu,2024,4,ramanathapuram district,660,832167
tamil-nadu,2024,4,krishnagiri district,3802,5691238
tamil-nadu,2024,4,cuddalore district,2130,2971193
tamil-nadu,2024,4,kancheepuram district,3048,3716588
tamil-nadu,2024,4,tiruvallur district,7606,10166523
tamil-nadu,2024,4,tiruppur district,7641,10484301
tamil-nadu,2024,4,dharmapuri district,1200,1659556
tamil-nadu,2024,4,thanjavur district,1652,2278962
tamil-nadu,2024,4,madurai district,5119,6427615
tamil-nadu,2024,4,tiruvannamalai district,1326,2008434
tamil-nadu,2024,4,salem district,3696,5153549
tamil-nadu,2024,4,nagapattinam district,462,695154
tamil-nadu,2024,4,tirupathur district,907,1255042
tamil-nadu,2024,4,ariyalur district,459,587887
tamil-nadu,2024,4,chennai district,35408,43569170
tamil-nadu,2024,4,the nilgiris district,853,1768508
tamil-nadu,2024,4,erode district,2987,4323698
tamil-nadu,2024,4,mayiladuthurai district,635,871971
tamil-nadu,2024,4,karur district,882,1309458
tamil-nadu,2024,4,viluppuram district,1651,2421348
tamil-nadu,2024,4,tiruvarur district,704,887815
tamil-nadu,2024,4,pudukkottai district,722,919395
tamil-nadu,2024,4,perambalur district,294,425750
tamil-nadu,2024,4,coimbatore district,12866,19222550
tamil-nadu,2024,4,virudhunagar district,1122,1449831
tamil-nadu,2024,4,dindigul district,1745,2841472
tamil-nadu,2024,4,sivaganga district,782,1176291
tamil-nadu,2024,4,tenkasi district,759,1070260
tamil-nadu,2024,4,thoothukudi district,1250,1815994
tamil-nadu,2024,4,chengalpattu district,11836,16887124
tamil-nadu,2024,4,kanniyakumari district,1754,2952122
tamil-nadu,2024,4,tirunelveli district,1901,2659685
tamil-nadu,2024,4,theni district,1191,1929981
tamil-nadu,2024,4,ranipet district,1134,1592239
tamil-nadu,2024,4,namakkal district,1694,2456646
tamil-nadu,2024,4,kallakurichi district,581,771215
tamil-nadu,2024,4,vellore district,1626,2410133
telangana,2020,2,narayanpet district,21,4626
telangana,2020,2,nalgonda district,335,71500
telangana,2020,2,jangaon district,101,22256
telangana,2020,2,bhadradri kothagudem district,180,38966
telangana,2020,2,warangal rural district,100,20821
telangana,2020,2,kumuram bheem asifabad district,46,9879
telangana,2020,2,nizamabad district,379,73253
telangana,2020,2,adilabad district,44,9191
telangana,2020,2,rajanna sircilla district,92,19833
telangana,2020,2,nagarkurnool district,102,21605
telangana,2020,2,peddapalle district,213,44319
telangana,2020,2,nirmal district,70,14299
telangana,2020,2,mahabubabad district,113,23167
telangana,2020,2,sangareddy district,712,134962
telangana,2020,2,wanaparthy district,61,14337
telangana,2020,2,vikarabad district,78,17263
telangana,2020,2,jagtial district,116,26068
telangana,2020,2,yadadri bhuvanagiri district,132,27809
telangana,2020,2,medak district,77,16071
telangana,2020,2,mahbubnagar district,148,28077
telangana,2020,2,jaya shankar bhalupally district,55,12593
telangana,2020,2,warangal urban district,786,147920
telangana,2020,2,rangareddy district,4495,778492
telangana,2020,2,hyderabad district,4783,805518
telangana,2020,2,suryapet district,183,36435
telangana,2020,2,jogulamba gadwal district,91,19239
telangana,2020,2,kamareddy district,144,30475
telangana,2020,2,mulugu district,26,6723
telangana,2020,2,medchal malkajgiri district,4150,711890
telangana,2020,2,karimnagar district,410,78638
telangana,2020,2,mancherial district,220,42506
telangana,2020,2,siddipet district,206,41839
telangana,2020,2,khammam district,334,68883
telangana,2020,3,narayanpet district,149,32049
telangana,2020,3,nalgonda district,1035,269617
telangana,2020,3,jangaon district,273,60575
telangana,2020,3,bhadradri kothagudem district,816,217549
telangana,2020,3,warangal rural district,370,94002
telangana,2020,3,kumuram bheem asifabad district,142,38117
telangana,2020,3,nizamabad district,857,243682
telangana,2020,3,adilabad district,241,53855
telangana,2020,3,rajanna sircilla district,185,59989
telangana,2020,3,nagarkurnool district,293,73011
telangana,2020,3,peddapalle district,609,170114
telangana,2020,3,nirmal district,266,72468
telangana,2020,3,mahabubabad district,342,86451
telangana,2020,3,sangareddy district,1442,363881
telangana,2020,3,wanaparthy district,205,52693
telangana,2020,3,vikarabad district,290,69322
telangana,2020,3,jagtial district,490,139624
telangana,2020,3,yadadri bhuvanagiri district,316,72815
telangana,2020,3,medak district,252,67248
telangana,2020,3,mahbubnagar district,525,130393
telangana,2020,3,jaya shankar bhalupally district,206,52742
telangana,2020,3,warangal urban district,1612,385281
telangana,2020,3,rangareddy district,6340,1509162
telangana,2020,3,hyderabad district,6331,1397580
telangana,2020,3,suryapet district,639,153796
telangana,2020,3,jogulamba gadwal district,221,54595
telangana,2020,3,kamareddy district,457,118381
telangana,2020,3,mulugu district,107,27634
telangana,2020,3,medchal malkajgiri district,5929,1415970
telangana,2020,3,karimnagar district,1157,313760
telangana,2020,3,mancherial district,531,142803
telangana,2020,3,siddipet district,541,149772
telangana,2020,3,khammam district,1226,317612
telangana,2020,4,narayanpet district,74,22761
telangana,2020,4,nalgonda district,834,464673
telangana,2020,4,jangaon district,159,73054
telangana,2020,4,bhadradri kothagudem district,597,290516
telangana,2020,4,warangal rural district,257,110578
telangana,2020,4,kumuram bheem asifabad district,107,49848
telangana,2020,4,nizamabad district,491,256473
telangana,2020,4,adilabad district,174,70112
telangana,2020,4,rajanna sircilla district,172,61230
telangana,2020,4,nagarkurnool district,175,71716
telangana,2020,4,peddapalle district,408,194179
telangana,2020,4,nirmal district,209,98114
telangana,2020,4,mahabubabad district,204,104128
telangana,2020,4,sangareddy district,797,507751
telangana,2020,4,wanaparthy district,126,51086
telangana,2020,4,vikarabad district,161,76221
telangana,2020,4,jagtial district,296,145110
telangana,2020,4,yadadri bhuvanagiri district,254,152909
telangana,2020,4,medak district,198,120566
telangana,2020,4,mahbubnagar district,292,152298
telangana,2020,4,jaya shankar bhalupally district,151,71066
telangana,2020,4,warangal urban district,1030,522488
telangana,2020,4,rangareddy district,3486,2124943
telangana,2020,4,hyderabad district,3682,1892565
telangana,2020,4,suryapet district,445,211438
telangana,2020,4,jogulamba gadwal district,136,42936
telangana,2020,4,kamareddy district,299,131614
telangana,2020,4,mulugu district,84,34417
telangana,2020,4,medchal malkajgiri district,3298,2034226
telangana,2020,4,karimnagar district,649,307932
telangana,2020,4,mancherial district,515,274989
telangana,2020,4,siddipet district,387,175621
telangana,2020,4,khammam district,814,441541
telangana,2021,1,narayanpet district,127,63895
telangana,2021,1,nalgonda district,1034,573172
telangana,2021,1,jangaon district,248,96090
telangana,2021,1,bhadradri kothagudem district,685,366242
telangana,2021,1,warangal rural district,371,163692
telangana,2021,1,kumuram bheem asifabad district,159,95708
telangana,2021,1,nizamabad district,749,330191
telangana,2021,1,adilabad district,246,148265
telangana,2021,1,rajanna sircilla district,240,105084
telangana,2021,1,nagarkurnool district,326,134952
telangana,2021,1,peddapalle district,494,245348
telangana,2021,1,nirmal district,218,150091
telangana,2021,1,mahabubabad district,364,180196
telangana,2021,1,sangareddy district,1250,790111
telangana,2021,1,wanaparthy district,164,59414
telangana,2021,1,vikarabad district,250,122209
telangana,2021,1,jagtial district,415,220693
telangana,2021,1,yadadri bhuvanagiri district,363,166973
telangana,2021,1,medak district,289,124967
telangana,2021,1,mahbubnagar district,385,174800
telangana,2021,1,jaya shankar bhalupally district,210,86316
telangana,2021,1,warangal urban district,1333,701830
telangana,2021,1,rangareddy district,4821,2864273
telangana,2021,1,hyderabad district,5067,2446647
telangana,2021,1,suryapet district,524,260363
telangana,2021,1,jogulamba gadwal district,159,49017
telangana,2021,1,kamareddy district,417,172478
telangana,2021,1,mulugu district,145,80147
telangana,2021,1,medchal malkajgiri district,4375,2393448
telangana,2021,1,karimnagar district,960,472977
telangana,2021,1,mancherial district,521,264371
telangana,2021,1,siddipet district,483,246629
telangana,2021,1,khammam district,906,460358
telangana,2021,2,narayanpet district,95,42077
telangana,2021,2,nalgonda district,834,548380
telangana,2021,2,jangaon district,172,137871
telangana,2021,2,bhadradri kothagudem district,639,529480
telangana,2021,2,warangal rural district,273,153426
telangana,2021,2,kumuram bheem asifabad district,126,90201
telangana,2021,2,nizamabad district,760,463775
telangana,2021,2,adilabad district,203,118691
telangana,2021,2,rajanna sircilla district,248,152233
telangana,2021,2,nagarkurnool district,217,172498
telangana,2021,2,peddapalle district,435,258873
telangana,2021,2,nirmal district,361,308414
telangana,2021,2,mahabubabad district,221,132191
telangana,2021,2,sangareddy district,1264,979882
telangana,2021,2,wanaparthy district,124,134246
telangana,2021,2,vikarabad district,176,147059
telangana,2021,2,jagtial district,378,320580
telangana,2021,2,yadadri bhuvanagiri district,294,176127
telangana,2021,2,medak district,177,101561
telangana,2021,2,mahbubnagar district,335,244463
telangana,2021,2,jaya shankar bhalupally district,132,94871
telangana,2021,2,warangal urban district,1267,944761
telangana,2021,2,rangareddy district,5618,4515303
telangana,2021,2,hyderabad district,5616,3945773
telangana,2021,2,suryapet district,513,355356
telangana,2021,2,jogulamba gadwal district,179,109914
telangana,2021,2,kamareddy district,345,225336
telangana,2021,2,mulugu district,85,80917
telangana,2021,2,medchal malkajgiri district,5094,3743459
telangana,2021,2,karimnagar district,786,446639
telangana,2021,2,mancherial district,535,384223
telangana,2021,2,siddipet district,422,310232
telangana,2021,2,khammam district,946,566839
telangana,2021,3,narayanpet district,70,81688
telangana,2021,3,nalgonda district,822,627098
telangana,2021,3,jangaon district,167,126594
telangana,2021,3,bhadradri kothagudem district,538,391835
telangana,2021,3,warangal rural district,271,221048
telangana,2021,3,kumuram bheem asifabad district,102,81939
telangana,2021,3,nizamabad district,545,423866
telangana,2021,3,adilabad district,218,220848
telangana,2021,3,rajanna sircilla district,195,122961
telangana,2021,3,nagarkurnool district,216,147783
telangana,2021,3,peddapalle district,478,312108
telangana,2021,3,nirmal district,315,274664
telangana,2021,3,mahabubabad district,211,140779
telangana,2021,3,sangareddy district,1257,1064357
telangana,2021,3,wanaparthy district,151,137536
telangana,2021,3,vikarabad district,222,161543
telangana,2021,3,jagtial district,326,318612
telangana,2021,3,yadadri bhuvanagiri district,398,314804
telangana,2021,3,medak district,216,150441
telangana,2021,3,mahbubnagar district,295,239626
telangana,2021,3,jaya shankar bhalupally district,136,100024
telangana,2021,3,warangal urban district,1340,967149
telangana,2021,3,rangareddy district,5064,4209112
telangana,2021,3,hyderabad district,5201,3813732
telangana,2021,3,suryapet district,430,280653
telangana,2021,3,jogulamba gadwal district,119,69084
telangana,2021,3,kamareddy district,305,211358
telangana,2021,3,mulugu district,95,75266
telangana,2021,3,medchal malkajgiri district,4896,3968450
telangana,2021,3,karimnagar district,760,418556
telangana,2021,3,mancherial district,539,413727
telangana,2021,3,siddipet district,400,301496
telangana,2021,3,khammam district,782,536480
telangana,2021,4,narayanpet district,83,74848
telangana,2021,4,nalgonda district,631,888187
telangana,2021,4,jangaon district,313,351017
telangana,2021,4,bhadradri kothagudem district,840,953767
telangana,2021,4,warangal rural district,366,390215
telangana,2021,4,kumuram bheem asifabad district,180,197254
telangana,2021,4,nizamabad district,666,714224
telangana,2021,4,adilabad district,220,195452
telangana,2021,4,rajanna sircilla district,223,246999
telangana,2021,4,nagarkurnool district,227,264535
telangana,2021,4,peddapalle district,666,805934
telangana,2021,4,nirmal district,328,366030
telangana,2021,4,mahabubabad district,335,300454
telangana,2021,4,sangareddy district,1219,1921406
telangana,2021,4,wanaparthy district,157,126321
telangana,2021,4,vikarabad district,277,241693
telangana,2021,4,jagtial district,537,649577
telangana,2021,4,yadadri bhuvanagiri district,176,276107
telangana,2021,4,medak district,149,255333
telangana,2021,4,mahbubnagar district,334,387296
telangana,2021,4,jaya shankar bhalupally district,171,216354
telangana,2021,4,warangal urban district,2289,2254395
telangana,2021,4,rangareddy district,6835,7932450
telangana,2021,4,hyderabad district,7016,7001072
telangana,2021,4,suryapet district,402,563471
telangana,2021,4,jogulamba gadwal district,128,135778
telangana,2021,4,kamareddy district,305,263050
telangana,2021,4,mulugu district,105,105497
telangana,2021,4,medchal malkajgiri district,6553,7341035
telangana,2021,4,karimnagar district,962,970635
telangana,2021,4,mancherial district,814,909975
telangana,2021,4,siddipet district,287,385987
telangana,2021,4,khammam district,1054,1159144
telangana,2022,1,narayanpet district,78,127136
telangana,2022,1,nalgonda district,902,1364965
telangana,2022,1,jangaon district,251,388422
telangana,2022,1,bhadradri kothagudem district,809,1305086
telangana,2022,1,warangal rural district,274,328568
telangana,2022,1,kumuram bheem asifabad district,155,217297
telangana,2022,1,nizamabad district,576,741988
telangana,2022,1,adilabad district,193,313722
telangana,2022,1,rajanna sircilla district,266,353729
telangana,2022,1,nagarkurnool district,200,259048
telangana,2022,1,peddapalle district,689,897453
telangana,2022,1,nirmal district,341,463435
telangana,2022,1,mahabubabad district,282,361180
telangana,2022,1,sangareddy district,1654,2731166
telangana,2022,1,wanaparthy district,130,161577
telangana,2022,1,vikarabad district,214,366517
telangana,2022,1,jagtial district,431,663456
telangana,2022,1,yadadri bhuvanagiri district,325,573830
telangana,2022,1,medak district,185,300612
telangana,2022,1,mahbubnagar district,310,462775
telangana,2022,1,jaya shankar bhalupally district,167,237123
telangana,2022,1,warangal urban district,1844,2603848
telangana,2022,1,rangareddy district,7261,10851640
telangana,2022,1,hyderabad district,7434,9813417
telangana,2022,1,suryapet district,457,688118
telangana,2022,1,jogulamba gadwal district,172,163792
telangana,2022,1,kamareddy district,312,440040
telangana,2022,1,mulugu district,98,152257
telangana,2022,1,medchal malkajgiri district,7300,10383529
telangana,2022,1,karimnagar district,949,1122703
telangana,2022,1,mancherial district,860,1294290
telangana,2022,1,siddipet district,345,490257
telangana,2022,1,khammam district,861,1319040
telangana,2022,2,narayanpet district,120,154731
telangana,2022,2,nalgonda district,1156,1581874
telangana,2022,2,jangaon district,244,356782
telangana,2022,2,bhadradri kothagudem district,1097,1306578
telangana,2022,2,warangal rural district,267,372810
telangana,2022,2,kumuram bheem asifabad district,154,190179
telangana,2022,2,nizamabad district,657,885412
telangana,2022,2,adilabad district,222,337731
telangana,2022,2,rajanna sircilla district,290,388788
telangana,2022,2,nagarkurnool district,222,278135
telangana,2022,2,peddapalle district,672,887190
telangana,2022,2,nirmal district,410,486392
telangana,2022,2,mahabubabad district,258,306058
telangana,2022,2,sangareddy district,2309,2962591
telangana,2022,2,wanaparthy district,117,132278
telangana,2022,2,vikarabad district,232,448438
telangana,2022,2,jagtial district,487,652747
telangana,2022,2,yadadri bhuvanagiri district,411,605090
telangana,2022,2,medak district,345,520585
telangana,2022,2,mahbubnagar district,356,547272
telangana,2022,2,jaya shankar bhalupally district,177,289275
telangana,2022,2,warangal urban district,2042,2140645
telangana,2022,2,rangareddy district,10065,13653367
telangana,2022,2,hyderabad district,9542,11365866
telangana,2022,2,suryapet district,633,770066
telangana,2022,2,jogulamba gadwal district,207,154989
telangana,2022,2,kamareddy district,406,473238
telangana,2022,2,mulugu district,87,118215
telangana,2022,2,medchal malkajgiri district,8919,11248856
telangana,2022,2,karimnagar district,1191,1432900
telangana,2022,2,mancherial district,774,1007355
telangana,2022,2,siddipet district,501,745153
telangana,2022,2,khammam district,1030,1255370
telangana,2022,3,narayanpet district,106,143266
telangana,2022,3,nalgonda district,1410,1593165
telangana,2022,3,jangaon district,272,350492
telangana,2022,3,bhadradri kothagudem district,1180,1626914
telangana,2022,3,warangal rural district,341,417219
telangana,2022,3,kumuram bheem asifabad district,201,268240
telangana,2022,3,nizamabad district,674,891645
telangana,2022,3,adilabad district,305,334983
telangana,2022,3,rajanna sircilla district,216,308972
telangana,2022,3,nagarkurnool district,267,334468
telangana,2022,3,peddapalle district,897,1031748
telangana,2022,3,nirmal district,370,453892
telangana,2022,3,mahabubabad district,282,388652
telangana,2022,3,sangareddy district,2789,3682903
telangana,2022,3,wanaparthy district,196,218305
telangana,2022,3,vikarabad district,277,454769
telangana,2022,3,jagtial district,524,661617
telangana,2022,3,yadadri bhuvanagiri district,470,677654
telangana,2022,3,medak district,393,551147
telangana,2022,3,mahbubnagar district,385,597948
telangana,2022,3,jaya shankar bhalupally district,176,249083
telangana,2022,3,warangal urban district,2301,2550693
telangana,2022,3,rangareddy district,11801,15523643
telangana,2022,3,hyderabad district,10560,12374531
telangana,2022,3,suryapet district,698,879300
telangana,2022,3,jogulamba gadwal district,265,235858
telangana,2022,3,kamareddy district,342,424333
telangana,2022,3,mulugu district,135,145096
telangana,2022,3,medchal malkajgiri district,10158,12806190
telangana,2022,3,karimnagar district,1050,1412025
telangana,2022,3,mancherial district,830,994458
telangana,2022,3,siddipet district,498,826154
telangana,2022,3,khammam district,1096,1388763
telangana,2022,4,narayanpet district,101,163994
telangana,2022,4,nalgonda district,1431,1845429
telangana,2022,4,jangaon district,396,538286
telangana,2022,4,bhadradri kothagudem district,1592,2285868
telangana,2022,4,warangal rural district,461,563364
telangana,2022,4,kumuram bheem asifabad district,308,433157
telangana,2022,4,nizamabad district,952,1334576
telangana,2022,4,adilabad district,360,428263
telangana,2022,4,rajanna sircilla district,364,431074
telangana,2022,4,nagarkurnool district,343,501913
telangana,2022,4,peddapalle district,1399,1878146
telangana,2022,4,nirmal district,500,728986
telangana,2022,4,mahabubabad district,349,443660
telangana,2022,4,sangareddy district,3439,4978596
telangana,2022,4,wanaparthy district,162,143898
telangana,2022,4,vikarabad district,297,524287
telangana,2022,4,jagtial district,655,932846
telangana,2022,4,yadadri bhuvanagiri district,526,854500
telangana,2022,4,medak district,402,499547
telangana,2022,4,mahbubnagar district,522,794303
telangana,2022,4,jaya shankar bhalupally district,208,363319
telangana,2022,4,warangal urban district,3013,3748304
telangana,2022,4,rangareddy district,15005,21565381
telangana,2022,4,hyderabad district,12819,15945642
telangana,2022,4,suryapet district,839,1165725
telangana,2022,4,jogulamba gadwal district,194,273435
telangana,2022,4,kamareddy district,465,499662
telangana,2022,4,mulugu district,132,202784
telangana,2022,4,medchal malkajgiri district,12852,17986714
telangana,2022,4,karimnagar district,1283,1902354
telangana,2022,4,mancherial district,1257,1638180
telangana,2022,4,siddipet district,681,1040086
telangana,2022,4,khammam district,1348,1907848
telangana,2023,1,narayanpet district,71,112389
telangana,2023,1,nalgonda district,1236,1952099
telangana,2023,1,jangaon district,296,462395
telangana,2023,1,bhadradri kothagudem district,1128,1801388
telangana,2023,1,warangal rural district,339,538687
telangana,2023,1,kumuram bheem asifabad district,235,369621
telangana,2023,1,nizamabad district,607,937537
telangana,2023,1,adilabad district,258,428973
telangana,2023,1,rajanna sircilla district,317,472145
telangana,2023,1,nagarkurnool district,173,293037
telangana,2023,1,peddapalle district,1068,1657846
telangana,2023,1,nirmal district,399,597090
telangana,2023,1,mahabubabad district,262,381506
telangana,2023,1,sangareddy district,3015,4745090
telangana,2023,1,wanaparthy district,132,204850
telangana,2023,1,vikarabad district,225,486971
telangana,2023,1,jagtial district,575,828229
telangana,2023,1,yadadri bhuvanagiri district,466,809460
telangana,2023,1,medak district,285,547411
telangana,2023,1,mahbubnagar district,456,832789
telangana,2023,1,jaya shankar bhalupally district,176,371219
telangana,2023,1,warangal urban district,2312,3203776
telangana,2023,1,rangareddy district,13622,21152107
telangana,2023,1,hyderabad district,10418,14820277
telangana,2023,1,suryapet district,726,1270631
telangana,2023,1,jogulamba gadwal district,144,193475
telangana,2023,1,kamareddy district,400,565145
telangana,2023,1,mulugu district,103,195190
telangana,2023,1,medchal malkajgiri district,11454,16935012
telangana,2023,1,karimnagar district,1139,1741178
telangana,2023,1,mancherial district,889,1290899
telangana,2023,1,siddipet district,490,764713
telangana,2023,1,khammam district,1092,1715072
telangana,2023,2,narayanpet district,91,141772
telangana,2023,2,nalgonda district,1238,1675694
telangana,2023,2,jangaon district,280,437659
telangana,2023,2,bhadradri kothagudem district,1151,1627129
telangana,2023,2,warangal rural district,283,464515
telangana,2023,2,kumuram bheem asifabad district,182,226277
telangana,2023,2,nizamabad district,796,1274403
telangana,2023,2,adilabad district,195,291429
telangana,2023,2,rajanna sircilla district,323,483394
telangana,2023,2,nagarkurnool district,249,331514
telangana,2023,2,peddapalle district,775,1102721
telangana,2023,2,nirmal district,419,596374
telangana,2023,2,mahabubabad district,238,268173
telangana,2023,2,sangareddy district,2919,4750595
telangana,2023,2,wanaparthy district,143,240344
telangana,2023,2,vikarabad district,238,389423
telangana,2023,2,jagtial district,477,721688
telangana,2023,2,yadadri bhuvanagiri district,455,682580
telangana,2023,2,medak district,332,516222
telangana,2023,2,mahbubnagar district,435,864891
telangana,2023,2,jaya shankar bhalupally district,193,307517
telangana,2023,2,warangal urban district,2155,2533869
telangana,2023,2,rangareddy district,13998,20753771
telangana,2023,2,hyderabad district,10818,14610195
telangana,2023,2,suryapet district,622,862244
telangana,2023,2,jogulamba gadwal district,248,285558
telangana,2023,2,kamareddy district,379,406171
telangana,2023,2,mulugu district,75,125347
telangana,2023,2,medchal malkajgiri district,11833,17077694
telangana,2023,2,karimnagar district,1074,1547293
telangana,2023,2,mancherial district,980,1356480
telangana,2023,2,siddipet district,547,830916
telangana,2023,2,khammam district,977,1455116
telangana,2023,3,narayanpet district,97,128854
telangana,2023,3,nalgonda district,1531,1957682
telangana,2023,3,jangaon district,274,432325
telangana,2023,3,bhadradri kothagudem district,1189,1750083
telangana,2023,3,warangal rural district,340,469534
telangana,2023,3,kumuram bheem asifabad district,230,293880
telangana,2023,3,nizamabad district,855,1137830
telangana,2023,3,adilabad district,259,470308
telangana,2023,3,rajanna sircilla district,387,509607
telangana,2023,3,nagarkurnool district,291,400349
telangana,2023,3,peddapalle district,937,1375183
telangana,2023,3,nirmal district,431,599949
telangana,2023,3,mahabubabad district,287,354564
telangana,2023,3,sangareddy district,3242,4802022
telangana,2023,3,wanaparthy district,128,179701
telangana,2023,3,vikarabad district,321,574883
telangana,2023,3,jagtial district,551,769532
telangana,2023,3,yadadri bhuvanagiri district,579,852113
telangana,2023,3,medak district,368,511818
telangana,2023,3,mahbubnagar district,506,737664
telangana,2023,3,jaya shankar bhalupally district,205,314054
telangana,2023,3,warangal urban district,2253,2961157
telangana,2023,3,rangareddy district,16236,23374057
telangana,2023,3,hyderabad district,11568,14426420
telangana,2023,3,suryapet district,765,1058466
telangana,2023,3,jogulamba gadwal district,356,324692
telangana,2023,3,kamareddy district,410,627083
telangana,2023,3,mulugu district,124,156396
telangana,2023,3,medchal malkajgiri district,13044,17698951
telangana,2023,3,karimnagar district,1066,1423910
telangana,2023,3,mancherial district,898,1202717
telangana,2023,3,siddipet district,630,867576
telangana,2023,3,khammam district,1165,1654105
telangana,2023,4,narayanpet district,121,210456
telangana,2023,4,nalgonda district,1399,2410148
telangana,2023,4,jangaon district,395,663118
telangana,2023,4,bhadradri kothagudem district,1224,2079214
telangana,2023,4,warangal rural district,363,537220
telangana,2023,4,kumuram bheem asifabad district,219,362453
telangana,2023,4,nizamabad district,795,1466606
telangana,2023,4,adilabad district,279,450286
telangana,2023,4,rajanna sircilla district,384,602526
telangana,2023,4,nagarkurnool district,318,493700
telangana,2023,4,peddapalle district,1120,1681028
telangana,2023,4,nirmal district,383,560140
telangana,2023,4,mahabubabad district,278,356599
telangana,2023,4,sangareddy district,3604,6270437
telangana,2023,4,wanaparthy district,136,227299
telangana,2023,4,vikarabad district,380,724448
telangana,2023,4,jagtial district,602,978037
telangana,2023,4,yadadri bhuvanagiri district,551,936834
telangana,2023,4,medak district,393,643056
telangana,2023,4,mahbubnagar district,519,929037
telangana,2023,4,jaya shankar bhalupally district,263,400763
telangana,2023,4,warangal urban district,2698,3941935
telangana,2023,4,rangareddy district,16541,29175361
telangana,2023,4,hyderabad district,12099,18060782
telangana,2023,4,suryapet district,691,1118769
telangana,2023,4,jogulamba gadwal district,344,365129
telangana,2023,4,kamareddy district,462,666324
telangana,2023,4,mulugu district,132,195602
telangana,2023,4,medchal malkajgiri district,13254,22372378
telangana,2023,4,karimnagar district,1269,2100573
telangana,2023,4,mancherial district,1056,1648956
telangana,2023,4,siddipet district,578,1090431
telangana,2023,4,khammam district,1143,1885877
telangana,2024,1,narayanpet district,180,232414
telangana,2024,1,nalgonda district,1761,2405921
telangana,2024,1,jangaon district,358,612009
telangana,2024,1,bhadradri kothagudem district,1519,2237078
telangana,2024,1,warangal rural district,401,436454
telangana,2024,1,kumuram bheem asifabad district,339,379412
telangana,2024,1,nizamabad district,952,1345940
telangana,2024,1,adilabad district,295,438567
telangana,2024,1,rajanna sircilla district,488,548363
telangana,2024,1,nagarkurnool district,369,389651
telangana,2024,1,peddapalle district,1234,1767293
telangana,2024,1,nirmal district,470,695111
telangana,2024,1,mahabubabad district,381,431631
telangana,2024,1,sangareddy district,3929,5817730
telangana,2024,1,wanaparthy district,215,308143
telangana,2024,1,vikarabad district,429,663275
telangana,2024,1,jagtial district,750,1120664
telangana,2024,1,yadadri bhuvanagiri district,675,978018
telangana,2024,1,medak district,490,616983
telangana,2024,1,mahbubnagar district,635,1098607
telangana,2024,1,jaya shankar bhalupally district,351,531801
telangana,2024,1,warangal urban district,2456,3587490
telangana,2024,1,rangareddy district,16320,28043767
telangana,2024,1,hyderabad district,11966,18583125
telangana,2024,1,suryapet district,1082,1516959
telangana,2024,1,jogulamba gadwal district,357,424099
telangana,2024,1,kamareddy district,604,677264
telangana,2024,1,mulugu district,172,229765
telangana,2024,1,medchal malkajgiri district,13170,22159517
telangana,2024,1,karimnagar district,1422,2147320
telangana,2024,1,mancherial district,1273,1841154
telangana,2024,1,siddipet district,841,1243875
telangana,2024,1,khammam district,1504,2098139
telangana,2024,2,narayanpet district,137,186688
telangana,2024,2,nalgonda district,1286,1768007
telangana,2024,2,jangaon district,292,475958
telangana,2024,2,bhadradri kothagudem district,1124,1799362
telangana,2024,2,warangal rural district,316,384201
telangana,2024,2,kumuram bheem asifabad district,220,299806
telangana,2024,2,nizamabad district,947,1490940
telangana,2024,2,adilabad district,259,351845
telangana,2024,2,rajanna sircilla district,375,520156
telangana,2024,2,nagarkurnool district,332,517645
telangana,2024,2,peddapalle district,952,1415880
telangana,2024,2,nirmal district,394,503616
telangana,2024,2,mahabubabad district,331,393058
telangana,2024,2,sangareddy district,3410,6286518
telangana,2024,2,wanaparthy district,159,258493
telangana,2024,2,vikarabad district,351,536585
telangana,2024,2,jagtial district,618,1031067
telangana,2024,2,yadadri bhuvanagiri district,593,965607
telangana,2024,2,medak district,373,512199
telangana,2024,2,mahbubnagar district,523,967826
telangana,2024,2,jaya shankar bhalupally district,261,402222
telangana,2024,2,warangal urban district,1981,3125808
telangana,2024,2,rangareddy district,14737,27179956
telangana,2024,2,hyderabad district,10273,16680628
telangana,2024,2,suryapet district,767,1116164
telangana,2024,2,jogulamba gadwal district,208,302748
telangana,2024,2,kamareddy district,479,697362
telangana,2024,2,mulugu district,126,170576
telangana,2024,2,medchal malkajgiri district,11218,19700267
telangana,2024,2,karimnagar district,1091,1614647
telangana,2024,2,mancherial district,959,1318494
telangana,2024,2,siddipet district,700,1094174
telangana,2024,2,khammam district,1149,1968801
telangana,2024,3,narayanpet district,137,230604
telangana,2024,3,nalgonda district,1676,2460859
telangana,2024,3,jangaon district,310,563823
telangana,2024,3,bhadradri kothagudem district,1317,2047712
telangana,2024,3,kumuram bheem asifabad district,285,421677
telangana,2024,3,nizamabad district,1245,2063413
telangana,2024,3,adilabad district,265,471637
telangana,2024,3,rajanna sircilla district,463,717790
telangana,2024,3,nagarkurnool district,233,461065
telangana,2024,3,nirmal district,398,590652
telangana,2024,3,mahabubabad district,338,480927
telangana,2024,3,sangareddy district,3650,6867539
telangana,2024,3,wanaparthy district,137,272508
telangana,2024,3,vikarabad district,332,731695
telangana,2024,3,jagtial district,675,1171334
telangana,2024,3,warangal district,1199,1598115
telangana,2024,3,yadadri bhuvanagiri district,674,1102027
telangana,2024,3,medak district,425,671199
telangana,2024,3,jayashankar bhupalpally district,301,546221
telangana,2024,3,warangal urban district,1,1647
telangana,2024,3,rangareddy district,15791,29402130
telangana,2024,3,hyderabad district,11059,18340858
telangana,2024,3,suryapet district,910,1264249
telangana,2024,3,jogulamba gadwal district,156,292413
telangana,2024,3,peddapalli district,1152,1942735
telangana,2024,3,kamareddy district,533,822617
telangana,2024,3,mulugu district,123,219453
telangana,2024,3,medchal malkajgiri district,13882,23616761
telangana,2024,3,karimnagar district,1349,2270276
telangana,2024,3,mancherial district,1196,1646233
telangana,2024,3,siddipet district,774,1274598
telangana,2024,3,mahabubnagar district,535,1146199
telangana,2024,3,khammam district,1395,2122048
telangana,2024,3,hanumakonda district,1957,2882250
telangana,2024,4,narayanpet district,195,318848
telangana,2024,4,nalgonda district,2062,2721753
telangana,2024,4,jangaon district,408,676586
telangana,2024,4,bhadradri kothagudem district,1585,2225897
telangana,2024,4,kumuram bheem asifabad district,312,469715
telangana,2024,4,nizamabad district,1409,2088199
telangana,2024,4,adilabad district,412,450032
telangana,2024,4,rajanna sircilla district,520,735291
telangana,2024,4,nagarkurnool district,366,545084
telangana,2024,4,nirmal district,557,717699
telangana,2024,4,mahabubabad district,511,697387
telangana,2024,4,sangareddy district,4430,7699707
telangana,2024,4,wanaparthy district,237,427342
telangana,2024,4,vikarabad district,389,648472
telangana,2024,4,jagtial district,833,1168286
telangana,2024,4,warangal district,1454,1776043
telangana,2024,4,yadadri bhuvanagiri district,808,1116013
telangana,2024,4,medak district,572,727114
telangana,2024,4,jayashankar bhupalpally district,361,608921
telangana,2024,4,rangareddy district,18678,32749841
telangana,2024,4,hyderabad district,13218,20197399
telangana,2024,4,suryapet district,1127,1545074
telangana,2024,4,jogulamba gadwal district,233,342766
telangana,2024,4,peddapalli district,1508,2185349
telangana,2024,4,kamareddy district,734,928109
telangana,2024,4,mulugu district,160,217634
telangana,2024,4,medchal malkajgiri district,16649,27751990
telangana,2024,4,karimnagar district,1611,2425786
telangana,2024,4,mancherial district,1507,2152891
telangana,2024,4,siddipet district,933,1333897
telangana,2024,4,mahabubnagar district,745,1180786
telangana,2024,4,khammam district,1694,2271424
telangana,2024,4,hanumakonda district,2280,3654284
tripura,2020,2,unakoti district,5,1284
tripura,2020,2,khowai district,3,739
tripura,2020,2,sepahijala district,6,1632
tripura,2020,2,north tripura district,9,2454
tripura,2020,2,dhalai district,3,755
tripura,2020,2,south tripura district,4,975
tripura,2020,2,gomati district,12,2569
tripura,2020,2,west tripura district,46,11646
tripura,2020,3,unakoti district,13,3504
tripura,2020,3,khowai district,8,1711
tripura,2020,3,sepahijala district,24,5870
tripura,2020,3,north tripura district,28,6036
tripura,2020,3,dhalai district,17,3839
tripura,2020,3,south tripura district,20,3983
tripura,2020,3,gomati district,22,5502
tripura,2020,3,west tripura district,117,31197
tripura,2020,4,unakoti district,13,13964
tripura,2020,4,khowai district,16,4906
tripura,2020,4,sepahijala district,19,14752
tripura,2020,4,north tripura district,24,19954
tripura,2020,4,dhalai district,17,6473
tripura,2020,4,south tripura district,17,11719
tripura,2020,4,gomati district,16,6617
tripura,2020,4,west tripura district,122,71380
tripura,2021,1,unakoti district,23,4441
tripura,2021,1,khowai district,16,8611
tripura,2021,1,sepahijala district,32,9568
tripura,2021,1,north tripura district,41,36055
tripura,2021,1,dhalai district,31,12709
tripura,2021,1,south tripura district,34,14949
tripura,2021,1,gomati district,17,8301
tripura,2021,1,west tripura district,166,96897
tripura,2021,2,unakoti district,27,26303
tripura,2021,2,khowai district,16,16628
tripura,2021,2,sepahijala district,18,36606
tripura,2021,2,north tripura district,54,39590
tripura,2021,2,dhalai district,28,30670
tripura,2021,2,south tripura district,27,37748
tripura,2021,2,gomati district,23,13885
tripura,2021,2,west tripura district,188,208504
tripura,2021,3,unakoti district,15,30218
tripura,2021,3,khowai district,21,36254
tripura,2021,3,sepahijala district,34,51581
tripura,2021,3,north tripura district,27,41664
tripura,2021,3,dhalai district,22,33486
tripura,2021,3,south tripura district,29,44423
tripura,2021,3,gomati district,50,55267
tripura,2021,3,west tripura district,296,357068
tripura,2021,4,unakoti district,33,54906
tripura,2021,4,khowai district,38,53306
tripura,2021,4,sepahijala district,47,68140
tripura,2021,4,north tripura district,61,93388
tripura,2021,4,dhalai district,42,71198
tripura,2021,4,south tripura district,73,109246
tripura,2021,4,gomati district,81,109520
tripura,2021,4,west tripura district,327,462804
tripura,2022,1,unakoti district,35,56635
tripura,2022,1,khowai district,48,104540
tripura,2022,1,sepahijala district,50,77987
tripura,2022,1,north tripura district,92,181157
tripura,2022,1,dhalai district,70,143221
tripura,2022,1,south tripura district,61,83758
tripura,2022,1,gomati district,82,156558
tripura,2022,1,west tripura district,469,689545
tripura,2022,2,unakoti district,40,63470
tripura,2022,2,khowai district,45,81110
tripura,2022,2,sepahijala district,93,181097
tripura,2022,2,north tripura district,72,124850
tripura,2022,2,dhalai district,68,144009
tripura,2022,2,south tripura district,59,80865
tripura,2022,2,gomati district,101,156478
tripura,2022,2,west tripura district,543,677226
tripura,2022,3,unakoti district,62,99811
tripura,2022,3,khowai district,50,72190
tripura,2022,3,sepahijala district,137,179117
tripura,2022,3,north tripura district,117,198035
tripura,2022,3,dhalai district,97,161415
tripura,2022,3,south tripura district,167,201355
tripura,2022,3,gomati district,137,183401
tripura,2022,3,west tripura district,823,1010660
tripura,2022,4,unakoti district,62,100689
tripura,2022,4,khowai district,78,103717
tripura,2022,4,sepahijala district,133,215653
tripura,2022,4,north tripura district,112,153587
tripura,2022,4,dhalai district,97,166204
tripura,2022,4,south tripura district,130,203072
tripura,2022,4,gomati district,150,215799
tripura,2022,4,west tripura district,746,953813
tripura,2023,1,unakoti district,106,161082
tripura,2023,1,khowai district,92,152904
tripura,2023,1,sepahijala district,134,212138
tripura,2023,1,north tripura district,135,193968
tripura,2023,1,dhalai district,109,221273
tripura,2023,1,south tripura district,128,190004
tripura,2023,1,gomati district,175,262221
tripura,2023,1,west tripura district,763,1011368
tripura,2023,2,unakoti district,70,133780
tripura,2023,2,khowai district,71,103014
tripura,2023,2,sepahijala district,142,207804
tripura,2023,2,north tripura district,142,206586
tripura,2023,2,dhalai district,76,107971
tripura,2023,2,south tripura district,107,151793
tripura,2023,2,gomati district,111,151902
tripura,2023,2,west tripura district,844,1100963
tripura,2023,3,unakoti district,112,177111
tripura,2023,3,khowai district,99,131370
tripura,2023,3,sepahijala district,147,233636
tripura,2023,3,north tripura district,187,321679
tripura,2023,3,dhalai district,129,213324
tripura,2023,3,south tripura district,159,224069
tripura,2023,3,gomati district,172,228798
tripura,2023,3,west tripura district,1066,1369406
tripura,2023,4,unakoti district,114,175180
tripura,2023,4,khowai district,104,171012
tripura,2023,4,sepahijala district,171,237095
tripura,2023,4,north tripura district,205,359902
tripura,2023,4,dhalai district,131,192442
tripura,2023,4,south tripura district,240,364619
tripura,2023,4,gomati district,203,285562
tripura,2023,4,west tripura district,1069,1383929
tripura,2024,1,unakoti district,176,240008
tripura,2024,1,khowai district,148,187211
tripura,2024,1,sepahijala district,203,250060
tripura,2024,1,north tripura district,283,424124
tripura,2024,1,dhalai district,208,277894
tripura,2024,1,south tripura district,269,336638
tripura,2024,1,gomati district,254,324301
tripura,2024,1,west tripura district,1096,1377332
tripura,2024,2,unakoti district,123,155465
tripura,2024,2,khowai district,103,124204
tripura,2024,2,sepahijala district,194,275546
tripura,2024,2,north tripura district,216,302017
tripura,2024,2,dhalai district,131,162686
tripura,2024,2,south tripura district,186,229715
tripura,2024,2,gomati district,174,208180
tripura,2024,2,west tripura district,1061,1411676
tripura,2024,3,unakoti district,143,215827
tripura,2024,3,khowai district,112,143695
tripura,2024,3,sepahijala district,166,222353
tripura,2024,3,north tripura district,211,301024
tripura,2024,3,dhalai district,169,266335
tripura,2024,3,south tripura district,200,257086
tripura,2024,3,gomati district,275,370141
tripura,2024,3,west tripura district,1240,1546882
tripura,2024,4,unakoti district,163,221772
tripura,2024,4,khowai district,169,253140
tripura,2024,4,sepahijala district,245,323004
tripura,2024,4,north tripura district,228,372645
tripura,2024,4,dhalai district,167,223777
tripura,2024,4,south tripura district,270,358394
tripura,2024,4,gomati district,278,370511
tripura,2024,4,west tripura district,1274,1642489
uttar-pradesh,2020,2,amethi district,52,10642
uttar-pradesh,2020,2,siddharthnagar district,33,8045
uttar-pradesh,2020,2,auraiya district,34,6857
uttar-pradesh,2020,2,sambhal district,37,7487
uttar-pradesh,2020,2,kanpur nagar district,503,96483
uttar-pradesh,2020,2,aligarh district,123,27391
uttar-pradesh,2020,2,mahoba district,21,3984
uttar-pradesh,2020,2,lucknow district,811,155822
uttar-pradesh,2020,2,sant kabeer nagar district,27,7192
uttar-pradesh,2020,2,hathras district,40,8660
uttar-pradesh,2020,2,budaun district,51,11074
uttar-pradesh,2020,2,moradabad district,85,17215
uttar-pradesh,2020,2,kushinagar district,43,9875
uttar-pradesh,2020,2,baghpat district,52,12253
uttar-pradesh,2020,2,shahjahanpur district,29,6377
uttar-pradesh,2020,2,muzaffarnagar district,97,19164
uttar-pradesh,2020,2,ambedkar nagar district,30,7938
uttar-pradesh,2020,2,bahraich district,28,6085
uttar-pradesh,2020,2,jalaun district,21,4595
uttar-pradesh,2020,2,rampur district,17,4378
uttar-pradesh,2020,2,ballia district,64,14675
uttar-pradesh,2020,2,shravasti district,5,1096
uttar-pradesh,2020,2,kasganj district,13,2916
uttar-pradesh,2020,2,varanasi district,299,60741
uttar-pradesh,2020,2,gautam buddha nagar district,2335,394994
uttar-pradesh,2020,2,basti district,47,10366
uttar-pradesh,2020,2,shamli district,33,6741
uttar-pradesh,2020,2,maharajganj district,28,7088
uttar-pradesh,2020,2,etawah district,27,6362
uttar-pradesh,2020,2,etah district,36,7334
uttar-pradesh,2020,2,banda district,18,4088
uttar-pradesh,2020,2,bijnor district,58,12870
uttar-pradesh,2020,2,hardoi district,44,9192
uttar-pradesh,2020,2,balrampur district,50,9650
uttar-pradesh,2020,2,amroha district,27,6430
uttar-pradesh,2020,2,pilibhit district,19,3985
uttar-pradesh,2020,2,mainpuri district,27,6163
uttar-pradesh,2020,2,kanpur dehat district,25,5344
uttar-pradesh,2020,2,jaunpur district,63,14570
uttar-pradesh,2020,2,kaushambi district,16,3731
uttar-pradesh,2020,2,hapur district,71,15056
uttar-pradesh,2020,2,hamirpur district,13,3290
uttar-pradesh,2020,2,meerut district,349,67016
uttar-pradesh,2020,2,mathura district,189,38741
uttar-pradesh,2020,2,chitrakoot district,5,1268
uttar-pradesh,2020,2,lalitpur district,8,2095
uttar-pradesh,2020,2,mau district,35,7942
uttar-pradesh,2020,2,mirzapur district,38,8649
uttar-pradesh,2020,2,bulandshahr district,115,26441
uttar-pradesh,2020,2,gonda district,36,8293
uttar-pradesh,2020,2,jhansi district,134,26928
uttar-pradesh,2020,2,chandauli district,37,7782
uttar-pradesh,2020,2,bhadohi district,23,4810
uttar-pradesh,2020,2,pratapgarh district,37,8335
uttar-pradesh,2020,2,saharanpur district,116,24417
uttar-pradesh,2020,2,bara banki district,57,11344
uttar-pradesh,2020,2,bareilly district,132,28321
uttar-pradesh,2020,2,sitapur district,27,6461
uttar-pradesh,2020,2,sultanpur district,31,7391
uttar-pradesh,2020,2,agra district,301,63087
uttar-pradesh,2020,2,fatehpur district,33,7576
uttar-pradesh,2020,2,rae bareli district,49,10694
uttar-pradesh,2020,2,firozabad district,72,14743
uttar-pradesh,2020,2,kheri district,33,7253
uttar-pradesh,2020,2,gorakhpur district,373,73816
uttar-pradesh,2020,2,unnao district,48,10039
uttar-pradesh,2020,2,prayagraj district,283,57156
uttar-pradesh,2020,2,sonbhadra district,38,8974
uttar-pradesh,2020,2,ghazipur district,59,13776
uttar-pradesh,2020,2,farrukhabad district,34,7315
uttar-pradesh,2020,2,kannauj district,37,7178
uttar-pradesh,2020,2,azamgarh district,76,17877
uttar-pradesh,2020,2,ayodhya district,41,10515
uttar-pradesh,2020,2,deoria district,66,13829
uttar-pradesh,2020,2,ghaziabad district,1520,264005
uttar-pradesh,2020,3,amethi district,98,28231
uttar-pradesh,2020,3,siddharthnagar district,109,23258
uttar-pradesh,2020,3,auraiya district,85,15310
uttar-pradesh,2020,3,sambhal district,67,15966
uttar-pradesh,2020,3,kanpur nagar district,999,244746
uttar-pradesh,2020,3,aligarh district,256,64221
uttar-pradesh,2020,3,mahoba district,65,15080
uttar-pradesh,2020,3,lucknow district,1629,426367
uttar-pradesh,2020,3,sant kabeer nagar district,84,21033
uttar-pradesh,2020,3,hathras district,71,18620
uttar-pradesh,2020,3,budaun district,165,42313
uttar-pradesh,2020,3,moradabad district,202,54469
uttar-pradesh,2020,3,kushinagar district,230,57476
uttar-pradesh,2020,3,baghpat district,107,27201
uttar-pradesh,2020,3,shahjahanpur district,118,29798
uttar-pradesh,2020,3,muzaffarnagar district,186,42785
uttar-pradesh,2020,3,ambedkar nagar district,101,22667
uttar-pradesh,2020,3,bahraich district,65,13661
uttar-pradesh,2020,3,jalaun district,89,15614
uttar-pradesh,2020,3,rampur district,83,18988
uttar-pradesh,2020,3,ballia district,198,45982
uttar-pradesh,2020,3,shravasti district,15,4545
uttar-pradesh,2020,3,kasganj district,58,10961
uttar-pradesh,2020,3,varanasi district,868,200279
uttar-pradesh,2020,3,gautam buddha nagar district,1969,502733
uttar-pradesh,2020,3,basti district,159,41665
uttar-pradesh,2020,3,shamli district,63,21405
uttar-pradesh,2020,3,maharajganj district,125,36585
uttar-pradesh,2020,3,etawah district,100,20821
uttar-pradesh,2020,3,etah district,97,22503
uttar-pradesh,2020,3,banda district,41,8440
uttar-pradesh,2020,3,bijnor district,180,48826
uttar-pradesh,2020,3,hardoi district,105,23396
uttar-pradesh,2020,3,balrampur district,42,8370
uttar-pradesh,2020,3,amroha district,112,25635
uttar-pradesh,2020,3,pilibhit district,55,11153
uttar-pradesh,2020,3,mainpuri district,58,14408
uttar-pradesh,2020,3,kanpur dehat district,71,14438
uttar-pradesh,2020,3,jaunpur district,278,61550
uttar-pradesh,2020,3,kaushambi district,48,15937
uttar-pradesh,2020,3,hapur district,139,29220
uttar-pradesh,2020,3,hamirpur district,30,8850
uttar-pradesh,2020,3,meerut district,475,127867
uttar-pradesh,2020,3,mathura district,332,88934
uttar-pradesh,2020,3,chitrakoot district,30,7230
uttar-pradesh,2020,3,lalitpur district,97,21942
uttar-pradesh,2020,3,mau district,93,18909
uttar-pradesh,2020,3,mirzapur district,114,25507
uttar-pradesh,2020,3,bulandshahr district,223,54065
uttar-pradesh,2020,3,gonda district,184,45903
uttar-pradesh,2020,3,jhansi district,289,68973
uttar-pradesh,2020,3,chandauli district,118,26862
uttar-pradesh,2020,3,bhadohi district,89,21661
uttar-pradesh,2020,3,pratapgarh district,132,29058
uttar-pradesh,2020,3,saharanpur district,256,54904
uttar-pradesh,2020,3,bara banki district,126,26085
uttar-pradesh,2020,3,bareilly district,404,92869
uttar-pradesh,2020,3,sitapur district,127,39562
uttar-pradesh,2020,3,sultanpur district,126,28613
uttar-pradesh,2020,3,agra district,499,109194
uttar-pradesh,2020,3,fatehpur district,114,25257
uttar-pradesh,2020,3,rae bareli district,142,35532
uttar-pradesh,2020,3,firozabad district,166,33902
uttar-pradesh,2020,3,kheri district,109,26207
uttar-pradesh,2020,3,gorakhpur district,794,203169
uttar-pradesh,2020,3,unnao district,95,22493
uttar-pradesh,2020,3,prayagraj district,734,175907
uttar-pradesh,2020,3,sonbhadra district,177,45914
uttar-pradesh,2020,3,ghazipur district,170,40543
uttar-pradesh,2020,3,farrukhabad district,62,16008
uttar-pradesh,2020,3,kannauj district,65,14540
uttar-pradesh,2020,3,azamgarh district,222,53991
uttar-pradesh,2020,3,ayodhya district,158,41348
uttar-pradesh,2020,3,deoria district,204,48523
uttar-pradesh,2020,3,ghaziabad district,1585,389991
uttar-pradesh,2020,4,amethi district,93,105097
uttar-pradesh,2020,4,siddharthnagar district,78,60963
uttar-pradesh,2020,4,auraiya district,76,56121
uttar-pradesh,2020,4,sambhal district,45,26088
uttar-pradesh,2020,4,kanpur nagar district,913,744324
uttar-pradesh,2020,4,aligarh district,332,298343
uttar-pradesh,2020,4,mahoba district,37,12063
uttar-pradesh,2020,4,lucknow district,1215,1018602
uttar-pradesh,2020,4,sant kabeer nagar district,123,53155
uttar-pradesh,2020,4,hathras district,77,35961
uttar-pradesh,2020,4,budaun district,84,47762
uttar-pradesh,2020,4,moradabad district,191,158548
uttar-pradesh,2020,4,kushinagar district,205,144763
uttar-pradesh,2020,4,baghpat district,161,169739
uttar-pradesh,2020,4,shahjahanpur district,148,135287
uttar-pradesh,2020,4,muzaffarnagar district,183,152364
uttar-pradesh,2020,4,ambedkar nagar district,101,100985
uttar-pradesh,2020,4,bahraich district,68,84379
uttar-pradesh,2020,4,jalaun district,96,59726
uttar-pradesh,2020,4,rampur district,65,49947
uttar-pradesh,2020,4,ballia district,182,135837
uttar-pradesh,2020,4,shravasti district,17,28089
uttar-pradesh,2020,4,kasganj district,60,64008
uttar-pradesh,2020,4,varanasi district,538,370559
uttar-pradesh,2020,4,gautam buddha nagar district,1890,1432507
uttar-pradesh,2020,4,basti district,147,128026
uttar-pradesh,2020,4,shamli district,73,78249
uttar-pradesh,2020,4,maharajganj district,125,126439
uttar-pradesh,2020,4,etawah district,129,94277
uttar-pradesh,2020,4,etah district,96,62997
uttar-pradesh,2020,4,banda district,56,38965
uttar-pradesh,2020,4,bijnor district,137,113075
uttar-pradesh,2020,4,hardoi district,122,127258
uttar-pradesh,2020,4,balrampur district,62,59971
uttar-pradesh,2020,4,amroha district,110,113017
uttar-pradesh,2020,4,pilibhit district,67,54782
uttar-pradesh,2020,4,mainpuri district,116,84989
uttar-pradesh,2020,4,kanpur dehat district,95,75544
uttar-pradesh,2020,4,jaunpur district,290,220876
uttar-pradesh,2020,4,kaushambi district,43,23466
uttar-pradesh,2020,4,hapur district,206,221009
uttar-pradesh,2020,4,hamirpur district,48,27137
uttar-pradesh,2020,4,meerut district,543,568873
uttar-pradesh,2020,4,mathura district,278,187486
uttar-pradesh,2020,4,chitrakoot district,36,27359
uttar-pradesh,2020,4,lalitpur district,72,25671
uttar-pradesh,2020,4,mau district,141,141643
uttar-pradesh,2020,4,mirzapur district,132,101343
uttar-pradesh,2020,4,bulandshahr district,263,185999
uttar-pradesh,2020,4,gonda district,121,92781
uttar-pradesh,2020,4,jhansi district,256,183007
uttar-pradesh,2020,4,chandauli district,129,112351
uttar-pradesh,2020,4,bhadohi district,88,74037
uttar-pradesh,2020,4,pratapgarh district,159,107460
uttar-pradesh,2020,4,saharanpur district,296,278343
uttar-pradesh,2020,4,bara banki district,100,67630
uttar-pradesh,2020,4,bareilly district,366,289874
uttar-pradesh,2020,4,sitapur district,86,54848
uttar-pradesh,2020,4,sultanpur district,141,140967
uttar-pradesh,2020,4,agra district,509,312588
uttar-pradesh,2020,4,fatehpur district,100,73048
uttar-pradesh,2020,4,rae bareli district,145,155900
uttar-pradesh,2020,4,firozabad district,167,109566
uttar-pradesh,2020,4,kheri district,105,106906
uttar-pradesh,2020,4,gorakhpur district,479,401165
uttar-pradesh,2020,4,unnao district,151,126386
uttar-pradesh,2020,4,prayagraj district,669,558900
uttar-pradesh,2020,4,sonbhadra district,165,116402
uttar-pradesh,2020,4,ghazipur district,249,233556
uttar-pradesh,2020,4,farrukhabad district,78,63680
uttar-pradesh,2020,4,kannauj district,82,46750
uttar-pradesh,2020,4,azamgarh district,267,267528
uttar-pradesh,2020,4,ayodhya district,128,110611
uttar-pradesh,2020,4,deoria district,257,231647
uttar-pradesh,2020,4,ghaziabad district,1812,1430818
uttar-pradesh,2021,1,amethi district,127,128262
uttar-pradesh,2021,1,siddharthnagar district,132,81962
uttar-pradesh,2021,1,auraiya district,105,81602
uttar-pradesh,2021,1,sambhal district,107,100413
uttar-pradesh,2021,1,kanpur nagar district,1252,851804
uttar-pradesh,2021,1,aligarh district,423,316086
uttar-pradesh,2021,1,mahoba district,61,41257
uttar-pradesh,2021,1,lucknow district,1660,1301902
uttar-pradesh,2021,1,sant kabeer nagar district,138,83030
uttar-pradesh,2021,1,hathras district,130,86056
uttar-pradesh,2021,1,budaun district,108,83738
uttar-pradesh,2021,1,moradabad district,587,305679
uttar-pradesh,2021,1,kushinagar district,316,187446
uttar-pradesh,2021,1,baghpat district,208,178560
uttar-pradesh,2021,1,shahjahanpur district,158,139413
uttar-pradesh,2021,1,muzaffarnagar district,332,244963
uttar-pradesh,2021,1,ambedkar nagar district,146,131875
uttar-pradesh,2021,1,bahraich district,127,106568
uttar-pradesh,2021,1,jalaun district,139,93053
uttar-pradesh,2021,1,rampur district,125,127531
uttar-pradesh,2021,1,ballia district,257,217592
uttar-pradesh,2021,1,shravasti district,24,12818
uttar-pradesh,2021,1,kasganj district,54,53501
uttar-pradesh,2021,1,varanasi district,739,448948
uttar-pradesh,2021,1,gautam buddha nagar district,2704,1750483
uttar-pradesh,2021,1,basti district,209,143349
uttar-pradesh,2021,1,shamli district,244,200342
uttar-pradesh,2021,1,maharajganj district,156,112488
uttar-pradesh,2021,1,etawah district,172,116084
uttar-pradesh,2021,1,etah district,95,58516
uttar-pradesh,2021,1,banda district,98,67712
uttar-pradesh,2021,1,bijnor district,292,284039
uttar-pradesh,2021,1,hardoi district,163,120170
uttar-pradesh,2021,1,balrampur district,100,87229
uttar-pradesh,2021,1,amroha district,169,199135
uttar-pradesh,2021,1,pilibhit district,61,44437
uttar-pradesh,2021,1,mainpuri district,161,101086
uttar-pradesh,2021,1,kanpur dehat district,109,58523
uttar-pradesh,2021,1,jaunpur district,327,254538
uttar-pradesh,2021,1,kaushambi district,52,40601
uttar-pradesh,2021,1,hapur district,282,304199
uttar-pradesh,2021,1,hamirpur district,66,50437
uttar-pradesh,2021,1,meerut district,799,753509
uttar-pradesh,2021,1,mathura district,426,257241
uttar-pradesh,2021,1,chitrakoot district,63,46461
uttar-pradesh,2021,1,lalitpur district,81,33678
uttar-pradesh,2021,1,mau district,142,148115
uttar-pradesh,2021,1,mirzapur district,153,99406
uttar-pradesh,2021,1,bulandshahr district,404,403287
uttar-pradesh,2021,1,gonda district,162,106578
uttar-pradesh,2021,1,jhansi district,312,200396
uttar-pradesh,2021,1,chandauli district,145,72371
uttar-pradesh,2021,1,bhadohi district,144,88681
uttar-pradesh,2021,1,pratapgarh district,219,193210
uttar-pradesh,2021,1,saharanpur district,461,411120
uttar-pradesh,2021,1,bara banki district,133,106844
uttar-pradesh,2021,1,bareilly district,408,328455
uttar-pradesh,2021,1,sitapur district,137,99309
uttar-pradesh,2021,1,sultanpur district,212,173606
uttar-pradesh,2021,1,agra district,623,394070
uttar-pradesh,2021,1,fatehpur district,103,71630
uttar-pradesh,2021,1,rae bareli district,158,147128
uttar-pradesh,2021,1,firozabad district,183,102903
uttar-pradesh,2021,1,kheri district,144,109166
uttar-pradesh,2021,1,gorakhpur district,665,538572
uttar-pradesh,2021,1,unnao district,153,114646
uttar-pradesh,2021,1,prayagraj district,942,675067
uttar-pradesh,2021,1,sonbhadra district,252,186756
uttar-pradesh,2021,1,ghazipur district,333,271399
uttar-pradesh,2021,1,farrukhabad district,115,67014
uttar-pradesh,2021,1,kannauj district,88,67657
uttar-pradesh,2021,1,azamgarh district,286,247198
uttar-pradesh,2021,1,ayodhya district,211,175689
uttar-pradesh,2021,1,deoria district,279,202296
uttar-pradesh,2021,1,ghaziabad district,2252,1736688
uttar-pradesh,2021,2,amethi district,140,196952
uttar-pradesh,2021,2,siddharthnagar district,170,205924
uttar-pradesh,2021,2,auraiya district,134,137230
uttar-pradesh,2021,2,sambhal district,97,102490
uttar-pradesh,2021,2,kanpur nagar district,1135,1145126
uttar-pradesh,2021,2,aligarh district,429,443860
uttar-pradesh,2021,2,mahoba district,59,42197
uttar-pradesh,2021,2,lucknow district,1853,1917156
uttar-pradesh,2021,2,sant kabeer nagar district,116,188392
uttar-pradesh,2021,2,hathras district,112,90543
uttar-pradesh,2021,2,budaun district,95,94269
uttar-pradesh,2021,2,moradabad district,928,574505
uttar-pradesh,2021,2,kushinagar district,292,269643
uttar-pradesh,2021,2,baghpat district,206,231733
uttar-pradesh,2021,2,shahjahanpur district,163,142296
uttar-pradesh,2021,2,muzaffarnagar district,286,326400
uttar-pradesh,2021,2,ambedkar nagar district,128,114658
uttar-pradesh,2021,2,bahraich district,133,117033
uttar-pradesh,2021,2,jalaun district,133,144433
uttar-pradesh,2021,2,rampur district,150,128827
uttar-pradesh,2021,2,ballia district,333,354800
uttar-pradesh,2021,2,shravasti district,32,50033
uttar-pradesh,2021,2,kasganj district,87,92337
uttar-pradesh,2021,2,varanasi district,689,536792
uttar-pradesh,2021,2,gautam buddha nagar district,2623,2093735
uttar-pradesh,2021,2,basti district,258,286462
uttar-pradesh,2021,2,shamli district,159,151842
uttar-pradesh,2021,2,maharajganj district,199,240069
uttar-pradesh,2021,2,etawah district,171,224445
uttar-pradesh,2021,2,etah district,117,106509
uttar-pradesh,2021,2,banda district,116,115693
uttar-pradesh,2021,2,bijnor district,300,376395
uttar-pradesh,2021,2,hardoi district,156,191551
uttar-pradesh,2021,2,balrampur district,66,136206
uttar-pradesh,2021,2,amroha district,178,242219
uttar-pradesh,2021,2,pilibhit district,104,88035
uttar-pradesh,2021,2,mainpuri district,170,157028
uttar-pradesh,2021,2,kanpur dehat district,130,150104
uttar-pradesh,2021,2,jaunpur district,455,441297
uttar-pradesh,2021,2,kaushambi district,77,66254
uttar-pradesh,2021,2,hapur district,263,290697
uttar-pradesh,2021,2,hamirpur district,90,95768
uttar-pradesh,2021,2,meerut district,818,933510
uttar-pradesh,2021,2,mathura district,418,409156
uttar-pradesh,2021,2,chitrakoot district,63,69030
uttar-pradesh,2021,2,lalitpur district,73,67155
uttar-pradesh,2021,2,mau district,212,258041
uttar-pradesh,2021,2,mirzapur district,196,183396
uttar-pradesh,2021,2,bulandshahr district,401,422373
uttar-pradesh,2021,2,gonda district,186,165743
uttar-pradesh,2021,2,jhansi district,417,380539
uttar-pradesh,2021,2,chandauli district,149,172618
uttar-pradesh,2021,2,bhadohi district,215,155190
uttar-pradesh,2021,2,pratapgarh district,280,264727
uttar-pradesh,2021,2,saharanpur district,389,378988
uttar-pradesh,2021,2,bara banki district,131,158646
uttar-pradesh,2021,2,bareilly district,554,530467
uttar-pradesh,2021,2,sitapur district,127,157465
uttar-pradesh,2021,2,sultanpur district,195,277593
uttar-pradesh,2021,2,agra district,643,468307
uttar-pradesh,2021,2,fatehpur district,146,157378
uttar-pradesh,2021,2,rae bareli district,153,151694
uttar-pradesh,2021,2,firozabad district,207,150020
uttar-pradesh,2021,2,kheri district,192,160317
uttar-pradesh,2021,2,gorakhpur district,720,732382
uttar-pradesh,2021,2,unnao district,189,205019
uttar-pradesh,2021,2,prayagraj district,890,892945
uttar-pradesh,2021,2,sonbhadra district,381,293221
uttar-pradesh,2021,2,ghazipur district,350,351153
uttar-pradesh,2021,2,farrukhabad district,143,124158
uttar-pradesh,2021,2,kannauj district,99,107105
uttar-pradesh,2021,2,azamgarh district,412,451206
uttar-pradesh,2021,2,ayodhya district,286,303734
uttar-pradesh,2021,2,deoria district,382,426284
uttar-pradesh,2021,2,ghaziabad district,2403,2076073
uttar-pradesh,2021,3,amethi district,182,228933
uttar-pradesh,2021,3,siddharthnagar district,274,279593
uttar-pradesh,2021,3,auraiya district,147,132528
uttar-pradesh,2021,3,sambhal district,102,97686
uttar-pradesh,2021,3,kanpur nagar district,1414,1206885
uttar-pradesh,2021,3,aligarh district,726,584646
uttar-pradesh,2021,3,mahoba district,73,62704
uttar-pradesh,2021,3,lucknow district,2417,2537773
uttar-pradesh,2021,3,sant kabeer nagar district,119,140728
uttar-pradesh,2021,3,hathras district,118,103123
uttar-pradesh,2021,3,budaun district,130,151277
uttar-pradesh,2021,3,moradabad district,1224,740164
uttar-pradesh,2021,3,kushinagar district,328,361385
uttar-pradesh,2021,3,baghpat district,261,326700
uttar-pradesh,2021,3,shahjahanpur district,238,296485
uttar-pradesh,2021,3,muzaffarnagar district,410,538535
uttar-pradesh,2021,3,ambedkar nagar district,141,166159
uttar-pradesh,2021,3,bahraich district,228,200225
uttar-pradesh,2021,3,jalaun district,158,160855
uttar-pradesh,2021,3,rampur district,306,276971
uttar-pradesh,2021,3,ballia district,349,464345
uttar-pradesh,2021,3,shravasti district,39,32419
uttar-pradesh,2021,3,kasganj district,132,274404
uttar-pradesh,2021,3,varanasi district,762,712414
uttar-pradesh,2021,3,gautam buddha nagar district,3442,3050678
uttar-pradesh,2021,3,basti district,587,381572
uttar-pradesh,2021,3,shamli district,211,245883
uttar-pradesh,2021,3,maharajganj district,204,223861
uttar-pradesh,2021,3,etawah district,191,191589
uttar-pradesh,2021,3,etah district,107,118422
uttar-pradesh,2021,3,banda district,95,65425
uttar-pradesh,2021,3,bijnor district,466,538812
uttar-pradesh,2021,3,hardoi district,178,394991
uttar-pradesh,2021,3,balrampur district,118,111309
uttar-pradesh,2021,3,amroha district,223,275961
uttar-pradesh,2021,3,pilibhit district,139,113720
uttar-pradesh,2021,3,mainpuri district,186,166179
uttar-pradesh,2021,3,kanpur dehat district,135,149610
uttar-pradesh,2021,3,jaunpur district,405,531449
uttar-pradesh,2021,3,kaushambi district,88,119483
uttar-pradesh,2021,3,hapur district,330,431030
uttar-pradesh,2021,3,hamirpur district,103,102710
uttar-pradesh,2021,3,meerut district,1061,1113523
uttar-pradesh,2021,3,mathura district,455,523287
uttar-pradesh,2021,3,chitrakoot district,57,43577
uttar-pradesh,2021,3,lalitpur district,89,70800
uttar-pradesh,2021,3,mau district,240,290101
uttar-pradesh,2021,3,mirzapur district,212,235668
uttar-pradesh,2021,3,bulandshahr district,491,491604
uttar-pradesh,2021,3,gonda district,202,209720
uttar-pradesh,2021,3,jhansi district,426,423210
uttar-pradesh,2021,3,chandauli district,205,178372
uttar-pradesh,2021,3,bhadohi district,310,225341
uttar-pradesh,2021,3,pratapgarh district,274,308744
uttar-pradesh,2021,3,saharanpur district,655,643392
uttar-pradesh,2021,3,bara banki district,183,193812
uttar-pradesh,2021,3,bareilly district,717,721009
uttar-pradesh,2021,3,sitapur district,178,164926
uttar-pradesh,2021,3,sultanpur district,247,316724
uttar-pradesh,2021,3,agra district,833,766422
uttar-pradesh,2021,3,fatehpur district,168,202889
uttar-pradesh,2021,3,rae bareli district,221,260492
uttar-pradesh,2021,3,firozabad district,250,197173
uttar-pradesh,2021,3,kheri district,183,175672
uttar-pradesh,2021,3,gorakhpur district,931,958444
uttar-pradesh,2021,3,unnao district,245,263006
uttar-pradesh,2021,3,prayagraj district,1042,1036771
uttar-pradesh,2021,3,sonbhadra district,453,404285
uttar-pradesh,2021,3,ghazipur district,419,400407
uttar-pradesh,2021,3,farrukhabad district,144,158630
uttar-pradesh,2021,3,kannauj district,112,106313
uttar-pradesh,2021,3,azamgarh district,522,553067
uttar-pradesh,2021,3,ayodhya district,316,363307
uttar-pradesh,2021,3,deoria district,320,343998
uttar-pradesh,2021,3,ghaziabad district,3152,3006811
uttar-pradesh,2021,4,amethi district,235,370319
uttar-pradesh,2021,4,siddharthnagar district,263,391652
uttar-pradesh,2021,4,auraiya district,162,277437
uttar-pradesh,2021,4,sambhal district,112,144062
uttar-pradesh,2021,4,kanpur nagar district,2265,2760463
uttar-pradesh,2021,4,aligarh district,778,1047913
uttar-pradesh,2021,4,mahoba district,91,170037
uttar-pradesh,2021,4,lucknow district,3296,4038538
uttar-pradesh,2021,4,sant kabeer nagar district,184,308462
uttar-pradesh,2021,4,hathras district,169,269090
uttar-pradesh,2021,4,budaun district,224,242322
uttar-pradesh,2021,4,moradabad district,896,964494
uttar-pradesh,2021,4,kushinagar district,430,576900
uttar-pradesh,2021,4,baghpat district,337,552533
uttar-pradesh,2021,4,shahjahanpur district,252,466272
uttar-pradesh,2021,4,muzaffarnagar district,554,864369
uttar-pradesh,2021,4,ambedkar nagar district,171,248115
uttar-pradesh,2021,4,bahraich district,165,209957
uttar-pradesh,2021,4,jalaun district,233,307320
uttar-pradesh,2021,4,rampur district,370,442201
uttar-pradesh,2021,4,ballia district,420,664378
uttar-pradesh,2021,4,shravasti district,61,89146
uttar-pradesh,2021,4,kasganj district,147,194316
uttar-pradesh,2021,4,varanasi district,1190,1393923
uttar-pradesh,2021,4,gautam buddha nagar district,4293,5710659
uttar-pradesh,2021,4,basti district,572,566352
uttar-pradesh,2021,4,shamli district,368,388438
uttar-pradesh,2021,4,maharajganj district,333,531627
uttar-pradesh,2021,4,etawah district,286,397667
uttar-pradesh,2021,4,etah district,174,182692
uttar-pradesh,2021,4,banda district,110,128709
uttar-pradesh,2021,4,bijnor district,965,1019601
uttar-pradesh,2021,4,hardoi district,228,373478
uttar-pradesh,2021,4,balrampur district,109,245526
uttar-pradesh,2021,4,amroha district,286,521767
uttar-pradesh,2021,4,pilibhit district,115,182624
uttar-pradesh,2021,4,mainpuri district,207,267670
uttar-pradesh,2021,4,kanpur dehat district,171,247224
uttar-pradesh,2021,4,jaunpur district,579,871424
uttar-pradesh,2021,4,kaushambi district,206,191092
uttar-pradesh,2021,4,hapur district,441,790289
uttar-pradesh,2021,4,hamirpur district,106,162650
uttar-pradesh,2021,4,meerut district,1601,2421444
uttar-pradesh,2021,4,mathura district,659,885506
uttar-pradesh,2021,4,chitrakoot district,90,102249
uttar-pradesh,2021,4,lalitpur district,127,183668
uttar-pradesh,2021,4,mau district,307,489391
uttar-pradesh,2021,4,mirzapur district,291,473668
uttar-pradesh,2021,4,bulandshahr district,658,975652
uttar-pradesh,2021,4,gonda district,272,403785
uttar-pradesh,2021,4,jhansi district,646,883293
uttar-pradesh,2021,4,chandauli district,251,364193
uttar-pradesh,2021,4,bhadohi district,238,283900
uttar-pradesh,2021,4,pratapgarh district,408,689101
uttar-pradesh,2021,4,saharanpur district,810,1172343
uttar-pradesh,2021,4,bara banki district,244,400933
uttar-pradesh,2021,4,bareilly district,968,1132558
uttar-pradesh,2021,4,sitapur district,273,405795
uttar-pradesh,2021,4,sultanpur district,335,536950
uttar-pradesh,2021,4,agra district,1238,1610714
uttar-pradesh,2021,4,fatehpur district,318,507428
uttar-pradesh,2021,4,rae bareli district,310,423265
uttar-pradesh,2021,4,firozabad district,322,449368
uttar-pradesh,2021,4,kheri district,288,416250
uttar-pradesh,2021,4,gorakhpur district,1230,1790715
uttar-pradesh,2021,4,unnao district,463,571428
uttar-pradesh,2021,4,prayagraj district,1599,2221711
uttar-pradesh,2021,4,sonbhadra district,496,576506
uttar-pradesh,2021,4,ghazipur district,604,824427
uttar-pradesh,2021,4,farrukhabad district,185,283615
uttar-pradesh,2021,4,kannauj district,116,158569
uttar-pradesh,2021,4,azamgarh district,804,1053342
uttar-pradesh,2021,4,ayodhya district,361,504210
uttar-pradesh,2021,4,deoria district,412,708131
uttar-pradesh,2021,4,ghaziabad district,4654,5977135
uttar-pradesh,2022,1,amethi district,213,394333
uttar-pradesh,2022,1,siddharthnagar district,252,559611
uttar-pradesh,2022,1,auraiya district,153,246225
uttar-pradesh,2022,1,sambhal district,113,231873
uttar-pradesh,2022,1,kanpur nagar district,2777,3507206
uttar-pradesh,2022,1,aligarh district,789,1240624
uttar-pradesh,2022,1,mahoba district,91,218236
uttar-pradesh,2022,1,lucknow district,3291,5309887
uttar-pradesh,2022,1,sant kabeer nagar district,166,381342
uttar-pradesh,2022,1,hathras district,217,370380
uttar-pradesh,2022,1,budaun district,304,460431
uttar-pradesh,2022,1,moradabad district,738,1291914
uttar-pradesh,2022,1,kushinagar district,486,742675
uttar-pradesh,2022,1,baghpat district,323,622911
uttar-pradesh,2022,1,shahjahanpur district,272,550595
uttar-pradesh,2022,1,muzaffarnagar district,563,1122108
uttar-pradesh,2022,1,ambedkar nagar district,367,522461
uttar-pradesh,2022,1,bahraich district,187,344020
uttar-pradesh,2022,1,jalaun district,214,321941
uttar-pradesh,2022,1,rampur district,404,501710
uttar-pradesh,2022,1,ballia district,419,767196
uttar-pradesh,2022,1,shravasti district,109,148986
uttar-pradesh,2022,1,kasganj district,152,250076
uttar-pradesh,2022,1,varanasi district,1383,1752157
uttar-pradesh,2022,1,gautam buddha nagar district,4625,6576075
uttar-pradesh,2022,1,basti district,439,525334
uttar-pradesh,2022,1,shamli district,291,490877
uttar-pradesh,2022,1,maharajganj district,406,584999
uttar-pradesh,2022,1,etawah district,288,541126
uttar-pradesh,2022,1,etah district,158,285312
uttar-pradesh,2022,1,banda district,131,209744
uttar-pradesh,2022,1,bijnor district,763,1335920
uttar-pradesh,2022,1,hardoi district,363,426824
uttar-pradesh,2022,1,balrampur district,144,293966
uttar-pradesh,2022,1,amroha district,311,673334
uttar-pradesh,2022,1,pilibhit district,154,302600
uttar-pradesh,2022,1,mainpuri district,230,435366
uttar-pradesh,2022,1,kanpur dehat district,249,336211
uttar-pradesh,2022,1,jaunpur district,641,1098392
uttar-pradesh,2022,1,kaushambi district,134,313883
uttar-pradesh,2022,1,hapur district,511,917474
uttar-pradesh,2022,1,hamirpur district,112,169447
uttar-pradesh,2022,1,meerut district,1653,2798936
uttar-pradesh,2022,1,mathura district,620,1158324
uttar-pradesh,2022,1,chitrakoot district,70,142910
uttar-pradesh,2022,1,lalitpur district,103,203704
uttar-pradesh,2022,1,mau district,300,575388
uttar-pradesh,2022,1,mirzapur district,252,474135
uttar-pradesh,2022,1,bulandshahr district,1218,1574674
uttar-pradesh,2022,1,gonda district,275,408620
uttar-pradesh,2022,1,jhansi district,751,1329462
uttar-pradesh,2022,1,chandauli district,231,399480
uttar-pradesh,2022,1,bhadohi district,163,265614
uttar-pradesh,2022,1,pratapgarh district,444,783618
uttar-pradesh,2022,1,saharanpur district,795,1563185
uttar-pradesh,2022,1,bara banki district,233,468439
uttar-pradesh,2022,1,bareilly district,1061,1476165
uttar-pradesh,2022,1,sitapur district,204,383222
uttar-pradesh,2022,1,sultanpur district,280,645813
uttar-pradesh,2022,1,agra district,1437,2344316
uttar-pradesh,2022,1,fatehpur district,252,454927
uttar-pradesh,2022,1,rae bareli district,337,588292
uttar-pradesh,2022,1,firozabad district,292,459574
uttar-pradesh,2022,1,kheri district,239,485127
uttar-pradesh,2022,1,gorakhpur district,1341,2096332
uttar-pradesh,2022,1,unnao district,296,490474
uttar-pradesh,2022,1,prayagraj district,1439,2347870
uttar-pradesh,2022,1,sonbhadra district,473,659297
uttar-pradesh,2022,1,ghazipur district,474,868006
uttar-pradesh,2022,1,farrukhabad district,183,367822
uttar-pradesh,2022,1,kannauj district,205,396901
uttar-pradesh,2022,1,azamgarh district,823,1465228
uttar-pradesh,2022,1,ayodhya district,390,656965
uttar-pradesh,2022,1,deoria district,471,769177
uttar-pradesh,2022,1,ghaziabad district,4758,6537190
uttar-pradesh,2022,2,amethi district,281,448756
uttar-pradesh,2022,2,siddharthnagar district,271,524156
uttar-pradesh,2022,2,auraiya district,221,326168
uttar-pradesh,2022,2,sambhal district,160,333662
uttar-pradesh,2022,2,kanpur nagar district,2563,3334743
uttar-pradesh,2022,2,aligarh district,800,1160089
uttar-pradesh,2022,2,mahoba district,95,156835
uttar-pradesh,2022,2,lucknow district,3852,5617285
uttar-pradesh,2022,2,sant kabeer nagar district,188,321372
uttar-pradesh,2022,2,hathras district,260,398913
uttar-pradesh,2022,2,budaun district,299,445476
uttar-pradesh,2022,2,moradabad district,1015,1414832
uttar-pradesh,2022,2,kushinagar district,474,607471
uttar-pradesh,2022,2,baghpat district,455,776297
uttar-pradesh,2022,2,shahjahanpur district,411,652731
uttar-pradesh,2022,2,muzaffarnagar district,837,1261418
uttar-pradesh,2022,2,ambedkar nagar district,407,425615
uttar-pradesh,2022,2,bahraich district,208,393310
uttar-pradesh,2022,2,jalaun district,216,367114
uttar-pradesh,2022,2,rampur district,481,587319
uttar-pradesh,2022,2,ballia district,606,825677
uttar-pradesh,2022,2,shravasti district,71,128576
uttar-pradesh,2022,2,kasganj district,156,224631
uttar-pradesh,2022,2,varanasi district,1563,1959557
uttar-pradesh,2022,2,gautam buddha nagar district,5904,7335621
uttar-pradesh,2022,2,basti district,412,665513
uttar-pradesh,2022,2,shamli district,469,625846
uttar-pradesh,2022,2,maharajganj district,469,621599
uttar-pradesh,2022,2,etawah district,372,530409
uttar-pradesh,2022,2,etah district,169,269839
uttar-pradesh,2022,2,banda district,148,177633
uttar-pradesh,2022,2,bijnor district,902,1209855
uttar-pradesh,2022,2,hardoi district,392,628490
uttar-pradesh,2022,2,balrampur district,192,350920
uttar-pradesh,2022,2,amroha district,368,702803
uttar-pradesh,2022,2,pilibhit district,193,289105
uttar-pradesh,2022,2,mainpuri district,237,349179
uttar-pradesh,2022,2,kanpur dehat district,285,538354
uttar-pradesh,2022,2,jaunpur district,707,1245538
uttar-pradesh,2022,2,kaushambi district,150,266626
uttar-pradesh,2022,2,hapur district,619,975381
uttar-pradesh,2022,2,hamirpur district,166,242077
uttar-pradesh,2022,2,meerut district,2164,3132308
uttar-pradesh,2022,2,mathura district,816,1216248
uttar-pradesh,2022,2,chitrakoot district,107,160012
uttar-pradesh,2022,2,lalitpur district,151,196986
uttar-pradesh,2022,2,mau district,306,515430
uttar-pradesh,2022,2,mirzapur district,284,461686
uttar-pradesh,2022,2,bulandshahr district,1920,1817830
uttar-pradesh,2022,2,gonda district,309,509265
uttar-pradesh,2022,2,jhansi district,930,1305039
uttar-pradesh,2022,2,chandauli district,232,414245
uttar-pradesh,2022,2,bhadohi district,162,279504
uttar-pradesh,2022,2,pratapgarh district,513,864140
uttar-pradesh,2022,2,saharanpur district,1094,1848922
uttar-pradesh,2022,2,bara banki district,273,464675
uttar-pradesh,2022,2,bareilly district,1487,1899280
uttar-pradesh,2022,2,sitapur district,325,421227
uttar-pradesh,2022,2,sultanpur district,428,594040
uttar-pradesh,2022,2,agra district,1321,1882149
uttar-pradesh,2022,2,fatehpur district,323,507200
uttar-pradesh,2022,2,rae bareli district,383,571945
uttar-pradesh,2022,2,firozabad district,367,541715
uttar-pradesh,2022,2,kheri district,284,433978
uttar-pradesh,2022,2,gorakhpur district,1957,2516685
uttar-pradesh,2022,2,unnao district,376,524079
uttar-pradesh,2022,2,prayagraj district,1826,2674015
uttar-pradesh,2022,2,sonbhadra district,395,636969
uttar-pradesh,2022,2,ghazipur district,610,814497
uttar-pradesh,2022,2,farrukhabad district,203,316324
uttar-pradesh,2022,2,kannauj district,213,294416
uttar-pradesh,2022,2,azamgarh district,821,1446355
uttar-pradesh,2022,2,ayodhya district,486,777816
uttar-pradesh,2022,2,deoria district,492,898964
uttar-pradesh,2022,2,ghaziabad district,5531,6780218
uttar-pradesh,2022,3,amethi district,348,450699
uttar-pradesh,2022,3,siddharthnagar district,356,459283
uttar-pradesh,2022,3,auraiya district,248,387176
uttar-pradesh,2022,3,sambhal district,177,281329
uttar-pradesh,2022,3,kanpur nagar district,2994,3637095
uttar-pradesh,2022,3,aligarh district,1009,1388207
uttar-pradesh,2022,3,mahoba district,106,162048
uttar-pradesh,2022,3,lucknow district,4530,6093552
uttar-pradesh,2022,3,sant kabeer nagar district,293,437586
uttar-pradesh,2022,3,hathras district,246,380885
uttar-pradesh,2022,3,budaun district,277,428903
uttar-pradesh,2022,3,moradabad district,1034,1474783
uttar-pradesh,2022,3,kushinagar district,552,779265
uttar-pradesh,2022,3,baghpat district,521,807503
uttar-pradesh,2022,3,shahjahanpur district,496,726417
uttar-pradesh,2022,3,muzaffarnagar district,1052,1536021
uttar-pradesh,2022,3,ambedkar nagar district,465,562527
uttar-pradesh,2022,3,bahraich district,288,523389
uttar-pradesh,2022,3,jalaun district,268,347726
uttar-pradesh,2022,3,rampur district,384,566140
uttar-pradesh,2022,3,ballia district,579,802246
uttar-pradesh,2022,3,shravasti district,64,79671
uttar-pradesh,2022,3,kasganj district,218,309964
uttar-pradesh,2022,3,varanasi district,1593,2172926
uttar-pradesh,2022,3,gautam buddha nagar district,7470,8955231
uttar-pradesh,2022,3,basti district,445,661890
uttar-pradesh,2022,3,shamli district,556,762230
uttar-pradesh,2022,3,maharajganj district,444,671788
uttar-pradesh,2022,3,etawah district,431,701867
uttar-pradesh,2022,3,etah district,238,334187
uttar-pradesh,2022,3,banda district,150,211244
uttar-pradesh,2022,3,bijnor district,705,1251101
uttar-pradesh,2022,3,hardoi district,408,688640
uttar-pradesh,2022,3,balrampur district,172,279217
uttar-pradesh,2022,3,amroha district,507,868342
uttar-pradesh,2022,3,pilibhit district,260,354393
uttar-pradesh,2022,3,mainpuri district,311,422694
uttar-pradesh,2022,3,kanpur dehat district,239,343260
uttar-pradesh,2022,3,jaunpur district,777,1239698
uttar-pradesh,2022,3,kaushambi district,170,290094
uttar-pradesh,2022,3,hapur district,756,1254153
uttar-pradesh,2022,3,hamirpur district,162,205695
uttar-pradesh,2022,3,meerut district,3115,4248870
uttar-pradesh,2022,3,mathura district,1008,1314531
uttar-pradesh,2022,3,chitrakoot district,97,169354
uttar-pradesh,2022,3,lalitpur district,154,250254
uttar-pradesh,2022,3,mau district,404,615986
uttar-pradesh,2022,3,mirzapur district,319,461208
uttar-pradesh,2022,3,bulandshahr district,1800,1853520
uttar-pradesh,2022,3,gonda district,350,545032
uttar-pradesh,2022,3,jhansi district,1036,1424085
uttar-pradesh,2022,3,chandauli district,323,466943
uttar-pradesh,2022,3,bhadohi district,187,262015
uttar-pradesh,2022,3,pratapgarh district,508,789641
uttar-pradesh,2022,3,saharanpur district,1359,2122687
uttar-pradesh,2022,3,bara banki district,382,611336
uttar-pradesh,2022,3,bareilly district,1514,1851647
uttar-pradesh,2022,3,sitapur district,350,566193
uttar-pradesh,2022,3,sultanpur district,452,720967
uttar-pradesh,2022,3,agra district,1668,2168436
uttar-pradesh,2022,3,fatehpur district,398,622898
uttar-pradesh,2022,3,rae bareli district,522,727000
uttar-pradesh,2022,3,firozabad district,502,672697
uttar-pradesh,2022,3,kheri district,368,520632
uttar-pradesh,2022,3,gorakhpur district,2189,2883081
uttar-pradesh,2022,3,unnao district,400,637365
uttar-pradesh,2022,3,prayagraj district,2178,2899353
uttar-pradesh,2022,3,sonbhadra district,550,830751
uttar-pradesh,2022,3,ghazipur district,708,1000970
uttar-pradesh,2022,3,farrukhabad district,311,483075
uttar-pradesh,2022,3,kannauj district,298,402748
uttar-pradesh,2022,3,azamgarh district,831,1315229
uttar-pradesh,2022,3,ayodhya district,560,874943
uttar-pradesh,2022,3,deoria district,546,832006
uttar-pradesh,2022,3,ghaziabad district,6828,8266994
uttar-pradesh,2022,4,amethi district,475,727463
uttar-pradesh,2022,4,siddharthnagar district,368,622267
uttar-pradesh,2022,4,auraiya district,319,583199
uttar-pradesh,2022,4,sambhal district,220,423759
uttar-pradesh,2022,4,kanpur nagar district,4549,5955630
uttar-pradesh,2022,4,aligarh district,1227,1782551
uttar-pradesh,2022,4,mahoba district,138,264355
uttar-pradesh,2022,4,lucknow district,5733,8510985
uttar-pradesh,2022,4,sant kabeer nagar district,302,513299
uttar-pradesh,2022,4,hathras district,305,456713
uttar-pradesh,2022,4,budaun district,335,598228
uttar-pradesh,2022,4,moradabad district,1227,1905533
uttar-pradesh,2022,4,kushinagar district,620,918716
uttar-pradesh,2022,4,baghpat district,601,1060381
uttar-pradesh,2022,4,shahjahanpur district,516,792171
uttar-pradesh,2022,4,muzaffarnagar district,1102,1978284
uttar-pradesh,2022,4,ambedkar nagar district,453,574027
uttar-pradesh,2022,4,bahraich district,310,549475
uttar-pradesh,2022,4,jalaun district,379,673761
uttar-pradesh,2022,4,rampur district,419,773497
uttar-pradesh,2022,4,ballia district,673,1139592
uttar-pradesh,2022,4,shravasti district,72,103003
uttar-pradesh,2022,4,kasganj district,229,325439
uttar-pradesh,2022,4,varanasi district,1865,2641816
uttar-pradesh,2022,4,gautam buddha nagar district,9335,12220201
uttar-pradesh,2022,4,basti district,579,946241
uttar-pradesh,2022,4,shamli district,622,919705
uttar-pradesh,2022,4,maharajganj district,483,758845
uttar-pradesh,2022,4,etawah district,523,885731
uttar-pradesh,2022,4,etah district,275,412016
uttar-pradesh,2022,4,banda district,257,546695
uttar-pradesh,2022,4,bijnor district,864,1622228
uttar-pradesh,2022,4,hardoi district,508,698319
uttar-pradesh,2022,4,balrampur district,239,358264
uttar-pradesh,2022,4,amroha district,514,954433
uttar-pradesh,2022,4,pilibhit district,258,407011
uttar-pradesh,2022,4,mainpuri district,400,700590
uttar-pradesh,2022,4,kanpur dehat district,356,486804
uttar-pradesh,2022,4,jaunpur district,866,1395043
uttar-pradesh,2022,4,kaushambi district,206,365332
uttar-pradesh,2022,4,hapur district,886,1485884
uttar-pradesh,2022,4,hamirpur district,198,327102
uttar-pradesh,2022,4,meerut district,3241,4918862
uttar-pradesh,2022,4,mathura district,1184,2015950
uttar-pradesh,2022,4,chitrakoot district,123,263214
uttar-pradesh,2022,4,lalitpur district,201,359305
uttar-pradesh,2022,4,mau district,481,779044
uttar-pradesh,2022,4,mirzapur district,423,690441
uttar-pradesh,2022,4,bulandshahr district,1681,2269862
uttar-pradesh,2022,4,gonda district,412,623466
uttar-pradesh,2022,4,jhansi district,1200,2065661
uttar-pradesh,2022,4,chandauli district,396,698038
uttar-pradesh,2022,4,bhadohi district,252,402495
uttar-pradesh,2022,4,pratapgarh district,705,1150123
uttar-pradesh,2022,4,saharanpur district,1668,2621466
uttar-pradesh,2022,4,bara banki district,445,748677
uttar-pradesh,2022,4,bareilly district,1531,2395312
uttar-pradesh,2022,4,sitapur district,466,859687
uttar-pradesh,2022,4,sultanpur district,472,927495
uttar-pradesh,2022,4,agra district,2038,3245964
uttar-pradesh,2022,4,fatehpur district,552,834105
uttar-pradesh,2022,4,rae bareli district,536,916332
uttar-pradesh,2022,4,firozabad district,472,795938
uttar-pradesh,2022,4,kheri district,435,742268
uttar-pradesh,2022,4,gorakhpur district,2131,3290711
uttar-pradesh,2022,4,unnao district,558,859166
uttar-pradesh,2022,4,prayagraj district,2676,4030415
uttar-pradesh,2022,4,sonbhadra district,682,1014499
uttar-pradesh,2022,4,ghazipur district,837,1446064
uttar-pradesh,2022,4,farrukhabad district,315,632769
uttar-pradesh,2022,4,kannauj district,275,498745
uttar-pradesh,2022,4,azamgarh district,925,1841627
uttar-pradesh,2022,4,ayodhya district,627,923317
uttar-pradesh,2022,4,deoria district,712,1159217
uttar-pradesh,2022,4,ghaziabad district,8564,11370990
uttar-pradesh,2023,1,amethi district,554,828091
uttar-pradesh,2023,1,siddharthnagar district,345,651848
uttar-pradesh,2023,1,auraiya district,257,466126
uttar-pradesh,2023,1,sambhal district,262,586168
uttar-pradesh,2023,1,kanpur nagar district,4196,6293656
uttar-pradesh,2023,1,aligarh district,1194,2298865
uttar-pradesh,2023,1,mahoba district,125,296012
uttar-pradesh,2023,1,lucknow district,5168,9298453
uttar-pradesh,2023,1,sant kabeer nagar district,253,543133
uttar-pradesh,2023,1,hathras district,274,484892
uttar-pradesh,2023,1,budaun district,420,775601
uttar-pradesh,2023,1,moradabad district,1660,2709805
uttar-pradesh,2023,1,kushinagar district,561,1107931
uttar-pradesh,2023,1,baghpat district,580,1240050
uttar-pradesh,2023,1,shahjahanpur district,581,1021060
uttar-pradesh,2023,1,muzaffarnagar district,1250,2404349
uttar-pradesh,2023,1,ambedkar nagar district,276,567339
uttar-pradesh,2023,1,bahraich district,294,567727
uttar-pradesh,2023,1,jalaun district,352,705752
uttar-pradesh,2023,1,rampur district,429,884078
uttar-pradesh,2023,1,ballia district,554,1003708
uttar-pradesh,2023,1,shravasti district,70,163155
uttar-pradesh,2023,1,kasganj district,215,352322
uttar-pradesh,2023,1,varanasi district,1684,2782251
uttar-pradesh,2023,1,gautam buddha nagar district,8860,13530430
uttar-pradesh,2023,1,basti district,415,766914
uttar-pradesh,2023,1,shamli district,539,1019765
uttar-pradesh,2023,1,maharajganj district,401,693404
uttar-pradesh,2023,1,etawah district,537,1159688
uttar-pradesh,2023,1,etah district,245,491026
uttar-pradesh,2023,1,banda district,208,357745
uttar-pradesh,2023,1,bijnor district,870,1855079
uttar-pradesh,2023,1,hardoi district,388,671307
uttar-pradesh,2023,1,balrampur district,199,408736
uttar-pradesh,2023,1,amroha district,488,1250320
uttar-pradesh,2023,1,pilibhit district,254,542124
uttar-pradesh,2023,1,mainpuri district,362,734389
uttar-pradesh,2023,1,kanpur dehat district,346,608191
uttar-pradesh,2023,1,jaunpur district,746,1517866
uttar-pradesh,2023,1,kaushambi district,166,337556
uttar-pradesh,2023,1,hapur district,988,1776844
uttar-pradesh,2023,1,hamirpur district,146,343378
uttar-pradesh,2023,1,meerut district,3754,6164804
uttar-pradesh,2023,1,mathura district,1138,2154829
uttar-pradesh,2023,1,chitrakoot district,116,267442
uttar-pradesh,2023,1,lalitpur district,160,299691
uttar-pradesh,2023,1,mau district,469,879873
uttar-pradesh,2023,1,mirzapur district,358,715420
uttar-pradesh,2023,1,bulandshahr district,1161,2310948
uttar-pradesh,2023,1,gonda district,348,710793
uttar-pradesh,2023,1,jhansi district,1305,2309741
uttar-pradesh,2023,1,chandauli district,274,526553
uttar-pradesh,2023,1,bhadohi district,178,354397
uttar-pradesh,2023,1,pratapgarh district,610,1269411
uttar-pradesh,2023,1,saharanpur district,1313,2752687
uttar-pradesh,2023,1,bara banki district,375,728376
uttar-pradesh,2023,1,bareilly district,1766,2868326
uttar-pradesh,2023,1,sitapur district,387,745876
uttar-pradesh,2023,1,sultanpur district,527,936279
uttar-pradesh,2023,1,agra district,2007,3635170
uttar-pradesh,2023,1,fatehpur district,448,923044
uttar-pradesh,2023,1,rae bareli district,470,906188
uttar-pradesh,2023,1,firozabad district,445,922978
uttar-pradesh,2023,1,kheri district,432,821731
uttar-pradesh,2023,1,gorakhpur district,1946,3091996
uttar-pradesh,2023,1,unnao district,505,1036974
uttar-pradesh,2023,1,prayagraj district,2140,3967644
uttar-pradesh,2023,1,sonbhadra district,616,1135185
uttar-pradesh,2023,1,ghazipur district,559,1131970
uttar-pradesh,2023,1,farrukhabad district,283,483057
uttar-pradesh,2023,1,kannauj district,284,671475
uttar-pradesh,2023,1,azamgarh district,847,1617159
uttar-pradesh,2023,1,ayodhya district,532,996951
uttar-pradesh,2023,1,deoria district,696,1199919
uttar-pradesh,2023,1,ghaziabad district,8919,12476473
uttar-pradesh,2023,2,amethi district,401,804648
uttar-pradesh,2023,2,siddharthnagar district,430,921448
uttar-pradesh,2023,2,auraiya district,277,455868
uttar-pradesh,2023,2,sambhal district,282,507537
uttar-pradesh,2023,2,kanpur nagar district,3859,5491209
uttar-pradesh,2023,2,aligarh district,1091,1844142
uttar-pradesh,2023,2,mahoba district,129,251833
uttar-pradesh,2023,2,lucknow district,5598,9801277
uttar-pradesh,2023,2,sant kabeer nagar district,238,436487
uttar-pradesh,2023,2,hathras district,300,568532
uttar-pradesh,2023,2,budaun district,401,707551
uttar-pradesh,2023,2,moradabad district,2749,3943977
uttar-pradesh,2023,2,kushinagar district,610,962501
uttar-pradesh,2023,2,baghpat district,528,985164
uttar-pradesh,2023,2,shahjahanpur district,529,982087
uttar-pradesh,2023,2,muzaffarnagar district,1118,1927522
uttar-pradesh,2023,2,ambedkar nagar district,270,532512
uttar-pradesh,2023,2,bahraich district,303,566106
uttar-pradesh,2023,2,jalaun district,386,637700
uttar-pradesh,2023,2,rampur district,548,973580
uttar-pradesh,2023,2,ballia district,572,1154806
uttar-pradesh,2023,2,shravasti district,87,119577
uttar-pradesh,2023,2,kasganj district,190,413944
uttar-pradesh,2023,2,varanasi district,1836,2901911
uttar-pradesh,2023,2,gautam buddha nagar district,8903,13095093
uttar-pradesh,2023,2,basti district,539,928527
uttar-pradesh,2023,2,shamli district,489,913029
uttar-pradesh,2023,2,maharajganj district,481,923370
uttar-pradesh,2023,2,etawah district,577,1059878
uttar-pradesh,2023,2,etah district,260,436829
uttar-pradesh,2023,2,banda district,184,275539
uttar-pradesh,2023,2,bijnor district,997,1936582
uttar-pradesh,2023,2,hardoi district,441,815280
uttar-pradesh,2023,2,balrampur district,200,398795
uttar-pradesh,2023,2,amroha district,561,1013865
uttar-pradesh,2023,2,pilibhit district,262,429818
uttar-pradesh,2023,2,mainpuri district,387,672415
uttar-pradesh,2023,2,kanpur dehat district,276,415493
uttar-pradesh,2023,2,jaunpur district,855,1675064
uttar-pradesh,2023,2,kaushambi district,192,395193
uttar-pradesh,2023,2,hapur district,966,1483801
uttar-pradesh,2023,2,hamirpur district,167,291871
uttar-pradesh,2023,2,meerut district,3087,4828715
uttar-pradesh,2023,2,mathura district,1184,1984031
uttar-pradesh,2023,2,chitrakoot district,167,258216
uttar-pradesh,2023,2,lalitpur district,247,418059
uttar-pradesh,2023,2,mau district,438,739293
uttar-pradesh,2023,2,mirzapur district,371,679767
uttar-pradesh,2023,2,bulandshahr district,1081,1885867
uttar-pradesh,2023,2,gonda district,413,758073
uttar-pradesh,2023,2,jhansi district,1372,2486169
uttar-pradesh,2023,2,chandauli district,300,454148
uttar-pradesh,2023,2,bhadohi district,213,383222
uttar-pradesh,2023,2,pratapgarh district,655,1242246
uttar-pradesh,2023,2,saharanpur district,1506,2856552
uttar-pradesh,2023,2,bara banki district,400,709480
uttar-pradesh,2023,2,bareilly district,1850,3100459
uttar-pradesh,2023,2,sitapur district,341,640116
uttar-pradesh,2023,2,sultanpur district,488,801390
uttar-pradesh,2023,2,agra district,2255,3833794
uttar-pradesh,2023,2,fatehpur district,377,630295
uttar-pradesh,2023,2,rae bareli district,445,774894
uttar-pradesh,2023,2,firozabad district,424,850880
uttar-pradesh,2023,2,kheri district,401,777156
uttar-pradesh,2023,2,gorakhpur district,2009,3340034
uttar-pradesh,2023,2,unnao district,456,808200
uttar-pradesh,2023,2,prayagraj district,2383,4088463
uttar-pradesh,2023,2,sonbhadra district,538,953146
uttar-pradesh,2023,2,ghazipur district,636,1251321
uttar-pradesh,2023,2,farrukhabad district,328,695427
uttar-pradesh,2023,2,kannauj district,296,508034
uttar-pradesh,2023,2,azamgarh district,855,1553419
uttar-pradesh,2023,2,ayodhya district,623,1023742
uttar-pradesh,2023,2,deoria district,574,1070325
uttar-pradesh,2023,2,ghaziabad district,8012,11085163
uttar-pradesh,2023,3,amethi district,308,567642
uttar-pradesh,2023,3,siddharthnagar district,352,533375
uttar-pradesh,2023,3,auraiya district,294,513264
uttar-pradesh,2023,3,sambhal district,323,566414
uttar-pradesh,2023,3,kanpur nagar district,4630,6508882
uttar-pradesh,2023,3,aligarh district,1220,1937857
uttar-pradesh,2023,3,mahoba district,128,189542
uttar-pradesh,2023,3,lucknow district,6190,9701936
uttar-pradesh,2023,3,sant kabeer nagar district,246,437231
uttar-pradesh,2023,3,hathras district,285,445805
uttar-pradesh,2023,3,budaun district,311,550666
uttar-pradesh,2023,3,moradabad district,2019,2881894
uttar-pradesh,2023,3,kushinagar district,651,1049927
uttar-pradesh,2023,3,baghpat district,610,1024883
uttar-pradesh,2023,3,shahjahanpur district,584,987489
uttar-pradesh,2023,3,muzaffarnagar district,1282,2112975
uttar-pradesh,2023,3,ambedkar nagar district,283,462776
uttar-pradesh,2023,3,bahraich district,340,657984
uttar-pradesh,2023,3,jalaun district,355,610231
uttar-pradesh,2023,3,rampur district,547,806213
uttar-pradesh,2023,3,ballia district,596,1200520
uttar-pradesh,2023,3,shravasti district,80,145550
uttar-pradesh,2023,3,kasganj district,209,285360
uttar-pradesh,2023,3,varanasi district,1948,2952032
uttar-pradesh,2023,3,gautam buddha nagar district,10225,13643003
uttar-pradesh,2023,3,basti district,505,840676
uttar-pradesh,2023,3,shamli district,647,1060567
uttar-pradesh,2023,3,maharajganj district,476,862734
uttar-pradesh,2023,3,etawah district,559,936843
uttar-pradesh,2023,3,etah district,263,439344
uttar-pradesh,2023,3,banda district,214,362051
uttar-pradesh,2023,3,bijnor district,857,1634021
uttar-pradesh,2023,3,hardoi district,458,741047
uttar-pradesh,2023,3,balrampur district,196,290363
uttar-pradesh,2023,3,amroha district,615,1287660
uttar-pradesh,2023,3,pilibhit district,292,428530
uttar-pradesh,2023,3,mainpuri district,402,632989
uttar-pradesh,2023,3,kanpur dehat district,328,582165
uttar-pradesh,2023,3,jaunpur district,815,1391345
uttar-pradesh,2023,3,kaushambi district,172,283808
uttar-pradesh,2023,3,hapur district,943,1470542
uttar-pradesh,2023,3,hamirpur district,168,342352
uttar-pradesh,2023,3,meerut district,3680,5465789
uttar-pradesh,2023,3,mathura district,1192,1844859
uttar-pradesh,2023,3,chitrakoot district,162,245487
uttar-pradesh,2023,3,lalitpur district,180,293084
uttar-pradesh,2023,3,mau district,438,805926
uttar-pradesh,2023,3,mirzapur district,358,613087
uttar-pradesh,2023,3,bulandshahr district,1144,1916365
uttar-pradesh,2023,3,gonda district,365,562457
uttar-pradesh,2023,3,jhansi district,1311,2196270
uttar-pradesh,2023,3,chandauli district,358,482425
uttar-pradesh,2023,3,bhadohi district,184,382899
uttar-pradesh,2023,3,pratapgarh district,531,957067
uttar-pradesh,2023,3,saharanpur district,1547,2670658
uttar-pradesh,2023,3,bara banki district,443,649295
uttar-pradesh,2023,3,bareilly district,1832,2811795
uttar-pradesh,2023,3,sitapur district,398,701230
uttar-pradesh,2023,3,sultanpur district,480,778486
uttar-pradesh,2023,3,agra district,2209,3489628
uttar-pradesh,2023,3,fatehpur district,413,671698
uttar-pradesh,2023,3,rae bareli district,537,817020
uttar-pradesh,2023,3,firozabad district,446,729911
uttar-pradesh,2023,3,kheri district,404,681899
uttar-pradesh,2023,3,gorakhpur district,2403,3612643
uttar-pradesh,2023,3,unnao district,480,818719
uttar-pradesh,2023,3,prayagraj district,2364,3815831
uttar-pradesh,2023,3,sonbhadra district,632,1033866
uttar-pradesh,2023,3,ghazipur district,727,1183677
uttar-pradesh,2023,3,farrukhabad district,376,714996
uttar-pradesh,2023,3,kannauj district,299,548927
uttar-pradesh,2023,3,azamgarh district,907,1661669
uttar-pradesh,2023,3,ayodhya district,645,1209884
uttar-pradesh,2023,3,deoria district,655,1085685
uttar-pradesh,2023,3,ghaziabad district,8914,11669450
uttar-pradesh,2023,4,amethi district,462,895055
uttar-pradesh,2023,4,siddharthnagar district,474,895077
uttar-pradesh,2023,4,auraiya district,370,764269
uttar-pradesh,2023,4,sambhal district,359,669510
uttar-pradesh,2023,4,kanpur nagar district,5160,8080958
uttar-pradesh,2023,4,aligarh district,1471,2760460
uttar-pradesh,2023,4,mahoba district,176,347842
uttar-pradesh,2023,4,lucknow district,6505,12260960
uttar-pradesh,2023,4,sant kabeer nagar district,324,673768
uttar-pradesh,2023,4,hathras district,367,703785
uttar-pradesh,2023,4,budaun district,465,925574
uttar-pradesh,2023,4,moradabad district,2073,3569874
uttar-pradesh,2023,4,kushinagar district,779,1320260
uttar-pradesh,2023,4,baghpat district,792,1644359
uttar-pradesh,2023,4,shahjahanpur district,700,1395653
uttar-pradesh,2023,4,muzaffarnagar district,1447,2547590
uttar-pradesh,2023,4,ambedkar nagar district,365,738556
uttar-pradesh,2023,4,bahraich district,364,833420
uttar-pradesh,2023,4,jalaun district,479,1040768
uttar-pradesh,2023,4,rampur district,578,1244490
uttar-pradesh,2023,4,ballia district,810,1664073
uttar-pradesh,2023,4,shravasti district,89,118285
uttar-pradesh,2023,4,kasganj district,300,591504
uttar-pradesh,2023,4,varanasi district,2220,3754886
uttar-pradesh,2023,4,gautam buddha nagar district,10878,17960233
uttar-pradesh,2023,4,basti district,644,1113853
uttar-pradesh,2023,4,shamli district,647,1163375
uttar-pradesh,2023,4,maharajganj district,555,946839
uttar-pradesh,2023,4,etawah district,749,1365215
uttar-pradesh,2023,4,etah district,388,727848
uttar-pradesh,2023,4,banda district,274,526241
uttar-pradesh,2023,4,bijnor district,1114,2290525
uttar-pradesh,2023,4,hardoi district,606,1074270
uttar-pradesh,2023,4,balrampur district,249,415447
uttar-pradesh,2023,4,amroha district,717,1492713
uttar-pradesh,2023,4,pilibhit district,407,742532
uttar-pradesh,2023,4,mainpuri district,544,1018557
uttar-pradesh,2023,4,kanpur dehat district,392,670461
uttar-pradesh,2023,4,jaunpur district,1013,1940676
uttar-pradesh,2023,4,kaushambi district,254,457255
uttar-pradesh,2023,4,hapur district,1135,2030553
uttar-pradesh,2023,4,hamirpur district,222,423711
uttar-pradesh,2023,4,meerut district,3870,7048374
uttar-pradesh,2023,4,mathura district,1670,3130016
uttar-pradesh,2023,4,chitrakoot district,181,332511
uttar-pradesh,2023,4,lalitpur district,257,614257
uttar-pradesh,2023,4,mau district,584,1269974
uttar-pradesh,2023,4,mirzapur district,479,873652
uttar-pradesh,2023,4,bulandshahr district,1451,2867242
uttar-pradesh,2023,4,gonda district,442,778282
uttar-pradesh,2023,4,jhansi district,1547,2975770
uttar-pradesh,2023,4,chandauli district,432,715826
uttar-pradesh,2023,4,bhadohi district,290,538534
uttar-pradesh,2023,4,pratapgarh district,824,1780218
uttar-pradesh,2023,4,saharanpur district,1643,3275954
uttar-pradesh,2023,4,bara banki district,475,1035955
uttar-pradesh,2023,4,bareilly district,2460,4239599
uttar-pradesh,2023,4,sitapur district,584,973120
uttar-pradesh,2023,4,sultanpur district,620,1350214
uttar-pradesh,2023,4,agra district,2711,5093950
uttar-pradesh,2023,4,fatehpur district,527,1050566
uttar-pradesh,2023,4,rae bareli district,722,1306987
uttar-pradesh,2023,4,firozabad district,611,1304974
uttar-pradesh,2023,4,kheri district,523,949053
uttar-pradesh,2023,4,gorakhpur district,2533,4280963
uttar-pradesh,2023,4,unnao district,725,1318558
uttar-pradesh,2023,4,prayagraj district,3310,5777544
uttar-pradesh,2023,4,sonbhadra district,854,1494027
uttar-pradesh,2023,4,ghazipur district,988,1675822
uttar-pradesh,2023,4,farrukhabad district,472,984026
uttar-pradesh,2023,4,kannauj district,371,807179
uttar-pradesh,2023,4,azamgarh district,1072,2171981
uttar-pradesh,2023,4,ayodhya district,803,1461619
uttar-pradesh,2023,4,deoria district,858,1743913
uttar-pradesh,2023,4,ghaziabad district,9319,14487937
uttar-pradesh,2024,1,amethi district,665,1130556
uttar-pradesh,2024,1,siddharthnagar district,590,965568
uttar-pradesh,2024,1,auraiya district,475,794877
uttar-pradesh,2024,1,sambhal district,581,969356
uttar-pradesh,2024,1,kanpur nagar district,5244,8381914
uttar-pradesh,2024,1,aligarh district,1611,3002981
uttar-pradesh,2024,1,mahoba district,230,381537
uttar-pradesh,2024,1,lucknow district,6736,12751921
uttar-pradesh,2024,1,sant kabeer nagar district,411,662580
uttar-pradesh,2024,1,hathras district,471,765081
uttar-pradesh,2024,1,budaun district,611,951980
uttar-pradesh,2024,1,moradabad district,2771,4524971
uttar-pradesh,2024,1,kushinagar district,1030,1399576
uttar-pradesh,2024,1,baghpat district,843,1637617
uttar-pradesh,2024,1,shahjahanpur district,805,1420265
uttar-pradesh,2024,1,muzaffarnagar district,2006,3271353
uttar-pradesh,2024,1,ambedkar nagar district,479,822733
uttar-pradesh,2024,1,bahraich district,533,800866
uttar-pradesh,2024,1,jalaun district,552,1078481
uttar-pradesh,2024,1,rampur district,836,1466086
uttar-pradesh,2024,1,ballia district,1082,1871151
uttar-pradesh,2024,1,shravasti district,127,205929
uttar-pradesh,2024,1,kasganj district,318,532251
uttar-pradesh,2024,1,varanasi district,2481,4123756
uttar-pradesh,2024,1,gautam buddha nagar district,10981,17480550
uttar-pradesh,2024,1,basti district,788,1337577
uttar-pradesh,2024,1,shamli district,800,1320895
uttar-pradesh,2024,1,maharajganj district,735,1065629
uttar-pradesh,2024,1,etawah district,848,1417139
uttar-pradesh,2024,1,etah district,415,692995
uttar-pradesh,2024,1,banda district,320,615082
uttar-pradesh,2024,1,bijnor district,1341,2645864
uttar-pradesh,2024,1,hardoi district,675,1000479
uttar-pradesh,2024,1,balrampur district,283,498219
uttar-pradesh,2024,1,amroha district,950,1821476
uttar-pradesh,2024,1,pilibhit district,446,670529
uttar-pradesh,2024,1,mainpuri district,615,1239414
uttar-pradesh,2024,1,kanpur dehat district,519,830625
uttar-pradesh,2024,1,jaunpur district,1263,2353935
uttar-pradesh,2024,1,kaushambi district,317,412798
uttar-pradesh,2024,1,hapur district,1330,2265766
uttar-pradesh,2024,1,hamirpur district,264,437106
uttar-pradesh,2024,1,meerut district,4372,7716667
uttar-pradesh,2024,1,mathura district,1665,2842517
uttar-pradesh,2024,1,chitrakoot district,261,552469
uttar-pradesh,2024,1,lalitpur district,290,545096
uttar-pradesh,2024,1,mau district,767,1364586
uttar-pradesh,2024,1,mirzapur district,659,993098
uttar-pradesh,2024,1,bulandshahr district,1736,3191236
uttar-pradesh,2024,1,gonda district,670,1023140
uttar-pradesh,2024,1,jhansi district,1886,3314085
uttar-pradesh,2024,1,chandauli district,507,769579
uttar-pradesh,2024,1,bhadohi district,338,499671
uttar-pradesh,2024,1,pratapgarh district,976,1626885
uttar-pradesh,2024,1,saharanpur district,2083,3889863
uttar-pradesh,2024,1,bara banki district,597,1000935
uttar-pradesh,2024,1,bareilly district,2541,4176264
uttar-pradesh,2024,1,sitapur district,716,1193787
uttar-pradesh,2024,1,sultanpur district,770,1220912
uttar-pradesh,2024,1,agra district,2778,5205452
uttar-pradesh,2024,1,fatehpur district,600,1084279
uttar-pradesh,2024,1,rae bareli district,866,1515174
uttar-pradesh,2024,1,firozabad district,681,1043973
uttar-pradesh,2024,1,kheri district,717,1266434
uttar-pradesh,2024,1,gorakhpur district,2704,4712299
uttar-pradesh,2024,1,unnao district,756,1371749
uttar-pradesh,2024,1,prayagraj district,3581,6457219
uttar-pradesh,2024,1,sonbhadra district,942,1462228
uttar-pradesh,2024,1,ghazipur district,1071,1856420
uttar-pradesh,2024,1,farrukhabad district,552,855715
uttar-pradesh,2024,1,kannauj district,461,853588
uttar-pradesh,2024,1,azamgarh district,1389,2449869
uttar-pradesh,2024,1,ayodhya district,963,1624880
uttar-pradesh,2024,1,deoria district,1036,1662963
uttar-pradesh,2024,1,ghaziabad district,9392,15080168
uttar-pradesh,2024,2,amethi district,505,961537
uttar-pradesh,2024,2,siddharthnagar district,629,1028320
uttar-pradesh,2024,2,auraiya district,432,703297
uttar-pradesh,2024,2,sambhal district,535,937470
uttar-pradesh,2024,2,kanpur nagar district,4591,7536607
uttar-pradesh,2024,2,aligarh district,1552,2700181
uttar-pradesh,2024,2,mahoba district,182,270179
uttar-pradesh,2024,2,lucknow district,5893,11428152
uttar-pradesh,2024,2,sant kabeer nagar district,382,581228
uttar-pradesh,2024,2,hathras district,406,764967
uttar-pradesh,2024,2,budaun district,606,917189
uttar-pradesh,2024,2,moradabad district,2733,4484726
uttar-pradesh,2024,2,kushinagar district,902,1458868
uttar-pradesh,2024,2,baghpat district,660,976670
uttar-pradesh,2024,2,shahjahanpur district,770,1368047
uttar-pradesh,2024,2,muzaffarnagar district,1615,2520028
uttar-pradesh,2024,2,ambedkar nagar district,410,769244
uttar-pradesh,2024,2,bahraich district,495,877480
uttar-pradesh,2024,2,jalaun district,517,1074286
uttar-pradesh,2024,2,rampur district,721,1096254
uttar-pradesh,2024,2,ballia district,936,1711908
uttar-pradesh,2024,2,shravasti district,101,150720
uttar-pradesh,2024,2,kasganj district,292,496542
uttar-pradesh,2024,2,varanasi district,2414,4463808
uttar-pradesh,2024,2,gautam buddha nagar district,9887,16523674
uttar-pradesh,2024,2,basti district,710,1270917
uttar-pradesh,2024,2,shamli district,647,1009966
uttar-pradesh,2024,2,maharajganj district,656,984830
uttar-pradesh,2024,2,etawah district,745,1309569
uttar-pradesh,2024,2,etah district,389,661722
uttar-pradesh,2024,2,banda district,266,417720
uttar-pradesh,2024,2,bijnor district,1424,2626270
uttar-pradesh,2024,2,hardoi district,684,1256327
uttar-pradesh,2024,2,balrampur district,267,605266
uttar-pradesh,2024,2,amroha district,913,1818853
uttar-pradesh,2024,2,pilibhit district,430,663862
uttar-pradesh,2024,2,mainpuri district,544,910928
uttar-pradesh,2024,2,kanpur dehat district,408,653735
uttar-pradesh,2024,2,jaunpur district,1123,1979343
uttar-pradesh,2024,2,kaushambi district,287,526776
uttar-pradesh,2024,2,hapur district,1096,1781356
uttar-pradesh,2024,2,hamirpur district,220,425369
uttar-pradesh,2024,2,meerut district,3591,6184000
uttar-pradesh,2024,2,mathura district,1679,2941704
uttar-pradesh,2024,2,chitrakoot district,202,334732
uttar-pradesh,2024,2,lalitpur district,313,568346
uttar-pradesh,2024,2,mau district,623,1192276
uttar-pradesh,2024,2,mirzapur district,530,961725
uttar-pradesh,2024,2,bulandshahr district,1433,2479606
uttar-pradesh,2024,2,gonda district,602,940061
uttar-pradesh,2024,2,jhansi district,1633,2908674
uttar-pradesh,2024,2,chandauli district,514,856101
uttar-pradesh,2024,2,bhadohi district,322,562919
uttar-pradesh,2024,2,pratapgarh district,948,1567874
uttar-pradesh,2024,2,saharanpur district,1978,3989995
uttar-pradesh,2024,2,bara banki district,568,997074
uttar-pradesh,2024,2,bareilly district,2491,4072343
uttar-pradesh,2024,2,sitapur district,562,1009967
uttar-pradesh,2024,2,sultanpur district,663,1124027
uttar-pradesh,2024,2,agra district,2336,4245624
uttar-pradesh,2024,2,fatehpur district,527,978517
uttar-pradesh,2024,2,rae bareli district,737,1363896
uttar-pradesh,2024,2,firozabad district,629,986223
uttar-pradesh,2024,2,kheri district,606,1036265
uttar-pradesh,2024,2,gorakhpur district,2444,4326018
uttar-pradesh,2024,2,unnao district,622,959143
uttar-pradesh,2024,2,prayagraj district,3184,5747573
uttar-pradesh,2024,2,sonbhadra district,846,1279751
uttar-pradesh,2024,2,ghazipur district,984,1709458
uttar-pradesh,2024,2,farrukhabad district,472,847138
uttar-pradesh,2024,2,kannauj district,344,689585
uttar-pradesh,2024,2,azamgarh district,1151,2016086
uttar-pradesh,2024,2,ayodhya district,865,1485896
uttar-pradesh,2024,2,deoria district,813,1494203
uttar-pradesh,2024,2,ghaziabad district,8271,13333267
uttar-pradesh,2024,3,amethi district,388,678905
uttar-pradesh,2024,3,siddharthnagar district,514,785070
uttar-pradesh,2024,3,auraiya district,449,725413
uttar-pradesh,2024,3,sambhal district,433,873872
uttar-pradesh,2024,3,kanpur nagar district,4825,7438114
uttar-pradesh,2024,3,aligarh district,1562,2726631
uttar-pradesh,2024,3,mahoba district,179,355960
uttar-pradesh,2024,3,lucknow district,6514,11848066
uttar-pradesh,2024,3,hathras district,375,580816
uttar-pradesh,2024,3,budaun district,537,910593
uttar-pradesh,2024,3,moradabad district,2648,4074503
uttar-pradesh,2024,3,kushinagar district,745,1250514
uttar-pradesh,2024,3,baghpat district,1,6451
uttar-pradesh,2024,3,shahjahanpur district,732,1337583
uttar-pradesh,2024,3,muzaffarnagar district,1588,2485447
uttar-pradesh,2024,3,ambedkar nagar district,342,667764
uttar-pradesh,2024,3,bahraich district,499,859023
uttar-pradesh,2024,3,jalaun district,501,988999
uttar-pradesh,2024,3,rampur district,672,1166635
uttar-pradesh,2024,3,ballia district,831,1563989
uttar-pradesh,2024,3,shravasti district,92,213521
uttar-pradesh,2024,3,kasganj district,293,482201
uttar-pradesh,2024,3,varanasi district,2311,4039502
uttar-pradesh,2024,3,gautam buddha nagar district,5,21749
uttar-pradesh,2024,3,basti district,686,1071055
uttar-pradesh,2024,3,shamli district,607,1047119
uttar-pradesh,2024,3,maharajganj district,606,959924
uttar-pradesh,2024,3,etawah district,696,1111817
uttar-pradesh,2024,3,etah district,364,684959
uttar-pradesh,2024,3,raebareli district,784,1267956
uttar-pradesh,2024,3,banda district,272,492055
uttar-pradesh,2024,3,bijnor district,1182,2167528
uttar-pradesh,2024,3,hardoi district,612,955167
uttar-pradesh,2024,3,balrampur district,221,366726
uttar-pradesh,2024,3,amroha district,806,1552353
uttar-pradesh,2024,3,pilibhit district,398,596365
uttar-pradesh,2024,3,mainpuri district,570,907553
uttar-pradesh,2024,3,kanpur dehat district,432,703666
uttar-pradesh,2024,3,jaunpur district,1023,1805759
uttar-pradesh,2024,3,kaushambi district,237,466448
uttar-pradesh,2024,3,hapur district,1118,1803102
uttar-pradesh,2024,3,hamirpur district,197,384763
uttar-pradesh,2024,3,meerut district,4013,6718841
uttar-pradesh,2024,3,mathura district,1577,2600907
uttar-pradesh,2024,3,chitrakoot district,186,365720
uttar-pradesh,2024,3,lalitpur district,249,479359
uttar-pradesh,2024,3,mau district,565,1125714
uttar-pradesh,2024,3,mirzapur district,497,891791
uttar-pradesh,2024,3,gautambuddha nagar district,10577,17321952
uttar-pradesh,2024,3,bulandshahr district,1441,2500512
uttar-pradesh,2024,3,sant kabir nagar district,372,707319
uttar-pradesh,2024,3,lakhimpur kheri district,579,969886
uttar-pradesh,2024,3,gonda district,441,783325
uttar-pradesh,2024,3,jhansi district,1636,2928531
uttar-pradesh,2024,3,bagpat district,697,1218228
uttar-pradesh,2024,3,chandauli district,499,831920
uttar-pradesh,2024,3,bhadohi district,257,412541
uttar-pradesh,2024,3,barabanki district,559,995883
uttar-pradesh,2024,3,pratapgarh district,783,1314964
uttar-pradesh,2024,3,saharanpur district,1796,3463395
uttar-pradesh,2024,3,bareilly district,2224,3559270
uttar-pradesh,2024,3,sitapur district,496,858865
uttar-pradesh,2024,3,sultanpur district,686,1160496
uttar-pradesh,2024,3,agra district,2490,4578823
uttar-pradesh,2024,3,fatehpur district,539,873766
uttar-pradesh,2024,3,firozabad district,608,1128630
uttar-pradesh,2024,3,gorakhpur district,2752,4772281
uttar-pradesh,2024,3,unnao district,599,1079531
uttar-pradesh,2024,3,prayagraj district,3439,5704952
uttar-pradesh,2024,3,sonbhadra district,885,1412511
uttar-pradesh,2024,3,ghazipur district,811,1507108
uttar-pradesh,2024,3,farrukhabad district,474,919103
uttar-pradesh,2024,3,kannauj district,370,734108
uttar-pradesh,2024,3,azamgarh district,1110,2093106
uttar-pradesh,2024,3,ayodhya district,874,1488512
uttar-pradesh,2024,3,deoria district,809,1375330
uttar-pradesh,2024,3,ghaziabad district,9193,14000780
uttar-pradesh,2024,4,amethi district,542,1053899
uttar-pradesh,2024,4,siddharthnagar district,651,960440
uttar-pradesh,2024,4,auraiya district,510,894676
uttar-pradesh,2024,4,sambhal district,594,889739
uttar-pradesh,2024,4,kanpur nagar district,5328,8989140
uttar-pradesh,2024,4,aligarh district,2017,3424994
uttar-pradesh,2024,4,mahoba district,269,446215
uttar-pradesh,2024,4,lucknow district,7137,13917630
uttar-pradesh,2024,4,hathras district,606,979523
uttar-pradesh,2024,4,budaun district,683,991260
uttar-pradesh,2024,4,moradabad district,3071,4976308
uttar-pradesh,2024,4,kushinagar district,1089,1741564
uttar-pradesh,2024,4,shahjahanpur district,937,1609841
uttar-pradesh,2024,4,muzaffarnagar district,1948,3253758
uttar-pradesh,2024,4,ambedkar nagar district,581,1060690
uttar-pradesh,2024,4,bahraich district,518,849653
uttar-pradesh,2024,4,jalaun district,570,1126698
uttar-pradesh,2024,4,rampur district,946,1718658
uttar-pradesh,2024,4,ballia district,1161,2004032
uttar-pradesh,2024,4,shravasti district,119,161941
uttar-pradesh,2024,4,kasganj district,426,670420
uttar-pradesh,2024,4,varanasi district,3042,5443097
uttar-pradesh,2024,4,basti district,898,1428295
uttar-pradesh,2024,4,shamli district,840,1409666
uttar-pradesh,2024,4,maharajganj district,784,1105019
uttar-pradesh,2024,4,etawah district,910,1709851
uttar-pradesh,2024,4,etah district,496,847212
uttar-pradesh,2024,4,raebareli district,993,1680701
uttar-pradesh,2024,4,banda district,380,622769
uttar-pradesh,2024,4,bijnor district,1455,2691123
uttar-pradesh,2024,4,hardoi district,747,1175139
uttar-pradesh,2024,4,balrampur district,337,550236
uttar-pradesh,2024,4,amroha district,1052,1872066
uttar-pradesh,2024,4,pilibhit district,545,851317
uttar-pradesh,2024,4,mainpuri district,655,1251848
uttar-pradesh,2024,4,kanpur dehat district,516,912288
uttar-pradesh,2024,4,jaunpur district,1394,2389123
uttar-pradesh,2024,4,kaushambi district,337,621688
uttar-pradesh,2024,4,hapur district,1346,2107215
uttar-pradesh,2024,4,hamirpur district,266,386761
uttar-pradesh,2024,4,meerut district,4424,7889754
uttar-pradesh,2024,4,mathura district,2081,3565354
uttar-pradesh,2024,4,chitrakoot district,248,476327
uttar-pradesh,2024,4,lalitpur district,346,588499
uttar-pradesh,2024,4,mau district,753,1261245
uttar-pradesh,2024,4,mirzapur district,733,1249229
uttar-pradesh,2024,4,gautambuddha nagar district,13381,21437439
uttar-pradesh,2024,4,bulandshahr district,1727,2819789
uttar-pradesh,2024,4,sant kabir nagar district,446,852668
uttar-pradesh,2024,4,lakhimpur kheri district,711,1122958
uttar-pradesh,2024,4,gonda district,656,1101744
uttar-pradesh,2024,4,jhansi district,2002,3753986
uttar-pradesh,2024,4,bagpat district,894,1593652
uttar-pradesh,2024,4,chandauli district,649,1024609
uttar-pradesh,2024,4,bhadohi district,359,564397
uttar-pradesh,2024,4,barabanki district,722,1234229
uttar-pradesh,2024,4,pratapgarh district,1095,2048252
uttar-pradesh,2024,4,saharanpur district,2240,4369304
uttar-pradesh,2024,4,bareilly district,2707,4710918
uttar-pradesh,2024,4,sitapur district,771,1161051
uttar-pradesh,2024,4,sultanpur district,956,1649077
uttar-pradesh,2024,4,agra district,3066,5497894
uttar-pradesh,2024,4,fatehpur district,782,1398767
uttar-pradesh,2024,4,firozabad district,789,1280091
uttar-pradesh,2024,4,gorakhpur district,3223,5536867
uttar-pradesh,2024,4,unnao district,835,1458782
uttar-pradesh,2024,4,prayagraj district,4525,7958403
uttar-pradesh,2024,4,sonbhadra district,1062,1647273
uttar-pradesh,2024,4,ghazipur district,1255,2177743
uttar-pradesh,2024,4,farrukhabad district,613,1070358
uttar-pradesh,2024,4,kannauj district,528,929494
uttar-pradesh,2024,4,azamgarh district,1423,2609109
uttar-pradesh,2024,4,ayodhya district,1044,1878676
uttar-pradesh,2024,4,deoria district,1137,1963858
uttar-pradesh,2024,4,ghaziabad district,11710,18521578
uttarakhand,2020,2,bageshwar district,6,1448
uttarakhand,2020,2,udham singh nagar district,68,15728
uttarakhand,2020,2,haridwar district,110,21708
uttarakhand,2020,2,champawat district,5,1129
uttarakhand,2020,2,nainital district,63,13166
uttarakhand,2020,2,dehradun district,313,59251
uttarakhand,2020,2,chamoli district,9,1905
uttarakhand,2020,2,almora district,20,4261
uttarakhand,2020,2,uttarkashi district,20,3974
uttarakhand,2020,2,pithoragarh district,17,5076
uttarakhand,2020,2,rudraprayag district,6,1453
uttarakhand,2020,2,pauri garhwal district,10,2187
uttarakhand,2020,2,tehri garhwal district,13,3613
uttarakhand,2020,3,bageshwar district,10,3935
uttarakhand,2020,3,udham singh nagar district,294,70995
uttarakhand,2020,3,haridwar district,305,79746
uttarakhand,2020,3,champawat district,9,4259
uttarakhand,2020,3,nainital district,102,28588
uttarakhand,2020,3,dehradun district,482,166568
uttarakhand,2020,3,chamoli district,16,5235
uttarakhand,2020,3,almora district,36,15207
uttarakhand,2020,3,uttarkashi district,25,4041
uttarakhand,2020,3,pithoragarh district,32,12065
uttarakhand,2020,3,rudraprayag district,11,3569
uttarakhand,2020,3,pauri garhwal district,43,11588
uttarakhand,2020,3,tehri garhwal district,38,12747
uttarakhand,2020,4,bageshwar district,26,26551
uttarakhand,2020,4,udham singh nagar district,294,261230
uttarakhand,2020,4,haridwar district,337,341470
uttarakhand,2020,4,champawat district,28,73616
uttarakhand,2020,4,nainital district,169,206547
uttarakhand,2020,4,dehradun district,577,620548
uttarakhand,2020,4,chamoli district,35,56928
uttarakhand,2020,4,almora district,46,65453
uttarakhand,2020,4,uttarkashi district,44,44541
uttarakhand,2020,4,pithoragarh district,42,60841
uttarakhand,2020,4,rudraprayag district,17,18605
uttarakhand,2020,4,pauri garhwal district,79,95558
uttarakhand,2020,4,tehri garhwal district,62,90003
uttarakhand,2021,1,bageshwar district,24,34886
uttarakhand,2021,1,udham singh nagar district,502,438715
uttarakhand,2021,1,haridwar district,620,535996
uttarakhand,2021,1,champawat district,27,31773
uttarakhand,2021,1,nainital district,206,206237
uttarakhand,2021,1,dehradun district,761,878779
uttarakhand,2021,1,chamoli district,54,46552
uttarakhand,2021,1,almora district,54,66726
uttarakhand,2021,1,uttarkashi district,41,53604
uttarakhand,2021,1,pithoragarh district,74,165738
uttarakhand,2021,1,rudraprayag district,19,20427
uttarakhand,2021,1,pauri garhwal district,142,143920
uttarakhand,2021,1,tehri garhwal district,83,95974
uttarakhand,2021,2,bageshwar district,17,24949
uttarakhand,2021,2,udham singh nagar district,518,516440
uttarakhand,2021,2,haridwar district,607,604868
uttarakhand,2021,2,champawat district,32,40517
uttarakhand,2021,2,nainital district,205,288133
uttarakhand,2021,2,dehradun district,858,1143631
uttarakhand,2021,2,chamoli district,67,77488
uttarakhand,2021,2,almora district,86,112828
uttarakhand,2021,2,uttarkashi district,36,45443
uttarakhand,2021,2,pithoragarh district,72,82135
uttarakhand,2021,2,rudraprayag district,21,18729
uttarakhand,2021,2,pauri garhwal district,136,166197
uttarakhand,2021,2,tehri garhwal district,87,144359
uttarakhand,2021,3,bageshwar district,25,33910
uttarakhand,2021,3,udham singh nagar district,638,701929
uttarakhand,2021,3,haridwar district,1255,1050466
uttarakhand,2021,3,champawat district,52,89402
uttarakhand,2021,3,nainital district,364,472151
uttarakhand,2021,3,dehradun district,1112,1329330
uttarakhand,2021,3,chamoli district,72,114681
uttarakhand,2021,3,almora district,113,158721
uttarakhand,2021,3,uttarkashi district,43,71719
uttarakhand,2021,3,pithoragarh district,85,150869
uttarakhand,2021,3,rudraprayag district,49,84242
uttarakhand,2021,3,pauri garhwal district,221,271961
uttarakhand,2021,3,tehri garhwal district,82,117190
uttarakhand,2021,4,bageshwar district,47,80908
uttarakhand,2021,4,udham singh nagar district,899,1120952
uttarakhand,2021,4,haridwar district,1235,1394942
uttarakhand,2021,4,champawat district,83,179513
uttarakhand,2021,4,nainital district,665,915316
uttarakhand,2021,4,dehradun district,1681,2630885
uttarakhand,2021,4,chamoli district,95,170770
uttarakhand,2021,4,almora district,127,212761
uttarakhand,2021,4,uttarkashi district,61,108125
uttarakhand,2021,4,pithoragarh district,163,282298
uttarakhand,2021,4,rudraprayag district,51,79492
uttarakhand,2021,4,pauri garhwal district,310,469713
uttarakhand,2021,4,tehri garhwal district,112,203345
uttarakhand,2022,1,bageshwar district,45,100552
uttarakhand,2022,1,udham singh nagar district,847,1300676
uttarakhand,2022,1,haridwar district,1029,1529648
uttarakhand,2022,1,champawat district,61,95012
uttarakhand,2022,1,nainital district,646,1016607
uttarakhand,2022,1,dehradun district,1774,2986200
uttarakhand,2022,1,chamoli district,97,227232
uttarakhand,2022,1,almora district,110,231528
uttarakhand,2022,1,uttarkashi district,75,149678
uttarakhand,2022,1,pithoragarh district,133,254885
uttarakhand,2022,1,rudraprayag district,72,156271
uttarakhand,2022,1,pauri garhwal district,292,513474
uttarakhand,2022,1,tehri garhwal district,158,263185
uttarakhand,2022,2,bageshwar district,47,76299
uttarakhand,2022,2,udham singh nagar district,785,1188827
uttarakhand,2022,2,haridwar district,974,1467514
uttarakhand,2022,2,champawat district,76,110116
uttarakhand,2022,2,nainital district,682,1005330
uttarakhand,2022,2,dehradun district,2015,3197024
uttarakhand,2022,2,chamoli district,141,293929
uttarakhand,2022,2,almora district,179,319008
uttarakhand,2022,2,uttarkashi district,110,198886
uttarakhand,2022,2,pithoragarh district,168,241163
uttarakhand,2022,2,rudraprayag district,73,119508
uttarakhand,2022,2,pauri garhwal district,327,604216
uttarakhand,2022,2,tehri garhwal district,196,346493
uttarakhand,2022,3,bageshwar district,77,137073
uttarakhand,2022,3,udham singh nagar district,1106,1480288
uttarakhand,2022,3,haridwar district,1141,1636841
uttarakhand,2022,3,champawat district,104,184780
uttarakhand,2022,3,nainital district,805,1153568
uttarakhand,2022,3,dehradun district,2235,3326547
uttarakhand,2022,3,chamoli district,132,236958
uttarakhand,2022,3,almora district,212,392745
uttarakhand,2022,3,uttarkashi district,84,166968
uttarakhand,2022,3,pithoragarh district,218,294097
uttarakhand,2022,3,rudraprayag district,62,108564
uttarakhand,2022,3,pauri garhwal district,398,581563
uttarakhand,2022,3,tehri garhwal district,210,370180
uttarakhand,2022,4,bageshwar district,106,203627
uttarakhand,2022,4,udham singh nagar district,1364,1880392
uttarakhand,2022,4,haridwar district,1487,2219064
uttarakhand,2022,4,champawat district,120,231116
uttarakhand,2022,4,nainital district,1098,1596483
uttarakhand,2022,4,dehradun district,2944,4789862
uttarakhand,2022,4,chamoli district,145,313403
uttarakhand,2022,4,almora district,255,527702
uttarakhand,2022,4,uttarkashi district,106,169544
uttarakhand,2022,4,pithoragarh district,241,419628
uttarakhand,2022,4,rudraprayag district,105,161845
uttarakhand,2022,4,pauri garhwal district,523,863303
uttarakhand,2022,4,tehri garhwal district,256,441778
uttarakhand,2023,1,bageshwar district,60,122240
uttarakhand,2023,1,udham singh nagar district,1211,2199841
uttarakhand,2023,1,haridwar district,1333,2613631
uttarakhand,2023,1,champawat district,101,204855
uttarakhand,2023,1,nainital district,803,1294101
uttarakhand,2023,1,dehradun district,2611,4615566
uttarakhand,2023,1,chamoli district,131,240907
uttarakhand,2023,1,almora district,199,421827
uttarakhand,2023,1,uttarkashi district,96,188913
uttarakhand,2023,1,pithoragarh district,236,412777
uttarakhand,2023,1,rudraprayag district,92,213000
uttarakhand,2023,1,pauri garhwal district,450,712712
uttarakhand,2023,1,tehri garhwal district,229,358656
uttarakhand,2023,2,bageshwar district,63,89071
uttarakhand,2023,2,udham singh nagar district,1346,2119816
uttarakhand,2023,2,haridwar district,1301,2352512
uttarakhand,2023,2,champawat district,98,177470
uttarakhand,2023,2,nainital district,860,1499565
uttarakhand,2023,2,dehradun district,2830,4928013
uttarakhand,2023,2,chamoli district,160,353627
uttarakhand,2023,2,almora district,226,468657
uttarakhand,2023,2,uttarkashi district,122,219180
uttarakhand,2023,2,pithoragarh district,256,402449
uttarakhand,2023,2,rudraprayag district,86,177992
uttarakhand,2023,2,pauri garhwal district,449,834933
uttarakhand,2023,2,tehri garhwal district,254,411630
uttarakhand,2023,3,bageshwar district,87,127031
uttarakhand,2023,3,udham singh nagar district,1368,2002699
uttarakhand,2023,3,haridwar district,1237,2120521
uttarakhand,2023,3,champawat district,111,175544
uttarakhand,2023,3,nainital district,850,1344731
uttarakhand,2023,3,dehradun district,2753,4269377
uttarakhand,2023,3,chamoli district,120,262413
uttarakhand,2023,3,almora district,238,427365
uttarakhand,2023,3,uttarkashi district,96,169217
uttarakhand,2023,3,pithoragarh district,259,463687
uttarakhand,2023,3,rudraprayag district,84,171376
uttarakhand,2023,3,pauri garhwal district,466,723598
uttarakhand,2023,3,tehri garhwal district,187,379190
uttarakhand,2023,4,bageshwar district,91,173452
uttarakhand,2023,4,udham singh nagar district,1667,3091689
uttarakhand,2023,4,haridwar district,1693,3183018
uttarakhand,2023,4,champawat district,154,266866
uttarakhand,2023,4,nainital district,1086,1911707
uttarakhand,2023,4,dehradun district,3417,6454643
uttarakhand,2023,4,chamoli district,232,619715
uttarakhand,2023,4,almora district,278,589368
uttarakhand,2023,4,uttarkashi district,142,275763
uttarakhand,2023,4,pithoragarh district,274,554770
uttarakhand,2023,4,rudraprayag district,94,185961
uttarakhand,2023,4,pauri garhwal district,592,1037849
uttarakhand,2023,4,tehri garhwal district,320,700351
uttarakhand,2024,1,bageshwar district,78,105814
uttarakhand,2024,1,udham singh nagar district,1804,2873929
uttarakhand,2024,1,haridwar district,2141,3803423
uttarakhand,2024,1,champawat district,139,244147
uttarakhand,2024,1,nainital district,1195,2066666
uttarakhand,2024,1,dehradun district,4033,6937954
uttarakhand,2024,1,chamoli district,219,367270
uttarakhand,2024,1,almora district,296,527121
uttarakhand,2024,1,uttarkashi district,148,244752
uttarakhand,2024,1,pithoragarh district,314,576592
uttarakhand,2024,1,rudraprayag district,139,228013
uttarakhand,2024,1,pauri garhwal district,676,986721
uttarakhand,2024,1,tehri garhwal district,351,569081
uttarakhand,2024,2,bageshwar district,106,177230
uttarakhand,2024,2,udham singh nagar district,1683,2586091
uttarakhand,2024,2,haridwar district,1792,3041917
uttarakhand,2024,2,champawat district,152,237993
uttarakhand,2024,2,nainital district,1107,1800174
uttarakhand,2024,2,dehradun district,3550,6613242
uttarakhand,2024,2,chamoli district,180,396187
uttarakhand,2024,2,almora district,244,448874
uttarakhand,2024,2,uttarkashi district,131,177810
uttarakhand,2024,2,pithoragarh district,282,475039
uttarakhand,2024,2,rudraprayag district,122,223807
uttarakhand,2024,2,pauri garhwal district,613,959351
uttarakhand,2024,2,tehri garhwal district,349,616732
uttarakhand,2024,3,bageshwar district,125,176170
uttarakhand,2024,3,udham singh nagar district,1734,2718433
uttarakhand,2024,3,haridwar district,1680,2879859
uttarakhand,2024,3,champawat district,149,243839
uttarakhand,2024,3,nainital district,1214,2028381
uttarakhand,2024,3,dehradun district,3785,6592118
uttarakhand,2024,3,chamoli district,181,344848
uttarakhand,2024,3,almora district,283,494383
uttarakhand,2024,3,uttarkashi district,117,219133
uttarakhand,2024,3,pithoragarh district,261,442369
uttarakhand,2024,3,rudraprayag district,99,204206
uttarakhand,2024,3,pauri garhwal district,523,916302
uttarakhand,2024,3,tehri garhwal district,336,600103
uttarakhand,2024,4,bageshwar district,155,279442
uttarakhand,2024,4,udham singh nagar district,2104,3342874
uttarakhand,2024,4,haridwar district,2236,4063011
uttarakhand,2024,4,champawat district,190,364070
uttarakhand,2024,4,nainital district,1473,2668491
uttarakhand,2024,4,dehradun district,4512,8265832
uttarakhand,2024,4,chamoli district,261,517286
uttarakhand,2024,4,almora district,371,652054
uttarakhand,2024,4,uttarkashi district,160,320130
uttarakhand,2024,4,pithoragarh district,338,638819
uttarakhand,2024,4,rudraprayag district,127,278044
uttarakhand,2024,4,pauri garhwal district,688,1194947
uttarakhand,2024,4,tehri garhwal district,475,782549
west-bengal,2020,2,south twenty four parganas district,502,100403
west-bengal,2020,2,purba bardhaman district,176,36623
west-bengal,2020,2,uttar dinajpur district,93,19264
west-bengal,2020,2,kalimpong district,3,739
west-bengal,2020,2,murshidabad district,206,42028
west-bengal,2020,2,paschim medinipur district,270,56494
west-bengal,2020,2,dakshin dinajpur district,29,6935
west-bengal,2020,2,jalpaiguri district,91,20417
west-bengal,2020,2,purulia district,101,20567
west-bengal,2020,2,north twenty four parganas district,2047,355405
west-bengal,2020,2,bankura district,108,24300
west-bengal,2020,2,jhargram district,8,2147
west-bengal,2020,2,howrah district,631,114387
west-bengal,2020,2,hooghly district,565,108804
west-bengal,2020,2,kolkata district,1288,224075
west-bengal,2020,2,koch bihar district,40,8680
west-bengal,2020,2,alipurduar district,55,11927
west-bengal,2020,2,paschim bardhaman district,351,71221
west-bengal,2020,2,nadia district,317,61692
west-bengal,2020,2,birbhum district,109,22565
west-bengal,2020,2,purba medinipur district,274,56622
west-bengal,2020,2,maldah district,108,21988
west-bengal,2020,2,darjiling district,247,45481
west-bengal,2020,3,south twenty four parganas district,774,175635
west-bengal,2020,3,purba bardhaman district,436,91707
west-bengal,2020,3,uttar dinajpur district,179,29463
west-bengal,2020,3,kalimpong district,12,4338
west-bengal,2020,3,murshidabad district,458,86182
west-bengal,2020,3,paschim medinipur district,564,133265
west-bengal,2020,3,dakshin dinajpur district,103,18393
west-bengal,2020,3,jalpaiguri district,178,50965
west-bengal,2020,3,purulia district,228,61556
west-bengal,2020,3,north twenty four parganas district,2689,617166
west-bengal,2020,3,bankura district,318,83055
west-bengal,2020,3,jhargram district,63,14667
west-bengal,2020,3,howrah district,846,181661
west-bengal,2020,3,hooghly district,847,201886
west-bengal,2020,3,kolkata district,1833,435620
west-bengal,2020,3,koch bihar district,146,29449
west-bengal,2020,3,alipurduar district,129,26591
west-bengal,2020,3,paschim bardhaman district,757,186165
west-bengal,2020,3,nadia district,521,110858
west-bengal,2020,3,birbhum district,280,56245
west-bengal,2020,3,purba medinipur district,581,142104
west-bengal,2020,3,maldah district,322,65977
west-bengal,2020,3,darjiling district,332,75534
west-bengal,2020,4,south twenty four parganas district,607,550802
west-bengal,2020,4,purba bardhaman district,347,230345
west-bengal,2020,4,uttar dinajpur district,160,72655
west-bengal,2020,4,kalimpong district,18,25400
west-bengal,2020,4,murshidabad district,422,213072
west-bengal,2020,4,paschim medinipur district,358,240211
west-bengal,2020,4,dakshin dinajpur district,72,41799
west-bengal,2020,4,jalpaiguri district,162,124777
west-bengal,2020,4,purulia district,142,110464
west-bengal,2020,4,north twenty four parganas district,1914,1511195
west-bengal,2020,4,bankura district,242,163294
west-bengal,2020,4,jhargram district,44,29925
west-bengal,2020,4,howrah district,713,547727
west-bengal,2020,4,hooghly district,569,439509
west-bengal,2020,4,kolkata district,1692,1306337
west-bengal,2020,4,koch bihar district,379,275427
west-bengal,2020,4,alipurduar district,135,88999
west-bengal,2020,4,paschim bardhaman district,563,397183
west-bengal,2020,4,nadia district,380,251150
west-bengal,2020,4,birbhum district,198,122183
west-bengal,2020,4,purba medinipur district,439,271897
west-bengal,2020,4,maldah district,303,197517
west-bengal,2020,4,darjiling district,374,298587
west-bengal,2021,1,south twenty four parganas district,759,588011
west-bengal,2021,1,purba bardhaman district,470,356909
west-bengal,2021,1,uttar dinajpur district,248,127429
west-bengal,2021,1,kalimpong district,26,25744
west-bengal,2021,1,murshidabad district,520,331408
west-bengal,2021,1,paschim medinipur district,530,335241
west-bengal,2021,1,dakshin dinajpur district,136,69696
west-bengal,2021,1,jalpaiguri district,243,219236
west-bengal,2021,1,purulia district,218,175543
west-bengal,2021,1,north twenty four parganas district,2388,2089048
west-bengal,2021,1,bankura district,277,185865
west-bengal,2021,1,jhargram district,62,52693
west-bengal,2021,1,howrah district,892,679890
west-bengal,2021,1,hooghly district,1354,871815
west-bengal,2021,1,kolkata district,3750,2611912
west-bengal,2021,1,koch bihar district,444,300247
west-bengal,2021,1,alipurduar district,162,132218
west-bengal,2021,1,paschim bardhaman district,609,470478
west-bengal,2021,1,nadia district,514,292572
west-bengal,2021,1,birbhum district,304,183916
west-bengal,2021,1,purba medinipur district,473,217223
west-bengal,2021,1,maldah district,560,326652
west-bengal,2021,1,darjiling district,549,528296
west-bengal,2021,2,south twenty four parganas district,864,813571
west-bengal,2021,2,purba bardhaman district,596,531232
west-bengal,2021,2,uttar dinajpur district,226,179673
west-bengal,2021,2,kalimpong district,18,56928
west-bengal,2021,2,murshidabad district,478,271645
west-bengal,2021,2,paschim medinipur district,477,367976
west-bengal,2021,2,dakshin dinajpur district,102,78446
west-bengal,2021,2,jalpaiguri district,222,213752
west-bengal,2021,2,purulia district,204,172491
west-bengal,2021,2,north twenty four parganas district,3025,2628371
west-bengal,2021,2,bankura district,279,252742
west-bengal,2021,2,jhargram district,60,70139
west-bengal,2021,2,howrah district,969,839685
west-bengal,2021,2,hooghly district,1814,1161847
west-bengal,2021,2,kolkata district,2513,1919618
west-bengal,2021,2,koch bihar district,232,222708
west-bengal,2021,2,alipurduar district,145,143101
west-bengal,2021,2,paschim bardhaman district,697,653764
west-bengal,2021,2,nadia district,535,465213
west-bengal,2021,2,birbhum district,279,205469
west-bengal,2021,2,purba medinipur district,506,346436
west-bengal,2021,2,maldah district,470,378796
west-bengal,2021,2,darjiling district,489,422426
west-bengal,2021,3,south twenty four parganas district,1342,1446109
west-bengal,2021,3,purba bardhaman district,1246,1113357
west-bengal,2021,3,uttar dinajpur district,310,264924
west-bengal,2021,3,kalimpong district,27,74503
west-bengal,2021,3,murshidabad district,667,565435
west-bengal,2021,3,paschim medinipur district,676,675876
west-bengal,2021,3,dakshin dinajpur district,124,107122
west-bengal,2021,3,jalpaiguri district,472,588827
west-bengal,2021,3,purulia district,260,258957
west-bengal,2021,3,north twenty four parganas district,4077,3664190
west-bengal,2021,3,bankura district,404,452511
west-bengal,2021,3,jhargram district,78,102921
west-bengal,2021,3,howrah district,1702,1365468
west-bengal,2021,3,hooghly district,2972,1791035
west-bengal,2021,3,kolkata district,4808,3468389
west-bengal,2021,3,koch bihar district,743,505542
west-bengal,2021,3,alipurduar district,183,216501
west-bengal,2021,3,paschim bardhaman district,1104,1186714
west-bengal,2021,3,nadia district,718,877415
west-bengal,2021,3,birbhum district,416,344514
west-bengal,2021,3,purba medinipur district,577,646496
west-bengal,2021,3,maldah district,1082,917118
west-bengal,2021,3,darjiling district,851,790413
west-bengal,2021,4,south twenty four parganas district,1781,2143612
west-bengal,2021,4,purba bardhaman district,1047,1172623
west-bengal,2021,4,uttar dinajpur district,395,434766
west-bengal,2021,4,kalimpong district,45,76832
west-bengal,2021,4,murshidabad district,602,793799
west-bengal,2021,4,paschim medinipur district,1019,1473713
west-bengal,2021,4,dakshin dinajpur district,180,194939
west-bengal,2021,4,jalpaiguri district,418,688963
west-bengal,2021,4,purulia district,370,494894
west-bengal,2021,4,north twenty four parganas district,4922,5698422
west-bengal,2021,4,bankura district,447,575139
west-bengal,2021,4,jhargram district,89,155318
west-bengal,2021,4,howrah district,1957,2162907
west-bengal,2021,4,hooghly district,1751,1907817
west-bengal,2021,4,kolkata district,4645,4777380
west-bengal,2021,4,koch bihar district,630,644869
west-bengal,2021,4,alipurduar district,244,398494
west-bengal,2021,4,paschim bardhaman district,1509,1862383
west-bengal,2021,4,nadia district,954,1362952
west-bengal,2021,4,birbhum district,460,514323
west-bengal,2021,4,purba medinipur district,577,970087
west-bengal,2021,4,maldah district,1208,1432474
west-bengal,2021,4,darjiling district,1070,1346165
west-bengal,2022,1,south twenty four parganas district,2553,3584327
west-bengal,2022,1,purba bardhaman district,1738,2221947
west-bengal,2022,1,uttar dinajpur district,550,857085
west-bengal,2022,1,kalimpong district,56,106719
west-bengal,2022,1,murshidabad district,1094,1610275
west-bengal,2022,1,paschim medinipur district,1780,2355975
west-bengal,2022,1,dakshin dinajpur district,295,410961
west-bengal,2022,1,jalpaiguri district,658,1063295
west-bengal,2022,1,purulia district,708,953900
west-bengal,2022,1,north twenty four parganas district,6640,8833426
west-bengal,2022,1,bankura district,808,1153139
west-bengal,2022,1,jhargram district,211,343873
west-bengal,2022,1,howrah district,2597,3174912
west-bengal,2022,1,hooghly district,1915,2609225
west-bengal,2022,1,kolkata district,6763,7736401
west-bengal,2022,1,koch bihar district,939,1069694
west-bengal,2022,1,alipurduar district,383,610968
west-bengal,2022,1,paschim bardhaman district,2161,3005032
west-bengal,2022,1,nadia district,1359,2024220
west-bengal,2022,1,birbhum district,784,929102
west-bengal,2022,1,purba medinipur district,1339,2086702
west-bengal,2022,1,maldah district,1876,2421056
west-bengal,2022,1,darjiling district,1572,1998293
west-bengal,2022,2,south twenty four parganas district,2163,2809645
west-bengal,2022,2,purba bardhaman district,1284,1606058
west-bengal,2022,2,uttar dinajpur district,543,668379
west-bengal,2022,2,kalimpong district,59,145818
west-bengal,2022,2,murshidabad district,1079,1403809
west-bengal,2022,2,paschim medinipur district,1273,1512137
west-bengal,2022,2,dakshin dinajpur district,276,365524
west-bengal,2022,2,jalpaiguri district,587,790267
west-bengal,2022,2,purulia district,438,651866
west-bengal,2022,2,north twenty four parganas district,6379,8088304
west-bengal,2022,2,bankura district,597,763722
west-bengal,2022,2,jhargram district,142,212920
west-bengal,2022,2,howrah district,2367,2846008
west-bengal,2022,2,hooghly district,1804,2479308
west-bengal,2022,2,kolkata district,6127,6704205
west-bengal,2022,2,koch bihar district,937,853945
west-bengal,2022,2,alipurduar district,342,535544
west-bengal,2022,2,paschim bardhaman district,1807,2478141
west-bengal,2022,2,nadia district,1189,1690781
west-bengal,2022,2,birbhum district,680,735326
west-bengal,2022,2,purba medinipur district,970,1234808
west-bengal,2022,2,maldah district,1148,1454470
west-bengal,2022,2,darjiling district,1351,1706036
west-bengal,2022,3,south twenty four parganas district,3388,4205397
west-bengal,2022,3,purba bardhaman district,2079,2560858
west-bengal,2022,3,uttar dinajpur district,706,923776
west-bengal,2022,3,kalimpong district,66,166573
west-bengal,2022,3,murshidabad district,1565,1865763
west-bengal,2022,3,paschim medinipur district,1733,2279289
west-bengal,2022,3,dakshin dinajpur district,416,492832
west-bengal,2022,3,jalpaiguri district,817,1146713
west-bengal,2022,3,purulia district,712,989483
west-bengal,2022,3,north twenty four parganas district,8821,10908223
west-bengal,2022,3,bankura district,935,1170361
west-bengal,2022,3,jhargram district,189,271528
west-bengal,2022,3,howrah district,3386,3925097
west-bengal,2022,3,hooghly district,2535,3346651
west-bengal,2022,3,kolkata district,8666,9648958
west-bengal,2022,3,koch bihar district,955,984582
west-bengal,2022,3,alipurduar district,504,698386
west-bengal,2022,3,paschim bardhaman district,2688,3490145
west-bengal,2022,3,nadia district,1754,2454885
west-bengal,2022,3,birbhum district,1132,1180155
west-bengal,2022,3,purba medinipur district,1361,1892041
west-bengal,2022,3,maldah district,1776,2288540
west-bengal,2022,3,darjiling district,1669,2202071
west-bengal,2022,4,south twenty four parganas district,3847,4752290
west-bengal,2022,4,purba bardhaman district,1771,2507142
west-bengal,2022,4,uttar dinajpur district,749,1102859
west-bengal,2022,4,kalimpong district,70,151850
west-bengal,2022,4,murshidabad district,1530,1926824
west-bengal,2022,4,paschim medinipur district,3569,4249681
west-bengal,2022,4,dakshin dinajpur district,423,502914
west-bengal,2022,4,jalpaiguri district,889,1365036
west-bengal,2022,4,purulia district,674,977682
west-bengal,2022,4,north twenty four parganas district,10071,13297497
west-bengal,2022,4,bankura district,872,1276744
west-bengal,2022,4,jhargram district,246,438241
west-bengal,2022,4,howrah district,3875,4827100
west-bengal,2022,4,hooghly district,2783,3954761
west-bengal,2022,4,kolkata district,9215,10683722
west-bengal,2022,4,koch bihar district,986,1145406
west-bengal,2022,4,alipurduar district,552,857242
west-bengal,2022,4,paschim bardhaman district,3046,4171226
west-bengal,2022,4,nadia district,1870,2669178
west-bengal,2022,4,birbhum district,1243,1340378
west-bengal,2022,4,purba medinipur district,1643,2298694
west-bengal,2022,4,maldah district,2002,2670979
west-bengal,2022,4,darjiling district,2351,3298987
west-bengal,2023,1,south twenty four parganas district,3767,5042986
west-bengal,2023,1,purba bardhaman district,1917,2683159
west-bengal,2023,1,uttar dinajpur district,870,1297160
west-bengal,2023,1,kalimpong district,78,168252
west-bengal,2023,1,murshidabad district,1786,2550194
west-bengal,2023,1,paschim medinipur district,2443,3304941
west-bengal,2023,1,dakshin dinajpur district,526,764236
west-bengal,2023,1,jalpaiguri district,1014,1598059
west-bengal,2023,1,purulia district,675,1063753
west-bengal,2023,1,north twenty four parganas district,11211,15232572
west-bengal,2023,1,bankura district,916,1403579
west-bengal,2023,1,jhargram district,228,309298
west-bengal,2023,1,howrah district,4051,5337244
west-bengal,2023,1,hooghly district,3076,4353663
west-bengal,2023,1,kolkata district,10117,12593112
west-bengal,2023,1,koch bihar district,891,1245950
west-bengal,2023,1,alipurduar district,569,854000
west-bengal,2023,1,paschim bardhaman district,3264,4547900
west-bengal,2023,1,nadia district,2212,3033002
west-bengal,2023,1,birbhum district,730,1071823
west-bengal,2023,1,purba medinipur district,1836,2581429
west-bengal,2023,1,maldah district,2438,3326078
west-bengal,2023,1,darjiling district,2218,3099342
west-bengal,2023,2,south twenty four parganas district,3576,4536325
west-bengal,2023,2,purba bardhaman district,1656,2145209
west-bengal,2023,2,uttar dinajpur district,730,972395
west-bengal,2023,2,kalimpong district,90,208239
west-bengal,2023,2,murshidabad district,1514,1920157
west-bengal,2023,2,paschim medinipur district,1804,2352680
west-bengal,2023,2,dakshin dinajpur district,426,511789
west-bengal,2023,2,jalpaiguri district,924,1416061
west-bengal,2023,2,purulia district,542,781984
west-bengal,2023,2,north twenty four parganas district,9956,12796714
west-bengal,2023,2,bankura district,764,1073902
west-bengal,2023,2,jhargram district,208,356756
west-bengal,2023,2,howrah district,3369,4382040
west-bengal,2023,2,hooghly district,2861,3933669
west-bengal,2023,2,kolkata district,9018,11042108
west-bengal,2023,2,koch bihar district,860,1052485
west-bengal,2023,2,alipurduar district,537,857285
west-bengal,2023,2,paschim bardhaman district,2918,3955797
west-bengal,2023,2,nadia district,2021,2682343
west-bengal,2023,2,birbhum district,684,939713
west-bengal,2023,2,purba medinipur district,1498,1993114
west-bengal,2023,2,maldah district,1799,2468202
west-bengal,2023,2,darjiling district,2037,2825313
west-bengal,2023,3,south twenty four parganas district,4100,5345416
west-bengal,2023,3,purba bardhaman district,2444,3247192
west-bengal,2023,3,uttar dinajpur district,916,1333587
west-bengal,2023,3,kalimpong district,63,121675
west-bengal,2023,3,murshidabad district,1706,2303518
west-bengal,2023,3,paschim medinipur district,2108,3021797
west-bengal,2023,3,dakshin dinajpur district,433,532754
west-bengal,2023,3,jalpaiguri district,1024,1511512
west-bengal,2023,3,purulia district,768,1218487
west-bengal,2023,3,north twenty four parganas district,11653,15397844
west-bengal,2023,3,bankura district,957,1267409
west-bengal,2023,3,jhargram district,215,287530
west-bengal,2023,3,howrah district,3960,4940209
west-bengal,2023,3,hooghly district,3336,4705529
west-bengal,2023,3,kolkata district,10667,12579074
west-bengal,2023,3,koch bihar district,925,1174482
west-bengal,2023,3,alipurduar district,589,870892
west-bengal,2023,3,paschim bardhaman district,3285,4337285
west-bengal,2023,3,nadia district,2037,2869837
west-bengal,2023,3,birbhum district,853,1129904
west-bengal,2023,3,purba medinipur district,1663,2203067
west-bengal,2023,3,maldah district,2131,2771850
west-bengal,2023,3,darjiling district,2298,3188462
west-bengal,2023,4,south twenty four parganas district,5415,6996283
west-bengal,2023,4,purba bardhaman district,2666,3814764
west-bengal,2023,4,uttar dinajpur district,1086,1639258
west-bengal,2023,4,kalimpong district,126,301521
west-bengal,2023,4,murshidabad district,2371,3017303
west-bengal,2023,4,paschim medinipur district,3442,4688055
west-bengal,2023,4,dakshin dinajpur district,563,801958
west-bengal,2023,4,jalpaiguri district,1331,2021880
west-bengal,2023,4,purulia district,976,1408299
west-bengal,2023,4,north twenty four parganas district,13483,19211808
west-bengal,2023,4,bankura district,1307,1781715
west-bengal,2023,4,jhargram district,279,506882
west-bengal,2023,4,howrah district,5201,6655473
west-bengal,2023,4,hooghly district,4025,5665468
west-bengal,2023,4,kolkata district,12306,16022532
west-bengal,2023,4,koch bihar district,1171,1553342
west-bengal,2023,4,alipurduar district,766,1278792
west-bengal,2023,4,paschim bardhaman district,4095,5823988
west-bengal,2023,4,nadia district,2786,4012958
west-bengal,2023,4,birbhum district,1162,1720043
west-bengal,2023,4,purba medinipur district,2507,3400040
west-bengal,2023,4,maldah district,2886,3998317
west-bengal,2023,4,darjiling district,2762,4044883
west-bengal,2024,1,south twenty four parganas district,5620,7011874
west-bengal,2024,1,purba bardhaman district,2953,3714432
west-bengal,2024,1,uttar dinajpur district,1483,1854126
west-bengal,2024,1,kalimpong district,111,202820
west-bengal,2024,1,murshidabad district,3036,3364843
west-bengal,2024,1,paschim medinipur district,3797,4800244
west-bengal,2024,1,dakshin dinajpur district,723,839197
west-bengal,2024,1,jalpaiguri district,1558,2101120
west-bengal,2024,1,purulia district,1129,1565731
west-bengal,2024,1,north twenty four parganas district,14070,19836922
west-bengal,2024,1,bankura district,1514,1945139
west-bengal,2024,1,jhargram district,360,516844
west-bengal,2024,1,howrah district,5260,6868104
west-bengal,2024,1,hooghly district,4470,5938963
west-bengal,2024,1,kolkata district,12088,16681997
west-bengal,2024,1,koch bihar district,1519,1706019
west-bengal,2024,1,alipurduar district,832,1120654
west-bengal,2024,1,paschim bardhaman district,4414,6125287
west-bengal,2024,1,nadia district,3305,4128424
west-bengal,2024,1,birbhum district,1435,1935276
west-bengal,2024,1,purba medinipur district,3345,3891064
west-bengal,2024,1,maldah district,3534,4532095
west-bengal,2024,1,darjiling district,3020,4306734
west-bengal,2024,2,south twenty four parganas district,4829,6149543
west-bengal,2024,2,purba bardhaman district,2444,3145451
west-bengal,2024,2,uttar dinajpur district,1213,1502443
west-bengal,2024,2,kalimpong district,110,213710
west-bengal,2024,2,murshidabad district,2432,2861635
west-bengal,2024,2,paschim medinipur district,2793,3494506
west-bengal,2024,2,dakshin dinajpur district,594,628802
west-bengal,2024,2,jalpaiguri district,1308,1908036
west-bengal,2024,2,purulia district,879,1226449
west-bengal,2024,2,north twenty four parganas district,12366,17517949
west-bengal,2024,2,bankura district,1235,1539690
west-bengal,2024,2,jhargram district,306,487527
west-bengal,2024,2,howrah district,4523,5947418
west-bengal,2024,2,hooghly district,3758,4785509
west-bengal,2024,2,kolkata district,10517,14115515
west-bengal,2024,2,koch bihar district,1391,1651798
west-bengal,2024,2,alipurduar district,708,1019281
west-bengal,2024,2,paschim bardhaman district,3790,5535438
west-bengal,2024,2,nadia district,2758,3589423
west-bengal,2024,2,birbhum district,1142,1515427
west-bengal,2024,2,purba medinipur district,2463,2987090
west-bengal,2024,2,maldah district,2731,3446842
west-bengal,2024,2,darjiling district,2758,4207151
west-bengal,2024,3,south twenty four parganas district,5229,6980677
west-bengal,2024,3,purba bardhaman district,3110,4052652
west-bengal,2024,3,uttar dinajpur district,1364,1870510
west-bengal,2024,3,kalimpong district,121,245920
west-bengal,2024,3,murshidabad district,2590,3414459
west-bengal,2024,3,paschim medinipur district,3038,4264388
west-bengal,2024,3,dakshin dinajpur district,652,850471
west-bengal,2024,3,jalpaiguri district,1609,2286734
west-bengal,2024,3,purulia district,1049,1409746
west-bengal,2024,3,north twenty four parganas district,14047,20510127
west-bengal,2024,3,bankura district,1605,2224131
west-bengal,2024,3,jhargram district,379,581059
west-bengal,2024,3,darjeeling district,2952,4469887
west-bengal,2024,3,cooch behar district,1437,1836087
west-bengal,2024,3,malda district,3293,4341156
west-bengal,2024,3,howrah district,5433,7181245
west-bengal,2024,3,hooghly district,4285,6048498
west-bengal,2024,3,kolkata district,12285,16962184
west-bengal,2024,3,alipurduar district,924,1315644
west-bengal,2024,3,paschim bardhaman district,4409,6405671
west-bengal,2024,3,nadia district,3160,4444441
west-bengal,2024,3,birbhum district,1531,2056498
west-bengal,2024,3,purba medinipur district,2652,3686372
west-bengal,2024,3,maldah district,2,2588
west-bengal,2024,3,darjiling district,2,10621
west-bengal,2024,4,south twenty four parganas district,6659,7720038
west-bengal,2024,4,purba bardhaman district,3595,4482879
west-bengal,2024,4,uttar dinajpur district,1730,2115117
west-bengal,2024,4,kalimpong district,137,298205
west-bengal,2024,4,murshidabad district,3214,3386355
west-bengal,2024,4,paschim medinipur district,4155,5405054
west-bengal,2024,4,dakshin dinajpur district,818,948223
west-bengal,2024,4,jalpaiguri district,1622,2307554
west-bengal,2024,4,purulia district,1337,1889679
west-bengal,2024,4,north twenty four parganas district,16080,22630772
west-bengal,2024,4,bankura district,1882,2245707
west-bengal,2024,4,jhargram district,537,800920
west-bengal,2024,4,darjeeling district,3478,5191531
west-bengal,2024,4,cooch behar district,1709,2090821
west-bengal,2024,4,malda district,4042,4902098
west-bengal,2024,4,howrah district,6763,8567180
west-bengal,2024,4,hooghly district,5089,6642595
west-bengal,2024,4,kolkata district,13720,18465410
west-bengal,2024,4,alipurduar district,1023,1613143
west-bengal,2024,4,paschim bardhaman district,4945,7005851
west-bengal,2024,4,nadia district,3807,5031294
west-bengal,2024,4,birbhum district,1818,2423290
west-bengal,2024,4,purba medinipur district,3559,4439061
