State,Year,Quarter,Pincode,Transaction_Count,Transaction_Amount
andaman-&-nicobar-islands,2020,2,744301,3,565
andaman-&-nicobar-islands,2020,2,744104,2,513
andaman-&-nicobar-islands,2020,2,744101,1,282
andaman-&-nicobar-islands,2020,3,744112,9,3432
andaman-&-nicobar-islands,2020,3,744105,7,3948
andaman-&-nicobar-islands,2020,3,744101,5,2194
andaman-&-nicobar-islands,2020,3,744206,4,1620
andaman-&-nicobar-islands,2020,3,744107,3,1095
andaman-&-nicobar-islands,2020,3,744103,3,947
andaman-&-nicobar-islands,2020,3,744302,3,562
andaman-&-nicobar-islands,2020,3,744211,2,101
andaman-&-nicobar-islands,2020,3,744301,2,886
andaman-&-nicobar-islands,2020,3,744102,2,314
andaman-&-nicobar-islands,2020,4,744105,25,25659
andaman-&-nicobar-islands,2020,4,744101,23,29686
andaman-&-nicobar-islands,2020,4,744103,18,24904
andaman-&-nicobar-islands,2020,4,744102,17,25073
andaman-&-nicobar-islands,2020,4,744112,8,10459
andaman-&-nicobar-islands,2020,4,744106,6,4840
andaman-&-nicobar-islands,2020,4,744204,6,11659
andaman-&-nicobar-islands,2020,4,744104,4,10271
andaman-&-nicobar-islands,2020,4,744206,3,100
andaman-&-nicobar-islands,2020,4,744205,3,5235
andaman-&-nicobar-islands,2021,1,744105,47,53060
andaman-&-nicobar-islands,2021,1,744103,35,39985
andaman-&-nicobar-islands,2021,1,744101,33,24571
andaman-&-nicobar-islands,2021,1,744204,25,29635
andaman-&-nicobar-islands,2021,1,744202,12,17588
andaman-&-nicobar-islands,2021,1,744102,12,14085
andaman-&-nicobar-islands,2021,1,744104,9,7310
andaman-&-nicobar-islands,2021,1,744107,8,9253
andaman-&-nicobar-islands,2021,1,744205,7,11223
andaman-&-nicobar-islands,2021,1,744301,7,6612
andaman-&-nicobar-islands,2021,2,744103,36,33716
andaman-&-nicobar-islands,2021,2,744101,17,19787
andaman-&-nicobar-islands,2021,2,744105,15,17163
andaman-&-nicobar-islands,2021,2,744102,13,10326
andaman-&-nicobar-islands,2021,2,744204,10,10557
andaman-&-nicobar-islands,2021,2,744107,8,11459
andaman-&-nicobar-islands,2021,2,744202,6,9766
andaman-&-nicobar-islands,2021,2,744104,6,8889
andaman-&-nicobar-islands,2021,2,744205,6,12669
andaman-&-nicobar-islands,2021,2,744210,4,9430
andaman-&-nicobar-islands,2021,3,744105,70,82425
andaman-&-nicobar-islands,2021,3,744103,44,53909
andaman-&-nicobar-islands,2021,3,744101,26,29601
andaman-&-nicobar-islands,2021,3,744102,14,20616
andaman-&-nicobar-islands,2021,3,744204,13,20075
andaman-&-nicobar-islands,2021,3,744202,11,18134
andaman-&-nicobar-islands,2021,3,744112,11,14406
andaman-&-nicobar-islands,2021,3,744302,8,7247
andaman-&-nicobar-islands,2021,3,744107,6,6406
andaman-&-nicobar-islands,2021,3,744104,6,2221
andaman-&-nicobar-islands,2021,4,744105,194,232344
andaman-&-nicobar-islands,2021,4,744101,159,211326
andaman-&-nicobar-islands,2021,4,744103,133,168668
andaman-&-nicobar-islands,2021,4,744102,66,68931
andaman-&-nicobar-islands,2021,4,744301,32,53658
andaman-&-nicobar-islands,2021,4,744204,31,102213
andaman-&-nicobar-islands,2021,4,744104,24,31069
andaman-&-nicobar-islands,2021,4,744112,22,38599
andaman-&-nicobar-islands,2021,4,744202,21,23016
andaman-&-nicobar-islands,2021,4,744205,13,30437
andaman-&-nicobar-islands,2022,1,744103,174,226181
andaman-&-nicobar-islands,2022,1,744101,149,204646
andaman-&-nicobar-islands,2022,1,744105,137,218321
andaman-&-nicobar-islands,2022,1,744102,102,147402
andaman-&-nicobar-islands,2022,1,744112,36,39197
andaman-&-nicobar-islands,2022,1,744104,33,35406
andaman-&-nicobar-islands,2022,1,744107,28,36877
andaman-&-nicobar-islands,2022,1,744207,19,50799
andaman-&-nicobar-islands,2022,1,744301,16,33406
andaman-&-nicobar-islands,2022,1,744205,15,29159
andaman-&-nicobar-islands,2022,2,744103,97,156861
andaman-&-nicobar-islands,2022,2,744101,87,121168
andaman-&-nicobar-islands,2022,2,744105,78,137418
andaman-&-nicobar-islands,2022,2,744102,62,58453
andaman-&-nicobar-islands,2022,2,744104,26,32107
andaman-&-nicobar-islands,2022,2,744107,22,52244
andaman-&-nicobar-islands,2022,2,744211,19,25543
andaman-&-nicobar-islands,2022,2,744112,18,24391
andaman-&-nicobar-islands,2022,2,744301,14,28331
andaman-&-nicobar-islands,2022,2,744202,13,20817
andaman-&-nicobar-islands,2022,3,744103,151,198569
andaman-&-nicobar-islands,2022,3,744101,119,151539
andaman-&-nicobar-islands,2022,3,744105,101,106324
andaman-&-nicobar-islands,2022,3,744102,76,102757
andaman-&-nicobar-islands,2022,3,744104,31,35790
andaman-&-nicobar-islands,2022,3,744301,27,67604
andaman-&-nicobar-islands,2022,3,744202,27,53016
andaman-&-nicobar-islands,2022,3,744205,17,34250
andaman-&-nicobar-islands,2022,3,744107,16,29251
andaman-&-nicobar-islands,2022,3,744204,11,17184
andaman-&-nicobar-islands,2022,4,744103,199,299036
andaman-&-nicobar-islands,2022,4,744105,166,253344
andaman-&-nicobar-islands,2022,4,744101,146,163498
andaman-&-nicobar-islands,2022,4,744102,80,98862
andaman-&-nicobar-islands,2022,4,744202,43,68397
andaman-&-nicobar-islands,2022,4,744107,38,73829
andaman-&-nicobar-islands,2022,4,744104,31,55827
andaman-&-nicobar-islands,2022,4,744205,27,56611
andaman-&-nicobar-islands,2022,4,744211,27,59500
andaman-&-nicobar-islands,2022,4,744112,25,42024
andaman-&-nicobar-islands,2023,1,744103,236,286594
andaman-&-nicobar-islands,2023,1,744101,206,233281
andaman-&-nicobar-islands,2023,1,744105,164,256300
andaman-&-nicobar-islands,2023,1,744102,117,134841
andaman-&-nicobar-islands,2023,1,744107,30,54849
andaman-&-nicobar-islands,2023,1,744301,30,58745
andaman-&-nicobar-islands,2023,1,744112,29,49945
andaman-&-nicobar-islands,2023,1,744202,29,64193
andaman-&-nicobar-islands,2023,1,744205,27,40580
andaman-&-nicobar-islands,2023,1,744211,24,29149
andaman-&-nicobar-islands,2023,2,744103,171,341853
andaman-&-nicobar-islands,2023,2,744105,166,255069
andaman-&-nicobar-islands,2023,2,744101,134,189989
andaman-&-nicobar-islands,2023,2,744102,82,101875
andaman-&-nicobar-islands,2023,2,744104,27,34345
andaman-&-nicobar-islands,2023,2,744301,25,41299
andaman-&-nicobar-islands,2023,2,744207,22,43459
andaman-&-nicobar-islands,2023,2,744112,21,20427
andaman-&-nicobar-islands,2023,2,744107,20,24693
andaman-&-nicobar-islands,2023,2,744205,17,31404
andaman-&-nicobar-islands,2023,3,744103,191,306744
andaman-&-nicobar-islands,2023,3,744105,147,212575
andaman-&-nicobar-islands,2023,3,744101,143,213581
andaman-&-nicobar-islands,2023,3,744102,100,120875
andaman-&-nicobar-islands,2023,3,744202,35,60750
andaman-&-nicobar-islands,2023,3,744104,30,50544
andaman-&-nicobar-islands,2023,3,744112,26,46075
andaman-&-nicobar-islands,2023,3,744301,18,34636
andaman-&-nicobar-islands,2023,3,744205,16,25131
andaman-&-nicobar-islands,2023,3,744302,16,24369
andaman-&-nicobar-islands,2023,4,744103,268,415144
andaman-&-nicobar-islands,2023,4,744105,214,372312
andaman-&-nicobar-islands,2023,4,744101,181,241849
andaman-&-nicobar-islands,2023,4,744102,121,161224
andaman-&-nicobar-islands,2023,4,744104,64,80581
andaman-&-nicobar-islands,2023,4,744112,50,50671
andaman-&-nicobar-islands,2023,4,744107,42,71047
andaman-&-nicobar-islands,2023,4,744202,36,60749
andaman-&-nicobar-islands,2023,4,744301,24,52732
andaman-&-nicobar-islands,2023,4,744205,23,38962
andaman-&-nicobar-islands,2024,1,744103,302,456306
andaman-&-nicobar-islands,2024,1,744105,249,331342
andaman-&-nicobar-islands,2024,1,744101,223,287339
andaman-&-nicobar-islands,2024,1,744102,141,182213
andaman-&-nicobar-islands,2024,1,744202,59,110482
andaman-&-nicobar-islands,2024,1,744104,59,84757
andaman-&-nicobar-islands,2024,1,744112,52,62867
andaman-&-nicobar-islands,2024,1,744107,52,73449
andaman-&-nicobar-islands,2024,1,744207,40,62007
andaman-&-nicobar-islands,2024,1,744205,28,38204
andaman-&-nicobar-islands,2024,2,744103,285,438830
andaman-&-nicobar-islands,2024,2,744105,199,276393
andaman-&-nicobar-islands,2024,2,744101,157,251503
andaman-&-nicobar-islands,2024,2,744102,133,203605
andaman-&-nicobar-islands,2024,2,744112,49,77583
andaman-&-nicobar-islands,2024,2,744104,49,91213
andaman-&-nicobar-islands,2024,2,744107,34,52311
andaman-&-nicobar-islands,2024,2,744202,28,41210
andaman-&-nicobar-islands,2024,2,744211,28,43685
andaman-&-nicobar-islands,2024,2,744302,27,37685
andaman-&-nicobar-islands,2024,3,744103,359,554559
andaman-&-nicobar-islands,2024,3,744102,196,248439
andaman-&-nicobar-islands,2024,3,744105,151,221959
andaman-&-nicobar-islands,2024,3,744104,95,128652
andaman-&-nicobar-islands,2024,3,744101,92,145811
andaman-&-nicobar-islands,2024,3,744106,54,84623
andaman-&-nicobar-islands,2024,3,744202,45,67769
andaman-&-nicobar-islands,2024,3,744207,25,27399
andaman-&-nicobar-islands,2024,3,744302,24,28210
andaman-&-nicobar-islands,2024,3,744301,20,28067
andaman-&-nicobar-islands,2024,4,744103,369,521509
andaman-&-nicobar-islands,2024,4,744102,165,228528
andaman-&-nicobar-islands,2024,4,744105,161,268432
andaman-&-nicobar-islands,2024,4,744104,129,250205
andaman-&-nicobar-islands,2024,4,744101,90,117544
andaman-&-nicobar-islands,2024,4,744202,65,107445
andaman-&-nicobar-islands,2024,4,744106,53,90277
andaman-&-nicobar-islands,2024,4,744301,50,86256
andaman-&-nicobar-islands,2024,4,744107,26,55695
andaman-&-nicobar-islands,2024,4,744204,24,45960
andhra-pradesh,2020,2,515001,540,86088
andhra-pradesh,2020,2,515004,437,71761
andhra-pradesh,2020,2,516360,339,55455
andhra-pradesh,2020,2,516001,322,50705
andhra-pradesh,2020,2,533005,301,46454
andhra-pradesh,2020,2,517002,279,43236
andhra-pradesh,2020,2,530016,262,41153
andhra-pradesh,2020,2,517501,259,43013
andhra-pradesh,2020,2,533103,258,43311
andhra-pradesh,2020,2,515671,250,43610
andhra-pradesh,2020,3,535003,968,195870
andhra-pradesh,2020,3,524004,795,165322
andhra-pradesh,2020,3,517501,777,172113
andhra-pradesh,2020,3,517507,776,201732
andhra-pradesh,2020,3,516001,746,161284
andhra-pradesh,2020,3,524002,663,143659
andhra-pradesh,2020,3,530016,661,156016
andhra-pradesh,2020,3,524003,608,128862
andhra-pradesh,2020,3,520010,542,116222
andhra-pradesh,2020,3,516360,532,135236
andhra-pradesh,2020,4,515001,292,120291
andhra-pradesh,2020,4,516001,260,110284
andhra-pradesh,2020,4,517501,234,139080
andhra-pradesh,2020,4,530016,233,101891
andhra-pradesh,2020,4,517507,228,123376
andhra-pradesh,2020,4,530026,215,132499
andhra-pradesh,2020,4,524002,211,99952
andhra-pradesh,2020,4,522004,201,102846
andhra-pradesh,2020,4,522001,196,110129
andhra-pradesh,2020,4,522003,181,79955
andhra-pradesh,2021,1,530016,287,144342
andhra-pradesh,2021,1,516001,258,130242
andhra-pradesh,2021,1,530026,250,114038
andhra-pradesh,2021,1,517501,249,105904
andhra-pradesh,2021,1,520010,224,135466
andhra-pradesh,2021,1,517507,215,169433
andhra-pradesh,2021,1,522001,210,85999
andhra-pradesh,2021,1,520012,178,127092
andhra-pradesh,2021,1,524002,178,100699
andhra-pradesh,2021,1,520011,177,70827
andhra-pradesh,2021,2,523002,1409,631953
andhra-pradesh,2021,2,523001,537,293906
andhra-pradesh,2021,2,517501,374,208258
andhra-pradesh,2021,2,517507,347,265432
andhra-pradesh,2021,2,530016,323,204624
andhra-pradesh,2021,2,534002,293,124158
andhra-pradesh,2021,2,534006,284,112884
andhra-pradesh,2021,2,515001,271,168382
andhra-pradesh,2021,2,516001,268,144765
andhra-pradesh,2021,2,524002,262,130466
andhra-pradesh,2021,3,520010,299,246736
andhra-pradesh,2021,3,520011,283,194552
andhra-pradesh,2021,3,517507,282,246665
andhra-pradesh,2021,3,516001,281,218927
andhra-pradesh,2021,3,517501,281,190890
andhra-pradesh,2021,3,530026,276,201084
andhra-pradesh,2021,3,520001,252,185104
andhra-pradesh,2021,3,530016,247,181981
andhra-pradesh,2021,3,520007,234,183730
andhra-pradesh,2021,3,524004,230,154696
andhra-pradesh,2021,4,524004,568,468698
andhra-pradesh,2021,4,524002,373,385590
andhra-pradesh,2021,4,517501,372,394057
andhra-pradesh,2021,4,517507,365,376592
andhra-pradesh,2021,4,516001,301,298417
andhra-pradesh,2021,4,530016,293,386711
andhra-pradesh,2021,4,520010,254,242094
andhra-pradesh,2021,4,522001,249,252587
andhra-pradesh,2021,4,530026,238,269565
andhra-pradesh,2021,4,520011,235,238426
andhra-pradesh,2022,1,523001,501,553651
andhra-pradesh,2022,1,523002,418,422786
andhra-pradesh,2022,1,524004,365,352581
andhra-pradesh,2022,1,517507,361,617403
andhra-pradesh,2022,1,517501,352,477461
andhra-pradesh,2022,1,530016,349,394098
andhra-pradesh,2022,1,516001,346,403725
andhra-pradesh,2022,1,530026,307,312518
andhra-pradesh,2022,1,520010,297,370767
andhra-pradesh,2022,1,520007,294,413180
andhra-pradesh,2022,2,520010,394,411471
andhra-pradesh,2022,2,530016,379,457895
andhra-pradesh,2022,2,517507,376,510705
andhra-pradesh,2022,2,517501,363,390709
andhra-pradesh,2022,2,520011,359,347013
andhra-pradesh,2022,2,524002,347,400810
andhra-pradesh,2022,2,516001,344,354936
andhra-pradesh,2022,2,523001,336,298809
andhra-pradesh,2022,2,523002,318,410402
andhra-pradesh,2022,2,520007,306,355690
andhra-pradesh,2022,3,524002,485,506293
andhra-pradesh,2022,3,517507,478,633331
andhra-pradesh,2022,3,517501,477,602653
andhra-pradesh,2022,3,520010,463,496114
andhra-pradesh,2022,3,520011,444,463855
andhra-pradesh,2022,3,516001,443,510288
andhra-pradesh,2022,3,530026,421,437652
andhra-pradesh,2022,3,530016,420,408060
andhra-pradesh,2022,3,520001,411,343460
andhra-pradesh,2022,3,524004,392,408836
andhra-pradesh,2022,4,517507,596,856272
andhra-pradesh,2022,4,516001,550,602897
andhra-pradesh,2022,4,517501,543,549451
andhra-pradesh,2022,4,523002,488,441856
andhra-pradesh,2022,4,530016,457,650737
andhra-pradesh,2022,4,517326,416,288926
andhra-pradesh,2022,4,524002,416,588408
andhra-pradesh,2022,4,520011,413,432671
andhra-pradesh,2022,4,522001,407,369435
andhra-pradesh,2022,4,530026,407,458462
andhra-pradesh,2023,1,517507,468,848915
andhra-pradesh,2023,1,530016,463,635433
andhra-pradesh,2023,1,517501,456,788976
andhra-pradesh,2023,1,520011,407,518326
andhra-pradesh,2023,1,516001,396,538812
andhra-pradesh,2023,1,524002,383,483768
andhra-pradesh,2023,1,520010,377,446022
andhra-pradesh,2023,1,530026,367,455958
andhra-pradesh,2023,1,520012,353,481246
andhra-pradesh,2023,1,520007,345,417747
andhra-pradesh,2023,2,517507,616,969092
andhra-pradesh,2023,2,517501,537,696700
andhra-pradesh,2023,2,520010,472,547680
andhra-pradesh,2023,2,530016,452,526796
andhra-pradesh,2023,2,520007,433,549179
andhra-pradesh,2023,2,524002,412,546644
andhra-pradesh,2023,2,520011,405,443320
andhra-pradesh,2023,2,520001,394,377868
andhra-pradesh,2023,2,524004,371,636260
andhra-pradesh,2023,2,516001,370,505187
andhra-pradesh,2023,3,517507,681,926705
andhra-pradesh,2023,3,517501,589,770236
andhra-pradesh,2023,3,530016,577,720125
andhra-pradesh,2023,3,520010,533,663947
andhra-pradesh,2023,3,520007,527,675611
andhra-pradesh,2023,3,520011,524,479426
andhra-pradesh,2023,3,530026,520,483441
andhra-pradesh,2023,3,524002,482,536352
andhra-pradesh,2023,3,524004,431,581425
andhra-pradesh,2023,3,516001,412,534212
andhra-pradesh,2023,4,530016,563,837356
andhra-pradesh,2023,4,517507,557,1066470
andhra-pradesh,2023,4,530026,495,565504
andhra-pradesh,2023,4,517501,453,752992
andhra-pradesh,2023,4,524002,434,553778
andhra-pradesh,2023,4,520011,412,463576
andhra-pradesh,2023,4,520007,407,516110
andhra-pradesh,2023,4,520010,389,513516
andhra-pradesh,2023,4,530046,378,607798
andhra-pradesh,2023,4,520001,369,418525
andhra-pradesh,2024,1,530016,548,763795
andhra-pradesh,2024,1,517507,531,915457
andhra-pradesh,2024,1,517501,494,749467
andhra-pradesh,2024,1,520010,480,529119
andhra-pradesh,2024,1,530026,466,524957
andhra-pradesh,2024,1,517326,439,244562
andhra-pradesh,2024,1,520007,432,691745
andhra-pradesh,2024,1,524002,428,666708
andhra-pradesh,2024,1,530046,386,614874
andhra-pradesh,2024,1,520011,372,445394
andhra-pradesh,2024,2,530016,567,878988
andhra-pradesh,2024,2,517507,515,883412
andhra-pradesh,2024,2,517501,467,775196
andhra-pradesh,2024,2,530014,418,347441
andhra-pradesh,2024,2,524002,412,646264
andhra-pradesh,2024,2,530026,406,395729
andhra-pradesh,2024,2,520010,402,511790
andhra-pradesh,2024,2,530046,376,611203
andhra-pradesh,2024,2,524004,363,574695
andhra-pradesh,2024,2,520007,354,541505
andhra-pradesh,2024,3,517501,868,1419641
andhra-pradesh,2024,3,520007,661,985453
andhra-pradesh,2024,3,530016,628,845789
andhra-pradesh,2024,3,530026,598,723683
andhra-pradesh,2024,3,520003,580,699162
andhra-pradesh,2024,3,520010,570,767188
andhra-pradesh,2024,3,533005,499,834104
andhra-pradesh,2024,3,524002,475,590274
andhra-pradesh,2024,3,530046,452,675824
andhra-pradesh,2024,3,517507,424,701647
andhra-pradesh,2024,4,517501,927,1356884
andhra-pradesh,2024,4,520010,875,1098456
andhra-pradesh,2024,4,520007,858,1109088
andhra-pradesh,2024,4,520003,855,829766
andhra-pradesh,2024,4,530026,731,867397
andhra-pradesh,2024,4,530016,712,880040
andhra-pradesh,2024,4,523001,634,752920
andhra-pradesh,2024,4,524002,626,807213
andhra-pradesh,2024,4,530046,556,794395
andhra-pradesh,2024,4,520001,540,521557
arunachal-pradesh,2020,2,791113,21,3445
arunachal-pradesh,2020,2,791110,6,1304
arunachal-pradesh,2020,2,791001,5,1124
arunachal-pradesh,2020,2,792056,5,1064
arunachal-pradesh,2020,2,792130,4,744
arunachal-pradesh,2020,2,791109,3,811
arunachal-pradesh,2020,2,792120,3,739
arunachal-pradesh,2020,2,790104,3,827
arunachal-pradesh,2020,2,791111,3,744
arunachal-pradesh,2020,2,792103,2,939
arunachal-pradesh,2020,3,791110,21,4213
arunachal-pradesh,2020,3,791102,19,9111
arunachal-pradesh,2020,3,791111,17,5506
arunachal-pradesh,2020,3,791112,10,2281
arunachal-pradesh,2020,3,791001,6,2236
arunachal-pradesh,2020,3,791123,6,1540
arunachal-pradesh,2020,3,791113,6,2236
arunachal-pradesh,2020,3,790116,6,1512
arunachal-pradesh,2020,3,792001,5,796
arunachal-pradesh,2020,3,792110,4,843
arunachal-pradesh,2020,4,791113,18,5383
arunachal-pradesh,2020,4,791110,13,7819
arunachal-pradesh,2020,4,791111,10,4999
arunachal-pradesh,2020,4,792110,9,1981
arunachal-pradesh,2020,4,791102,8,5359
arunachal-pradesh,2020,4,790003,6,10016
arunachal-pradesh,2020,4,790001,5,4355
arunachal-pradesh,2020,4,790105,4,5434
arunachal-pradesh,2020,4,790104,4,2973
arunachal-pradesh,2020,4,791109,4,888
arunachal-pradesh,2021,1,791110,21,32836
arunachal-pradesh,2021,1,791111,18,6658
arunachal-pradesh,2021,1,791102,17,8055
arunachal-pradesh,2021,1,791113,16,9549
arunachal-pradesh,2021,1,792103,11,1983
arunachal-pradesh,2021,1,792001,9,2577
arunachal-pradesh,2021,1,790104,9,8819
arunachal-pradesh,2021,1,790116,7,3646
arunachal-pradesh,2021,1,791122,7,4237
arunachal-pradesh,2021,1,791001,7,3690
arunachal-pradesh,2021,2,791110,26,14352
arunachal-pradesh,2021,2,791001,20,15346
arunachal-pradesh,2021,2,791111,15,39804
arunachal-pradesh,2021,2,792103,14,9960
arunachal-pradesh,2021,2,792110,14,8091
arunachal-pradesh,2021,2,792001,12,19837
arunachal-pradesh,2021,2,791113,10,4357
arunachal-pradesh,2021,2,791120,10,4236
arunachal-pradesh,2021,2,791109,9,9677
arunachal-pradesh,2021,2,791112,8,20976
arunachal-pradesh,2021,3,791001,21,57300
arunachal-pradesh,2021,3,791102,20,30911
arunachal-pradesh,2021,3,791111,20,62172
arunachal-pradesh,2021,3,791110,16,18773
arunachal-pradesh,2021,3,792103,15,35018
arunachal-pradesh,2021,3,790116,13,12529
arunachal-pradesh,2021,3,792110,13,11845
arunachal-pradesh,2021,3,792129,10,25474
arunachal-pradesh,2021,3,792001,7,12333
arunachal-pradesh,2021,3,791120,6,11875
arunachal-pradesh,2021,4,791110,44,84245
arunachal-pradesh,2021,4,791111,31,62422
arunachal-pradesh,2021,4,791113,23,42208
arunachal-pradesh,2021,4,791001,17,27105
arunachal-pradesh,2021,4,792103,16,24037
arunachal-pradesh,2021,4,790001,14,19900
arunachal-pradesh,2021,4,791109,14,15990
arunachal-pradesh,2021,4,790104,13,18120
arunachal-pradesh,2021,4,792130,12,30185
arunachal-pradesh,2021,4,792110,11,12440
arunachal-pradesh,2022,1,791111,51,124161
arunachal-pradesh,2022,1,791110,34,58358
arunachal-pradesh,2022,1,791113,29,95648
arunachal-pradesh,2022,1,791102,21,46778
arunachal-pradesh,2022,1,790116,21,42054
arunachal-pradesh,2022,1,792129,14,55170
arunachal-pradesh,2022,1,792001,13,22997
arunachal-pradesh,2022,1,791109,12,12811
arunachal-pradesh,2022,1,792056,10,13617
arunachal-pradesh,2022,1,792110,10,17012
arunachal-pradesh,2022,2,791110,97,272742
arunachal-pradesh,2022,2,791111,95,210496
arunachal-pradesh,2022,2,791113,59,126741
arunachal-pradesh,2022,2,791109,30,77784
arunachal-pradesh,2022,2,791102,25,94817
arunachal-pradesh,2022,2,791001,24,54485
arunachal-pradesh,2022,2,790104,22,55603
arunachal-pradesh,2022,2,792001,17,45749
arunachal-pradesh,2022,2,791123,15,22207
arunachal-pradesh,2022,2,791112,14,42189
arunachal-pradesh,2022,3,791111,98,283474
arunachal-pradesh,2022,3,791110,67,151232
arunachal-pradesh,2022,3,791102,32,53678
arunachal-pradesh,2022,3,791109,29,36024
arunachal-pradesh,2022,3,791113,25,56908
arunachal-pradesh,2022,3,790104,19,97783
arunachal-pradesh,2022,3,791001,18,88301
arunachal-pradesh,2022,3,791123,17,38512
arunachal-pradesh,2022,3,792110,17,26960
arunachal-pradesh,2022,3,790102,15,25996
arunachal-pradesh,2022,4,791111,86,169298
arunachal-pradesh,2022,4,791110,80,153335
arunachal-pradesh,2022,4,791102,29,52395
arunachal-pradesh,2022,4,791001,28,60464
arunachal-pradesh,2022,4,791113,27,98039
arunachal-pradesh,2022,4,792001,25,50628
arunachal-pradesh,2022,4,792103,24,54947
arunachal-pradesh,2022,4,792110,23,56348
arunachal-pradesh,2022,4,790104,23,65530
arunachal-pradesh,2022,4,791112,22,42213
arunachal-pradesh,2023,1,791110,74,172651
arunachal-pradesh,2023,1,791111,56,229802
arunachal-pradesh,2023,1,791113,42,107932
arunachal-pradesh,2023,1,791102,39,77754
arunachal-pradesh,2023,1,790104,36,151958
arunachal-pradesh,2023,1,791001,31,92735
arunachal-pradesh,2023,1,790116,19,46603
arunachal-pradesh,2023,1,791109,17,26106
arunachal-pradesh,2023,1,792110,17,32562
arunachal-pradesh,2023,1,792121,17,56453
arunachal-pradesh,2023,2,791110,94,280971
arunachal-pradesh,2023,2,791111,61,210621
arunachal-pradesh,2023,2,791113,48,172799
arunachal-pradesh,2023,2,791102,43,133976
arunachal-pradesh,2023,2,792103,30,79156
arunachal-pradesh,2023,2,791001,30,89674
arunachal-pradesh,2023,2,791123,29,41320
arunachal-pradesh,2023,2,792110,29,51944
arunachal-pradesh,2023,2,790104,26,101946
arunachal-pradesh,2023,2,792001,25,53846
arunachal-pradesh,2023,3,791110,91,197412
arunachal-pradesh,2023,3,791111,76,203612
arunachal-pradesh,2023,3,791102,48,106325
arunachal-pradesh,2023,3,791113,45,145263
arunachal-pradesh,2023,3,792110,39,140365
arunachal-pradesh,2023,3,792103,33,50413
arunachal-pradesh,2023,3,791123,30,62165
arunachal-pradesh,2023,3,790104,28,89165
arunachal-pradesh,2023,3,792129,26,82497
arunachal-pradesh,2023,3,791109,26,45255
arunachal-pradesh,2023,4,791110,106,279822
arunachal-pradesh,2023,4,791111,87,241478
arunachal-pradesh,2023,4,791113,60,164868
arunachal-pradesh,2023,4,791001,50,124355
arunachal-pradesh,2023,4,792103,40,108659
arunachal-pradesh,2023,4,790104,36,146680
arunachal-pradesh,2023,4,792110,35,81825
arunachal-pradesh,2023,4,791102,29,81558
arunachal-pradesh,2023,4,792001,26,60980
arunachal-pradesh,2023,4,791123,24,71486
arunachal-pradesh,2024,1,791110,126,258768
arunachal-pradesh,2024,1,791111,105,296463
arunachal-pradesh,2024,1,791113,83,149366
arunachal-pradesh,2024,1,791102,76,171426
arunachal-pradesh,2024,1,791001,52,128932
arunachal-pradesh,2024,1,792110,48,123833
arunachal-pradesh,2024,1,792001,43,92713
arunachal-pradesh,2024,1,791109,42,66049
arunachal-pradesh,2024,1,792103,40,80498
arunachal-pradesh,2024,1,790104,40,81575
arunachal-pradesh,2024,2,790104,176,109202
arunachal-pradesh,2024,2,791110,124,303724
arunachal-pradesh,2024,2,791111,93,287734
arunachal-pradesh,2024,2,791113,64,131979
arunachal-pradesh,2024,2,791001,51,129656
arunachal-pradesh,2024,2,791102,39,95471
arunachal-pradesh,2024,2,792110,38,102160
arunachal-pradesh,2024,2,792001,37,51507
arunachal-pradesh,2024,2,790116,34,70161
arunachal-pradesh,2024,2,792103,34,77380
arunachal-pradesh,2024,3,791111,95,275822
arunachal-pradesh,2024,3,791110,84,171154
arunachal-pradesh,2024,3,790104,49,90929
arunachal-pradesh,2024,3,791102,40,102083
arunachal-pradesh,2024,3,791113,39,55663
arunachal-pradesh,2024,3,790116,37,111034
arunachal-pradesh,2024,3,791001,32,98436
arunachal-pradesh,2024,3,792001,31,65334
arunachal-pradesh,2024,3,792110,29,52515
arunachal-pradesh,2024,3,792130,28,61484
arunachal-pradesh,2024,4,791110,110,265075
arunachal-pradesh,2024,4,791111,88,268300
arunachal-pradesh,2024,4,791102,80,218443
arunachal-pradesh,2024,4,791001,62,141282
arunachal-pradesh,2024,4,790104,49,177085
arunachal-pradesh,2024,4,791113,40,79922
arunachal-pradesh,2024,4,792110,34,63459
arunachal-pradesh,2024,4,792103,32,73356
arunachal-pradesh,2024,4,792001,30,73556
arunachal-pradesh,2024,4,790001,30,98145
assam,2020,2,781022,36,6530
assam,2020,2,781038,36,6424
assam,2020,2,781032,30,5864
assam,2020,2,781006,23,3630
assam,2020,2,781018,20,3512
assam,2020,2,781001,20,3646
assam,2020,2,781005,19,3763
assam,2020,2,783380,17,3851
assam,2020,2,781019,17,2587
assam,2020,2,786171,16,2911
assam,2020,3,781032,84,19733
assam,2020,3,781022,44,13672
assam,2020,3,781001,42,11968
assam,2020,3,781005,41,10227
assam,2020,3,781038,41,11250
assam,2020,3,783380,40,11182
assam,2020,3,781007,38,13564
assam,2020,3,781028,34,7155
assam,2020,3,781020,33,8122
assam,2020,3,781018,29,8620
assam,2020,4,781032,57,43429
assam,2020,4,781022,55,38700
assam,2020,4,781011,32,14866
assam,2020,4,781007,30,37778
assam,2020,4,781028,27,33443
assam,2020,4,783380,27,16998
assam,2020,4,781019,27,33793
assam,2020,4,781038,26,17089
assam,2020,4,782002,26,9959
assam,2020,4,781012,25,16120
assam,2021,1,781022,81,81773
assam,2021,1,781032,75,35239
assam,2021,1,781005,51,17477
assam,2021,1,781007,46,19477
assam,2021,1,781001,45,32800
assam,2021,1,781028,44,26978
assam,2021,1,781038,43,31376
assam,2021,1,781011,43,26167
assam,2021,1,781012,38,20493
assam,2021,1,781019,38,22436
assam,2021,2,781032,79,47103
assam,2021,2,781022,69,82110
assam,2021,2,781038,56,43392
assam,2021,2,781019,48,34608
assam,2021,2,781011,42,43869
assam,2021,2,781012,36,34326
assam,2021,2,781020,35,22080
assam,2021,2,783380,35,24002
assam,2021,2,781005,33,30286
assam,2021,2,781021,32,29627
assam,2021,3,781032,121,117986
assam,2021,3,781022,77,105026
assam,2021,3,781038,67,60578
assam,2021,3,781001,61,46338
assam,2021,3,781011,60,40685
assam,2021,3,781028,59,55210
assam,2021,3,781025,59,60274
assam,2021,3,783380,56,54776
assam,2021,3,781005,55,42333
assam,2021,3,786003,46,54906
assam,2021,4,781032,166,209584
assam,2021,4,781022,162,206024
assam,2021,4,781001,131,145595
assam,2021,4,781038,131,151289
assam,2021,4,782462,125,269242
assam,2021,4,781028,97,117670
assam,2021,4,783380,95,161876
assam,2021,4,781011,90,111638
assam,2021,4,781025,87,109884
assam,2021,4,781317,83,119272
assam,2022,1,781032,277,421464
assam,2022,1,781022,249,325730
assam,2022,1,781038,223,292856
assam,2022,1,785001,206,296160
assam,2022,1,781001,181,198810
assam,2022,1,781028,167,204680
assam,2022,1,781025,153,229632
assam,2022,1,781011,152,223616
assam,2022,1,786001,151,170998
assam,2022,1,781017,145,198245
assam,2022,2,781022,181,236099
assam,2022,2,781032,167,208988
assam,2022,2,781028,135,255489
assam,2022,2,781011,129,190583
assam,2022,2,781001,129,178912
assam,2022,2,783370,127,107047
assam,2022,2,781038,115,152833
assam,2022,2,786001,105,109806
assam,2022,2,781017,92,135360
assam,2022,2,781019,89,85390
assam,2022,3,781032,288,333196
assam,2022,3,781022,215,254861
assam,2022,3,781001,198,216933
assam,2022,3,781038,195,280021
assam,2022,3,781011,189,227691
assam,2022,3,781028,155,197269
assam,2022,3,786001,153,203013
assam,2022,3,781012,147,213250
assam,2022,3,786003,139,189690
assam,2022,3,783380,137,250499
assam,2022,4,781032,386,453000
assam,2022,4,781022,373,505459
assam,2022,4,781038,347,406810
assam,2022,4,781001,296,317894
assam,2022,4,781028,291,353306
assam,2022,4,781011,279,326354
assam,2022,4,781025,273,293127
assam,2022,4,786001,220,308313
assam,2022,4,781019,219,249614
assam,2022,4,786003,213,302699
assam,2023,1,781022,390,583421
assam,2023,1,781032,390,519186
assam,2023,1,781038,314,420735
assam,2023,1,781028,287,380465
assam,2023,1,781001,271,371714
assam,2023,1,781025,263,272960
assam,2023,1,781011,251,390399
assam,2023,1,785001,249,357351
assam,2023,1,781019,220,279250
assam,2023,1,786003,216,302332
assam,2023,2,781022,315,523785
assam,2023,2,781032,285,451697
assam,2023,2,781001,213,267048
assam,2023,2,781038,210,416205
assam,2023,2,786001,198,264286
assam,2023,2,781028,189,342060
assam,2023,2,782003,187,372489
assam,2023,2,786003,167,297383
assam,2023,2,783380,157,244644
assam,2023,2,781017,156,239237
assam,2023,3,781032,345,438318
assam,2023,3,781038,316,501522
assam,2023,3,781001,312,327784
assam,2023,3,781022,306,457519
assam,2023,3,786001,225,283791
assam,2023,3,781025,225,250518
assam,2023,3,782435,219,299590
assam,2023,3,786003,216,357624
assam,2023,3,781317,207,295109
assam,2023,3,783380,200,282704
assam,2023,4,781032,366,494519
assam,2023,4,781022,364,589483
assam,2023,4,781038,293,452627
assam,2023,4,785001,286,437885
assam,2023,4,781011,267,426412
assam,2023,4,781001,261,328896
assam,2023,4,781028,256,377877
assam,2023,4,783380,242,370274
assam,2023,4,784001,215,354613
assam,2023,4,781025,213,250411
assam,2024,1,781032,425,583554
assam,2024,1,781022,358,536755
assam,2024,1,785001,348,554884
assam,2024,1,781038,347,575653
assam,2024,1,783380,342,581070
assam,2024,1,781001,338,441751
assam,2024,1,781028,276,402776
assam,2024,1,782002,273,440229
assam,2024,1,782003,268,434925
assam,2024,1,781316,264,323085
assam,2024,2,781032,298,404482
assam,2024,2,781022,281,524520
assam,2024,2,783380,261,453530
assam,2024,2,781038,231,389677
assam,2024,2,781028,205,306617
assam,2024,2,781011,189,282887
assam,2024,2,781001,186,256239
assam,2024,2,781017,184,315659
assam,2024,2,785001,182,324937
assam,2024,2,783370,182,277519
assam,2024,3,781003,274,449785
assam,2024,3,781034,216,383219
assam,2024,3,783370,212,349532
assam,2024,3,783380,212,360878
assam,2024,3,785001,205,438720
assam,2024,3,781040,198,333310
assam,2024,3,781025,189,314319
assam,2024,3,781028,177,267435
assam,2024,3,781011,177,261128
assam,2024,3,781019,173,332660
assam,2024,4,781003,330,543498
assam,2024,4,783380,293,414257
assam,2024,4,781040,272,476346
assam,2024,4,781011,261,301308
assam,2024,4,781025,254,328825
assam,2024,4,785001,243,460119
assam,2024,4,781034,242,336709
assam,2024,4,781019,228,430692
assam,2024,4,783101,226,351828
assam,2024,4,783370,221,393094
bihar,2020,2,800001,126,21331
bihar,2020,2,800020,105,19710
bihar,2020,2,800006,57,9978
bihar,2020,2,801503,42,7212
bihar,2020,2,851101,40,7248
bihar,2020,2,845438,39,7637
bihar,2020,2,845401,38,7520
bihar,2020,2,800023,35,6460
bihar,2020,2,852201,35,6150
bihar,2020,2,851116,34,6046
bihar,2020,3,800001,357,78191
bihar,2020,3,800020,264,55025
bihar,2020,3,845401,135,30537
bihar,2020,3,800006,126,23361
bihar,2020,3,842001,112,25875
bihar,2020,3,812001,109,26403
bihar,2020,3,844101,106,25813
bihar,2020,3,801503,103,27115
bihar,2020,3,854301,99,21383
bihar,2020,3,802301,98,19569
bihar,2020,4,800001,283,183251
bihar,2020,4,800020,263,182521
bihar,2020,4,800006,147,89867
bihar,2020,4,812001,101,69440
bihar,2020,4,845401,98,53755
bihar,2020,4,842001,90,54062
bihar,2020,4,801503,89,60238
bihar,2020,4,800007,83,64237
bihar,2020,4,823001,81,50166
bihar,2020,4,845438,81,41589
bihar,2021,1,800001,393,228403
bihar,2021,1,800020,286,161357
bihar,2021,1,800006,203,86155
bihar,2021,1,845401,148,69335
bihar,2021,1,823001,145,82025
bihar,2021,1,845438,118,65310
bihar,2021,1,823002,117,66383
bihar,2021,1,848101,111,93902
bihar,2021,1,842001,110,63789
bihar,2021,1,802301,108,70464
bihar,2021,2,800001,471,351926
bihar,2021,2,800020,318,272869
bihar,2021,2,800006,195,137348
bihar,2021,2,801503,144,140382
bihar,2021,2,812001,142,144147
bihar,2021,2,845438,141,103042
bihar,2021,2,800002,139,102063
bihar,2021,2,842001,135,89214
bihar,2021,2,845401,131,120903
bihar,2021,2,843334,128,90410
bihar,2021,3,800001,622,539872
bihar,2021,3,800020,457,355333
bihar,2021,3,800006,302,225173
bihar,2021,3,801503,236,208188
bihar,2021,3,821115,223,135165
bihar,2021,3,851131,210,145635
bihar,2021,3,800002,210,186550
bihar,2021,3,812001,205,218249
bihar,2021,3,845438,195,145376
bihar,2021,3,800007,187,148603
bihar,2021,4,800001,766,735530
bihar,2021,4,800020,700,613059
bihar,2021,4,800006,369,298707
bihar,2021,4,801503,278,363057
bihar,2021,4,842001,255,269520
bihar,2021,4,800002,250,276228
bihar,2021,4,844101,241,214665
bihar,2021,4,823001,233,211852
bihar,2021,4,800007,225,190952
bihar,2021,4,812001,223,211107
bihar,2022,1,800001,704,796836
bihar,2022,1,800020,479,448683
bihar,2022,1,801503,311,467728
bihar,2022,1,811213,306,141104
bihar,2022,1,800006,294,294999
bihar,2022,1,812001,243,284667
bihar,2022,1,800007,215,234583
bihar,2022,1,842001,210,230416
bihar,2022,1,800026,188,223104
bihar,2022,1,842002,184,257733
bihar,2022,2,800001,798,849952
bihar,2022,2,800020,568,534170
bihar,2022,2,811213,499,220452
bihar,2022,2,800006,364,351545
bihar,2022,2,801503,321,368015
bihar,2022,2,812001,251,332849
bihar,2022,2,846004,250,213376
bihar,2022,2,842001,224,259723
bihar,2022,2,800002,222,254627
bihar,2022,2,800007,216,255536
bihar,2022,3,800001,1202,1329988
bihar,2022,3,800020,714,796800
bihar,2022,3,800006,461,443836
bihar,2022,3,801503,439,495181
bihar,2022,3,844101,351,360663
bihar,2022,3,842001,325,346019
bihar,2022,3,812001,318,338120
bihar,2022,3,800002,304,316510
bihar,2022,3,800007,302,360011
bihar,2022,3,845401,266,264953
bihar,2022,4,800001,1363,1554670
bihar,2022,4,800020,775,796486
bihar,2022,4,800006,578,565278
bihar,2022,4,801503,443,583895
bihar,2022,4,800007,411,362730
bihar,2022,4,842001,404,458688
bihar,2022,4,842002,353,387096
bihar,2022,4,800002,343,433027
bihar,2022,4,812001,318,406355
bihar,2022,4,844101,306,318919
bihar,2023,1,800001,1144,1280139
bihar,2023,1,800020,694,822562
bihar,2023,1,800006,433,422875
bihar,2023,1,801503,412,637141
bihar,2023,1,842002,304,338611
bihar,2023,1,812001,298,376896
bihar,2023,1,842001,297,391575
bihar,2023,1,800002,291,375950
bihar,2023,1,844101,275,339925
bihar,2023,1,800026,273,327801
bihar,2023,2,800001,1237,1451616
bihar,2023,2,800020,778,911768
bihar,2023,2,800006,490,522347
bihar,2023,2,842001,477,509103
bihar,2023,2,842002,431,481174
bihar,2023,2,801503,416,563711
bihar,2023,2,800002,317,435701
bihar,2023,2,800007,315,412062
bihar,2023,2,841301,288,298855
bihar,2023,2,800023,284,370428
bihar,2023,3,800001,1838,2006880
bihar,2023,3,800020,1198,1154873
bihar,2023,3,800006,764,756104
bihar,2023,3,801503,658,818150
bihar,2023,3,800007,490,567998
bihar,2023,3,800002,474,583278
bihar,2023,3,842001,413,473832
bihar,2023,3,801505,392,422817
bihar,2023,3,800026,383,394991
bihar,2023,3,844101,368,421782
bihar,2023,4,800001,1458,2069004
bihar,2023,4,800020,856,1083072
bihar,2023,4,801503,612,945796
bihar,2023,4,800006,580,604152
bihar,2023,4,812001,528,728832
bihar,2023,4,800002,454,586469
bihar,2023,4,844101,444,649688
bihar,2023,4,842002,437,583997
bihar,2023,4,842001,434,561217
bihar,2023,4,800007,405,467949
bihar,2024,1,800001,1347,1827045
bihar,2024,1,800020,837,1078403
bihar,2024,1,800006,608,715492
bihar,2024,1,801503,492,832502
bihar,2024,1,845401,440,550428
bihar,2024,1,844101,432,496698
bihar,2024,1,812001,428,565601
bihar,2024,1,848101,419,495114
bihar,2024,1,851101,403,479140
bihar,2024,1,842002,398,434633
bihar,2024,2,800001,1449,2116116
bihar,2024,2,800020,903,1323457
bihar,2024,2,800006,592,665340
bihar,2024,2,845401,546,727997
bihar,2024,2,801503,512,840650
bihar,2024,2,812001,475,683399
bihar,2024,2,848101,441,590155
bihar,2024,2,842002,440,566498
bihar,2024,2,844101,428,576915
bihar,2024,2,842001,397,531057
bihar,2024,3,800001,1838,2276161
bihar,2024,3,800020,948,1333497
bihar,2024,3,823001,742,1061240
bihar,2024,3,801503,682,1076611
bihar,2024,3,845401,632,850620
bihar,2024,3,800007,623,783955
bihar,2024,3,800002,555,721038
bihar,2024,3,800006,549,676131
bihar,2024,3,800014,509,743931
bihar,2024,3,812001,502,645444
bihar,2024,4,800001,1839,2605774
bihar,2024,4,800020,986,1291804
bihar,2024,4,845401,888,1273061
bihar,2024,4,823001,824,1223690
bihar,2024,4,801503,783,1369198
bihar,2024,4,812001,704,859855
bihar,2024,4,800007,692,925914
bihar,2024,4,800006,662,849642
bihar,2024,4,854301,642,981777
bihar,2024,4,800014,594,944825
chandigarh,2020,2,160101,31,6158
chandigarh,2020,2,160047,25,4718
chandigarh,2020,2,160036,16,3261
chandigarh,2020,2,160023,12,2002
chandigarh,2020,2,160014,10,2186
chandigarh,2020,2,160001,9,1735
chandigarh,2020,2,160022,9,1725
chandigarh,2020,2,160030,7,1925
chandigarh,2020,2,160002,6,1201
chandigarh,2020,2,160012,4,739
chandigarh,2020,3,160047,48,11353
chandigarh,2020,3,160101,39,12418
chandigarh,2020,3,160036,28,6734
chandigarh,2020,3,160022,28,6267
chandigarh,2020,3,160002,20,7736
chandigarh,2020,3,160030,19,5037
chandigarh,2020,3,160014,13,3266
chandigarh,2020,3,160003,11,2698
chandigarh,2020,3,160019,10,3452
chandigarh,2020,3,160025,9,2765
chandigarh,2020,4,160101,35,26948
chandigarh,2020,4,160047,23,20300
chandigarh,2020,4,160022,17,8093
chandigarh,2020,4,160014,17,13335
chandigarh,2020,4,160002,17,18628
chandigarh,2020,4,160036,14,15088
chandigarh,2020,4,160001,10,5832
chandigarh,2020,4,160003,10,10356
chandigarh,2020,4,160017,10,5158
chandigarh,2020,4,160020,9,4577
chandigarh,2021,1,160101,51,30704
chandigarh,2021,1,160036,46,19175
chandigarh,2021,1,160002,41,42248
chandigarh,2021,1,160047,30,25522
chandigarh,2021,1,160022,30,14900
chandigarh,2021,1,160014,24,10528
chandigarh,2021,1,160030,23,14328
chandigarh,2021,1,160015,12,11232
chandigarh,2021,1,160008,11,14477
chandigarh,2021,1,160017,10,8735
chandigarh,2021,2,160002,61,56288
chandigarh,2021,2,160036,56,38035
chandigarh,2021,2,160047,35,25946
chandigarh,2021,2,160101,34,24311
chandigarh,2021,2,160014,31,26599
chandigarh,2021,2,160022,24,17274
chandigarh,2021,2,160030,21,29653
chandigarh,2021,2,160025,21,18699
chandigarh,2021,2,160019,16,15730
chandigarh,2021,2,160011,9,6380
chandigarh,2021,3,160002,80,59092
chandigarh,2021,3,160036,49,34232
chandigarh,2021,3,160047,41,27467
chandigarh,2021,3,160101,40,74996
chandigarh,2021,3,160022,30,40376
chandigarh,2021,3,160014,29,23604
chandigarh,2021,3,160030,26,22645
chandigarh,2021,3,160008,24,43209
chandigarh,2021,3,160011,21,10952
chandigarh,2021,3,160020,20,15804
chandigarh,2021,4,160002,136,111958
chandigarh,2021,4,160101,110,129529
chandigarh,2021,4,160036,74,114088
chandigarh,2021,4,160022,60,81459
chandigarh,2021,4,160047,47,65127
chandigarh,2021,4,160014,37,38794
chandigarh,2021,4,160030,29,37767
chandigarh,2021,4,160015,27,14719
chandigarh,2021,4,160003,25,26513
chandigarh,2021,4,160025,21,23723
chandigarh,2022,1,160101,120,170516
chandigarh,2022,1,160002,108,164789
chandigarh,2022,1,160047,83,105979
chandigarh,2022,1,160036,64,105352
chandigarh,2022,1,160014,55,66927
chandigarh,2022,1,160030,52,52656
chandigarh,2022,1,160022,47,65051
chandigarh,2022,1,160015,31,52627
chandigarh,2022,1,160003,26,33925
chandigarh,2022,1,160017,25,34012
chandigarh,2022,2,160002,178,239321
chandigarh,2022,2,160101,178,208178
chandigarh,2022,2,160036,147,205089
chandigarh,2022,2,160022,115,156469
chandigarh,2022,2,160047,90,140603
chandigarh,2022,2,160030,84,93049
chandigarh,2022,2,160014,83,108535
chandigarh,2022,2,160017,54,82635
chandigarh,2022,2,160003,51,71758
chandigarh,2022,2,160011,45,66154
chandigarh,2022,3,160101,197,224851
chandigarh,2022,3,160036,183,231970
chandigarh,2022,3,160002,170,199561
chandigarh,2022,3,160047,147,215373
chandigarh,2022,3,160022,110,151167
chandigarh,2022,3,160014,93,149268
chandigarh,2022,3,160030,77,81762
chandigarh,2022,3,160025,69,73353
chandigarh,2022,3,160015,63,76017
chandigarh,2022,3,160019,60,82431
chandigarh,2022,4,160002,201,270411
chandigarh,2022,4,160101,190,259504
chandigarh,2022,4,160036,135,190200
chandigarh,2022,4,160047,127,171399
chandigarh,2022,4,160022,100,151398
chandigarh,2022,4,160030,88,166835
chandigarh,2022,4,160014,70,75999
chandigarh,2022,4,160015,67,84135
chandigarh,2022,4,160003,63,91296
chandigarh,2022,4,160019,55,85464
chandigarh,2023,1,160101,225,285617
chandigarh,2023,1,160002,203,272265
chandigarh,2023,1,160047,139,229677
chandigarh,2023,1,160036,132,213719
chandigarh,2023,1,160014,98,129066
chandigarh,2023,1,160022,89,177081
chandigarh,2023,1,160030,85,189119
chandigarh,2023,1,160015,69,124176
chandigarh,2023,1,160019,68,74432
chandigarh,2023,1,160003,65,108039
chandigarh,2023,2,160101,229,301119
chandigarh,2023,2,160002,218,267703
chandigarh,2023,2,160036,169,225455
chandigarh,2023,2,160047,149,283895
chandigarh,2023,2,160022,129,201947
chandigarh,2023,2,160030,122,164403
chandigarh,2023,2,160014,103,118597
chandigarh,2023,2,160015,86,97387
chandigarh,2023,2,160003,78,114849
chandigarh,2023,2,160019,65,154114
chandigarh,2023,3,160002,270,370626
chandigarh,2023,3,160101,232,312944
chandigarh,2023,3,160036,194,271410
chandigarh,2023,3,160047,182,288196
chandigarh,2023,3,160022,140,185158
chandigarh,2023,3,160014,121,174875
chandigarh,2023,3,160030,108,142944
chandigarh,2023,3,160019,90,85042
chandigarh,2023,3,160020,81,147399
chandigarh,2023,3,160015,76,104632
chandigarh,2023,4,160101,269,425028
chandigarh,2023,4,160002,240,337244
chandigarh,2023,4,160036,188,346084
chandigarh,2023,4,160047,175,398113
chandigarh,2023,4,160022,120,208612
chandigarh,2023,4,160030,91,116986
chandigarh,2023,4,160014,83,121236
chandigarh,2023,4,160015,70,115832
chandigarh,2023,4,160003,65,88079
chandigarh,2023,4,160019,56,109831
chandigarh,2024,1,160101,252,441749
chandigarh,2024,1,160002,222,355398
chandigarh,2024,1,160047,180,402149
chandigarh,2024,1,160036,166,289727
chandigarh,2024,1,160014,110,162345
chandigarh,2024,1,160022,104,213708
chandigarh,2024,1,160003,93,126741
chandigarh,2024,1,160030,74,112673
chandigarh,2024,1,160015,68,155186
chandigarh,2024,1,160019,61,135086
chandigarh,2024,2,160101,251,383991
chandigarh,2024,2,160002,205,365016
chandigarh,2024,2,160036,177,281469
chandigarh,2024,2,160047,168,296125
chandigarh,2024,2,160022,132,310916
chandigarh,2024,2,160030,98,230555
chandigarh,2024,2,160014,94,135454
chandigarh,2024,2,160003,93,177676
chandigarh,2024,2,160020,77,134588
chandigarh,2024,2,160019,67,115306
chandigarh,2024,3,160101,272,433778
chandigarh,2024,3,160002,257,401173
chandigarh,2024,3,160047,204,368947
chandigarh,2024,3,160036,190,353800
chandigarh,2024,3,160022,132,234384
chandigarh,2024,3,160019,93,160912
chandigarh,2024,3,160014,92,120308
chandigarh,2024,3,160001,87,139247
chandigarh,2024,3,160015,82,159940
chandigarh,2024,3,160030,81,149501
chandigarh,2024,4,160101,335,600148
chandigarh,2024,4,160002,281,413943
chandigarh,2024,4,160036,224,368493
chandigarh,2024,4,160047,185,371116
chandigarh,2024,4,160014,136,212622
chandigarh,2024,4,160022,125,212298
chandigarh,2024,4,160001,91,227186
chandigarh,2024,4,160019,83,130585
chandigarh,2024,4,160003,77,152055
chandigarh,2024,4,160020,76,130782
chhattisgarh,2020,2,495001,93,16932
chhattisgarh,2020,2,492001,80,17951
chhattisgarh,2020,2,496005,52,9404
chhattisgarh,2020,2,492009,46,8887
chhattisgarh,2020,2,492099,44,7370
chhattisgarh,2020,2,497001,40,7743
chhattisgarh,2020,2,495660,40,6255
chhattisgarh,2020,2,492007,38,7005
chhattisgarh,2020,2,491001,33,7020
chhattisgarh,2020,2,492013,31,5551
chhattisgarh,2020,3,492001,359,109861
chhattisgarh,2020,3,495001,206,55096
chhattisgarh,2020,3,496005,140,43730
chhattisgarh,2020,3,497001,126,35416
chhattisgarh,2020,3,492009,122,40671
chhattisgarh,2020,3,491001,111,30720
chhattisgarh,2020,3,490023,108,33094
chhattisgarh,2020,3,492013,96,28185
chhattisgarh,2020,3,495660,88,18917
chhattisgarh,2020,3,492099,85,25592
chhattisgarh,2020,4,492001,165,90502
chhattisgarh,2020,4,495001,161,107277
chhattisgarh,2020,4,492013,75,37409
chhattisgarh,2020,4,496005,68,38447
chhattisgarh,2020,4,491441,64,38402
chhattisgarh,2020,4,496118,62,2322
chhattisgarh,2020,4,497001,62,33960
chhattisgarh,2020,4,494001,62,51106
chhattisgarh,2020,4,491001,58,31152
chhattisgarh,2020,4,492009,57,32693
chhattisgarh,2021,1,492001,241,112353
chhattisgarh,2021,1,495001,212,116359
chhattisgarh,2021,1,497001,114,63987
chhattisgarh,2021,1,492009,105,45855
chhattisgarh,2021,1,491441,89,55757
chhattisgarh,2021,1,495450,86,54881
chhattisgarh,2021,1,490023,86,47845
chhattisgarh,2021,1,494001,78,44763
chhattisgarh,2021,1,492013,76,26259
chhattisgarh,2021,1,491001,75,38906
chhattisgarh,2021,2,492001,292,170890
chhattisgarh,2021,2,495001,181,184204
chhattisgarh,2021,2,496005,156,87400
chhattisgarh,2021,2,491441,140,82759
chhattisgarh,2021,2,495450,112,69264
chhattisgarh,2021,2,494001,95,65859
chhattisgarh,2021,2,491001,94,54010
chhattisgarh,2021,2,492013,92,63353
chhattisgarh,2021,2,493221,83,28773
chhattisgarh,2021,2,492009,81,28367
chhattisgarh,2021,3,492001,284,175174
chhattisgarh,2021,3,495001,154,100108
chhattisgarh,2021,3,492013,109,91691
chhattisgarh,2021,3,497001,105,82088
chhattisgarh,2021,3,491001,101,80938
chhattisgarh,2021,3,490023,100,39413
chhattisgarh,2021,3,491441,95,67508
chhattisgarh,2021,3,496005,88,63336
chhattisgarh,2021,3,494001,87,70398
chhattisgarh,2021,3,493221,87,55947
chhattisgarh,2021,4,492001,394,483971
chhattisgarh,2021,4,495001,231,330008
chhattisgarh,2021,4,497001,179,235533
chhattisgarh,2021,4,490023,121,135878
chhattisgarh,2021,4,494001,115,172365
chhattisgarh,2021,4,491001,114,158882
chhattisgarh,2021,4,490006,111,180536
chhattisgarh,2021,4,492013,110,134414
chhattisgarh,2021,4,495450,109,134703
chhattisgarh,2021,4,492009,104,114061
chhattisgarh,2022,1,492001,457,616010
chhattisgarh,2022,1,495001,262,412528
chhattisgarh,2022,1,497001,191,301893
chhattisgarh,2022,1,492009,155,158793
chhattisgarh,2022,1,490006,146,263660
chhattisgarh,2022,1,492013,134,181324
chhattisgarh,2022,1,491001,129,210067
chhattisgarh,2022,1,490023,121,152919
chhattisgarh,2022,1,493221,116,194690
chhattisgarh,2022,1,495450,115,202046
chhattisgarh,2022,2,492001,465,490898
chhattisgarh,2022,2,495001,407,482559
chhattisgarh,2022,2,490006,183,278877
chhattisgarh,2022,2,491001,162,276952
chhattisgarh,2022,2,492009,150,157933
chhattisgarh,2022,2,497001,140,256668
chhattisgarh,2022,2,492013,130,188075
chhattisgarh,2022,2,490023,123,141675
chhattisgarh,2022,2,491441,123,172090
chhattisgarh,2022,2,492099,115,150428
chhattisgarh,2022,3,492001,571,554974
chhattisgarh,2022,3,495001,464,551929
chhattisgarh,2022,3,491001,199,276692
chhattisgarh,2022,3,497001,193,288010
chhattisgarh,2022,3,496005,182,237388
chhattisgarh,2022,3,494001,176,234227
chhattisgarh,2022,3,493221,165,156533
chhattisgarh,2022,3,490006,163,251351
chhattisgarh,2022,3,496440,161,159525
chhattisgarh,2022,3,491441,155,219532
chhattisgarh,2022,4,492001,704,869991
chhattisgarh,2022,4,495001,618,885102
chhattisgarh,2022,4,495450,294,408689
chhattisgarh,2022,4,491001,284,429780
chhattisgarh,2022,4,490006,282,434467
chhattisgarh,2022,4,497001,277,449982
chhattisgarh,2022,4,492013,253,321103
chhattisgarh,2022,4,492009,247,371098
chhattisgarh,2022,4,494001,219,381730
chhattisgarh,2022,4,493221,200,229822
chhattisgarh,2023,1,492001,647,773832
chhattisgarh,2023,1,495001,522,755975
chhattisgarh,2023,1,491001,266,420278
chhattisgarh,2023,1,493221,258,227937
chhattisgarh,2023,1,497001,246,432698
chhattisgarh,2023,1,490023,221,261263
chhattisgarh,2023,1,490006,216,358676
chhattisgarh,2023,1,492009,200,237543
chhattisgarh,2023,1,494001,196,373496
chhattisgarh,2023,1,492013,192,327331
chhattisgarh,2023,2,492001,723,902708
chhattisgarh,2023,2,495001,486,657317
chhattisgarh,2023,2,494001,299,389643
chhattisgarh,2023,2,491001,287,473358
chhattisgarh,2023,2,497001,245,689569
chhattisgarh,2023,2,490006,230,312933
chhattisgarh,2023,2,492009,228,328272
chhattisgarh,2023,2,492013,226,374148
chhattisgarh,2023,2,496005,215,335162
chhattisgarh,2023,2,490023,200,288095
chhattisgarh,2023,3,492001,694,852839
chhattisgarh,2023,3,495001,518,825971
chhattisgarh,2023,3,491001,308,496165
chhattisgarh,2023,3,497001,278,451586
chhattisgarh,2023,3,496005,272,314031
chhattisgarh,2023,3,492013,259,375761
chhattisgarh,2023,3,494001,256,339872
chhattisgarh,2023,3,490006,252,379144
chhattisgarh,2023,3,490023,239,309931
chhattisgarh,2023,3,492009,239,288407
chhattisgarh,2023,4,492001,958,1489874
chhattisgarh,2023,4,495001,772,1254786
chhattisgarh,2023,4,494001,451,646386
chhattisgarh,2023,4,497001,447,851063
chhattisgarh,2023,4,495450,383,643979
chhattisgarh,2023,4,492009,379,632304
chhattisgarh,2023,4,491001,375,648604
chhattisgarh,2023,4,496005,345,433449
chhattisgarh,2023,4,490006,330,742514
chhattisgarh,2023,4,491441,314,475881
chhattisgarh,2024,1,492001,974,1525992
chhattisgarh,2024,1,495001,746,1119346
chhattisgarh,2024,1,491001,499,903896
chhattisgarh,2024,1,497001,488,964865
chhattisgarh,2024,1,494001,423,771825
chhattisgarh,2024,1,490006,400,722419
chhattisgarh,2024,1,490023,364,558205
chhattisgarh,2024,1,492013,353,591763
chhattisgarh,2024,1,491441,350,427895
chhattisgarh,2024,1,493221,349,396903
chhattisgarh,2024,2,492001,849,1537874
chhattisgarh,2024,2,495001,602,979613
chhattisgarh,2024,2,494001,405,648588
chhattisgarh,2024,2,497001,397,859975
chhattisgarh,2024,2,491001,333,574928
chhattisgarh,2024,2,490006,320,594720
chhattisgarh,2024,2,495450,298,547737
chhattisgarh,2024,2,491441,294,520905
chhattisgarh,2024,2,492013,288,605850
chhattisgarh,2024,2,490023,286,472784
chhattisgarh,2024,3,492001,1241,2032390
chhattisgarh,2024,3,495001,631,1109971
chhattisgarh,2024,3,491001,491,893883
chhattisgarh,2024,3,496001,488,693135
chhattisgarh,2024,3,494001,485,790388
chhattisgarh,2024,3,497001,362,730117
chhattisgarh,2024,3,492099,336,548490
chhattisgarh,2024,3,490001,302,448703
chhattisgarh,2024,3,493221,274,380578
chhattisgarh,2024,3,495677,273,500017
chhattisgarh,2024,4,492001,1612,2838238
chhattisgarh,2024,4,495001,871,1517673
chhattisgarh,2024,4,491001,654,1043454
chhattisgarh,2024,4,496001,637,874428
chhattisgarh,2024,4,494001,563,955644
chhattisgarh,2024,4,497001,516,1107114
chhattisgarh,2024,4,492099,443,736081
chhattisgarh,2024,4,493221,405,458299
chhattisgarh,2024,4,490001,397,630268
chhattisgarh,2024,4,495677,394,673667
dadra-&-nagar-haveli-&-daman-&-diu,2020,2,396230,471,69757
dadra-&-nagar-haveli-&-daman-&-diu,2020,2,396235,124,20560
dadra-&-nagar-haveli-&-daman-&-diu,2020,2,396210,44,8084
dadra-&-nagar-haveli-&-daman-&-diu,2020,2,396215,8,1832
dadra-&-nagar-haveli-&-daman-&-diu,2020,2,362520,4,796
dadra-&-nagar-haveli-&-daman-&-diu,2020,3,396230,143,41073
dadra-&-nagar-haveli-&-daman-&-diu,2020,3,396210,62,13868
dadra-&-nagar-haveli-&-daman-&-diu,2020,3,396215,25,6720
dadra-&-nagar-haveli-&-daman-&-diu,2020,3,396235,24,3742
dadra-&-nagar-haveli-&-daman-&-diu,2020,3,362520,3,101
dadra-&-nagar-haveli-&-daman-&-diu,2020,4,396230,93,42215
dadra-&-nagar-haveli-&-daman-&-diu,2020,4,396210,80,72419
dadra-&-nagar-haveli-&-daman-&-diu,2020,4,396215,34,21693
dadra-&-nagar-haveli-&-daman-&-diu,2020,4,396235,18,9907
dadra-&-nagar-haveli-&-daman-&-diu,2020,4,362571,2,195
dadra-&-nagar-haveli-&-daman-&-diu,2020,4,362520,2,66
dadra-&-nagar-haveli-&-daman-&-diu,2020,4,362540,2,1477
dadra-&-nagar-haveli-&-daman-&-diu,2020,4,396220,1,1541
dadra-&-nagar-haveli-&-daman-&-diu,2021,1,396210,171,119823
dadra-&-nagar-haveli-&-daman-&-diu,2021,1,396230,159,71738
dadra-&-nagar-haveli-&-daman-&-diu,2021,1,396215,61,28918
dadra-&-nagar-haveli-&-daman-&-diu,2021,1,396235,57,28241
dadra-&-nagar-haveli-&-daman-&-diu,2021,1,362571,10,29993
dadra-&-nagar-haveli-&-daman-&-diu,2021,1,362520,7,5575
dadra-&-nagar-haveli-&-daman-&-diu,2021,1,396220,2,1403
dadra-&-nagar-haveli-&-daman-&-diu,2021,2,396230,164,76796
dadra-&-nagar-haveli-&-daman-&-diu,2021,2,396210,82,119744
dadra-&-nagar-haveli-&-daman-&-diu,2021,2,396215,58,44500
dadra-&-nagar-haveli-&-daman-&-diu,2021,2,396235,57,30243
dadra-&-nagar-haveli-&-daman-&-diu,2021,2,362520,3,956
dadra-&-nagar-haveli-&-daman-&-diu,2021,2,362571,2,1733
dadra-&-nagar-haveli-&-daman-&-diu,2021,2,396220,1,1497
dadra-&-nagar-haveli-&-daman-&-diu,2021,2,362540,1,169
dadra-&-nagar-haveli-&-daman-&-diu,2021,3,396230,144,86509
dadra-&-nagar-haveli-&-daman-&-diu,2021,3,396210,116,118724
dadra-&-nagar-haveli-&-daman-&-diu,2021,3,396235,47,39277
dadra-&-nagar-haveli-&-daman-&-diu,2021,3,396215,39,24047
dadra-&-nagar-haveli-&-daman-&-diu,2021,3,362571,9,1372
dadra-&-nagar-haveli-&-daman-&-diu,2021,3,396220,2,1167
dadra-&-nagar-haveli-&-daman-&-diu,2021,3,362520,2,982
dadra-&-nagar-haveli-&-daman-&-diu,2021,3,362540,1,1518
dadra-&-nagar-haveli-&-daman-&-diu,2021,4,396230,174,136491
dadra-&-nagar-haveli-&-daman-&-diu,2021,4,396210,107,141005
dadra-&-nagar-haveli-&-daman-&-diu,2021,4,396235,70,71008
dadra-&-nagar-haveli-&-daman-&-diu,2021,4,396215,60,37393
dadra-&-nagar-haveli-&-daman-&-diu,2021,4,362520,6,25371
dadra-&-nagar-haveli-&-daman-&-diu,2021,4,362571,2,12428
dadra-&-nagar-haveli-&-daman-&-diu,2021,4,396220,1,1452
dadra-&-nagar-haveli-&-daman-&-diu,2021,4,362540,1,236
dadra-&-nagar-haveli-&-daman-&-diu,2022,1,396230,201,249751
dadra-&-nagar-haveli-&-daman-&-diu,2022,1,396210,153,283079
dadra-&-nagar-haveli-&-daman-&-diu,2022,1,396235,80,87322
dadra-&-nagar-haveli-&-daman-&-diu,2022,1,396215,42,53496
dadra-&-nagar-haveli-&-daman-&-diu,2022,1,362520,7,26020
dadra-&-nagar-haveli-&-daman-&-diu,2022,1,362540,4,8226
dadra-&-nagar-haveli-&-daman-&-diu,2022,1,362571,3,10210
dadra-&-nagar-haveli-&-daman-&-diu,2022,1,396220,2,1337
dadra-&-nagar-haveli-&-daman-&-diu,2022,1,362570,1,1300
dadra-&-nagar-haveli-&-daman-&-diu,2022,2,396230,195,261358
dadra-&-nagar-haveli-&-daman-&-diu,2022,2,396210,123,240568
dadra-&-nagar-haveli-&-daman-&-diu,2022,2,396235,65,93616
dadra-&-nagar-haveli-&-daman-&-diu,2022,2,396215,43,43101
dadra-&-nagar-haveli-&-daman-&-diu,2022,2,362540,4,23498
dadra-&-nagar-haveli-&-daman-&-diu,2022,2,362571,4,9960
dadra-&-nagar-haveli-&-daman-&-diu,2022,2,362520,3,12096
dadra-&-nagar-haveli-&-daman-&-diu,2022,2,396220,1,2660
dadra-&-nagar-haveli-&-daman-&-diu,2022,3,396230,385,432488
dadra-&-nagar-haveli-&-daman-&-diu,2022,3,396235,134,160771
dadra-&-nagar-haveli-&-daman-&-diu,2022,3,396210,122,255359
dadra-&-nagar-haveli-&-daman-&-diu,2022,3,396215,50,96321
dadra-&-nagar-haveli-&-daman-&-diu,2022,3,362520,5,17374
dadra-&-nagar-haveli-&-daman-&-diu,2022,3,396220,5,14561
dadra-&-nagar-haveli-&-daman-&-diu,2022,3,362571,4,3266
dadra-&-nagar-haveli-&-daman-&-diu,2022,3,362540,2,3636
dadra-&-nagar-haveli-&-daman-&-diu,2022,4,396230,443,569214
dadra-&-nagar-haveli-&-daman-&-diu,2022,4,396235,167,193707
dadra-&-nagar-haveli-&-daman-&-diu,2022,4,396210,150,272825
dadra-&-nagar-haveli-&-daman-&-diu,2022,4,396215,86,163161
dadra-&-nagar-haveli-&-daman-&-diu,2022,4,362520,15,47124
dadra-&-nagar-haveli-&-daman-&-diu,2022,4,362540,5,5627
dadra-&-nagar-haveli-&-daman-&-diu,2022,4,362571,3,14396
dadra-&-nagar-haveli-&-daman-&-diu,2022,4,396220,2,6574
dadra-&-nagar-haveli-&-daman-&-diu,2023,1,396230,459,650192
dadra-&-nagar-haveli-&-daman-&-diu,2023,1,396235,139,160541
dadra-&-nagar-haveli-&-daman-&-diu,2023,1,396210,130,236935
dadra-&-nagar-haveli-&-daman-&-diu,2023,1,396215,51,99157
dadra-&-nagar-haveli-&-daman-&-diu,2023,1,362520,8,39200
dadra-&-nagar-haveli-&-daman-&-diu,2023,1,362571,7,17089
dadra-&-nagar-haveli-&-daman-&-diu,2023,1,396220,4,11983
dadra-&-nagar-haveli-&-daman-&-diu,2023,1,362540,1,71
dadra-&-nagar-haveli-&-daman-&-diu,2023,2,396230,377,483708
dadra-&-nagar-haveli-&-daman-&-diu,2023,2,396210,134,264315
dadra-&-nagar-haveli-&-daman-&-diu,2023,2,396235,115,138011
dadra-&-nagar-haveli-&-daman-&-diu,2023,2,396215,38,83998
dadra-&-nagar-haveli-&-daman-&-diu,2023,2,362520,16,52282
dadra-&-nagar-haveli-&-daman-&-diu,2023,2,362571,6,25713
dadra-&-nagar-haveli-&-daman-&-diu,2023,2,362540,5,8169
dadra-&-nagar-haveli-&-daman-&-diu,2023,2,396220,3,2557
dadra-&-nagar-haveli-&-daman-&-diu,2023,3,396230,461,615237
dadra-&-nagar-haveli-&-daman-&-diu,2023,3,396210,238,341809
dadra-&-nagar-haveli-&-daman-&-diu,2023,3,396235,139,161985
dadra-&-nagar-haveli-&-daman-&-diu,2023,3,396215,107,164338
dadra-&-nagar-haveli-&-daman-&-diu,2023,3,362520,9,18233
dadra-&-nagar-haveli-&-daman-&-diu,2023,3,362540,6,6170
dadra-&-nagar-haveli-&-daman-&-diu,2023,3,396220,4,5305
dadra-&-nagar-haveli-&-daman-&-diu,2023,3,362571,3,2940
dadra-&-nagar-haveli-&-daman-&-diu,2023,3,362570,2,17086
dadra-&-nagar-haveli-&-daman-&-diu,2023,4,396230,626,1009363
dadra-&-nagar-haveli-&-daman-&-diu,2023,4,396210,235,376257
dadra-&-nagar-haveli-&-daman-&-diu,2023,4,396235,207,297552
dadra-&-nagar-haveli-&-daman-&-diu,2023,4,396215,117,205211
dadra-&-nagar-haveli-&-daman-&-diu,2023,4,362520,9,38940
dadra-&-nagar-haveli-&-daman-&-diu,2023,4,396220,8,20216
dadra-&-nagar-haveli-&-daman-&-diu,2023,4,362571,4,12324
dadra-&-nagar-haveli-&-daman-&-diu,2023,4,362540,1,14004
dadra-&-nagar-haveli-&-daman-&-diu,2024,1,396230,645,931337
dadra-&-nagar-haveli-&-daman-&-diu,2024,1,396210,279,466913
dadra-&-nagar-haveli-&-daman-&-diu,2024,1,396235,228,268786
dadra-&-nagar-haveli-&-daman-&-diu,2024,1,396215,137,217688
dadra-&-nagar-haveli-&-daman-&-diu,2024,1,362520,4,20977
dadra-&-nagar-haveli-&-daman-&-diu,2024,1,396220,1,1435
dadra-&-nagar-haveli-&-daman-&-diu,2024,1,362540,1,1373
dadra-&-nagar-haveli-&-daman-&-diu,2024,2,396230,468,656845
dadra-&-nagar-haveli-&-daman-&-diu,2024,2,396210,216,325197
dadra-&-nagar-haveli-&-daman-&-diu,2024,2,396235,172,212446
dadra-&-nagar-haveli-&-daman-&-diu,2024,2,396215,128,135815
dadra-&-nagar-haveli-&-daman-&-diu,2024,2,362520,16,29753
dadra-&-nagar-haveli-&-daman-&-diu,2024,2,362540,4,2326
dadra-&-nagar-haveli-&-daman-&-diu,2024,2,362571,3,3812
dadra-&-nagar-haveli-&-daman-&-diu,2024,2,362570,1,1065
dadra-&-nagar-haveli-&-daman-&-diu,2024,3,396230,424,606048
dadra-&-nagar-haveli-&-daman-&-diu,2024,3,396210,195,377552
dadra-&-nagar-haveli-&-daman-&-diu,2024,3,396215,142,216196
dadra-&-nagar-haveli-&-daman-&-diu,2024,3,396235,105,117988
dadra-&-nagar-haveli-&-daman-&-diu,2024,3,396193,100,130765
dadra-&-nagar-haveli-&-daman-&-diu,2024,3,396240,60,71964
dadra-&-nagar-haveli-&-daman-&-diu,2024,3,362520,11,26986
dadra-&-nagar-haveli-&-daman-&-diu,2024,3,362570,10,35415
dadra-&-nagar-haveli-&-daman-&-diu,2024,3,396220,4,17645
dadra-&-nagar-haveli-&-daman-&-diu,2024,3,362540,1,2310
dadra-&-nagar-haveli-&-daman-&-diu,2024,4,396230,648,981897
dadra-&-nagar-haveli-&-daman-&-diu,2024,4,396210,227,449237
dadra-&-nagar-haveli-&-daman-&-diu,2024,4,396215,205,290639
dadra-&-nagar-haveli-&-daman-&-diu,2024,4,396235,150,192764
dadra-&-nagar-haveli-&-daman-&-diu,2024,4,396193,146,178879
dadra-&-nagar-haveli-&-daman-&-diu,2024,4,396240,101,141022
dadra-&-nagar-haveli-&-daman-&-diu,2024,4,362520,14,36616
dadra-&-nagar-haveli-&-daman-&-diu,2024,4,396220,5,8125
dadra-&-nagar-haveli-&-daman-&-diu,2024,4,362540,4,7060
dadra-&-nagar-haveli-&-daman-&-diu,2024,4,362570,3,6290
delhi,2020,2,110059,895,132104
delhi,2020,2,110092,638,94570
delhi,2020,2,110096,352,52930
delhi,2020,2,110085,310,48400
delhi,2020,2,110019,304,46226
delhi,2020,2,110017,285,45685
delhi,2020,2,110084,276,43752
delhi,2020,2,110044,260,42495
delhi,2020,2,110062,258,42340
delhi,2020,2,110086,255,42750
delhi,2020,3,110059,407,95078
delhi,2020,3,110092,305,80669
delhi,2020,3,110086,248,59852
delhi,2020,3,110043,231,100995
delhi,2020,3,110044,217,59264
delhi,2020,3,110041,209,68717
delhi,2020,3,110096,202,43838
delhi,2020,3,110084,184,39117
delhi,2020,3,110085,170,39935
delhi,2020,3,110053,169,40223
delhi,2020,4,110059,447,315637
delhi,2020,4,110092,348,271268
delhi,2020,4,110044,341,256960
delhi,2020,4,110086,325,260858
delhi,2020,4,110043,280,250896
delhi,2020,4,110094,265,211817
delhi,2020,4,110085,264,193668
delhi,2020,4,110096,237,166477
delhi,2020,4,110041,232,189517
delhi,2020,4,110042,204,179595
delhi,2021,1,110059,632,446103
delhi,2021,1,110092,402,261235
delhi,2021,1,110044,395,241775
delhi,2021,1,110086,359,337731
delhi,2021,1,110042,340,278379
delhi,2021,1,110094,334,245282
delhi,2021,1,110041,309,232913
delhi,2021,1,110043,295,235734
delhi,2021,1,110006,287,176150
delhi,2021,1,110096,287,189781
delhi,2021,2,110042,1036,537398
delhi,2021,2,110059,673,573763
delhi,2021,2,110092,391,288510
delhi,2021,2,110086,381,302195
delhi,2021,2,110084,367,274710
delhi,2021,2,110053,348,240811
delhi,2021,2,110043,346,316063
delhi,2021,2,110044,334,270505
delhi,2021,2,110096,326,236191
delhi,2021,2,110041,324,255416
delhi,2021,3,110059,714,607891
delhi,2021,3,110084,611,417715
delhi,2021,3,110053,556,417908
delhi,2021,3,110092,532,483473
delhi,2021,3,110086,523,383219
delhi,2021,3,110044,502,407754
delhi,2021,3,110042,494,400671
delhi,2021,3,110041,440,405874
delhi,2021,3,110094,408,328622
delhi,2021,3,110043,405,414698
delhi,2021,4,110059,1509,1603319
delhi,2021,4,110086,1220,1265728
delhi,2021,4,110042,1072,1032161
delhi,2021,4,110084,1036,830248
delhi,2021,4,110092,1022,1118417
delhi,2021,4,110041,1002,1063461
delhi,2021,4,110044,978,992235
delhi,2021,4,110053,917,832010
delhi,2021,4,110085,867,919771
delhi,2021,4,110094,844,864445
delhi,2022,1,110059,1416,1666849
delhi,2022,1,110086,884,1163190
delhi,2022,1,110044,848,957043
delhi,2022,1,110092,831,979409
delhi,2022,1,110041,798,1005109
delhi,2022,1,110043,782,1053890
delhi,2022,1,110042,760,935028
delhi,2022,1,110094,729,806490
delhi,2022,1,110085,722,914547
delhi,2022,1,110053,677,730723
delhi,2022,2,110059,1142,1297001
delhi,2022,2,110092,823,962652
delhi,2022,2,110086,821,900767
delhi,2022,2,110044,796,801170
delhi,2022,2,110085,735,977990
delhi,2022,2,110094,702,789641
delhi,2022,2,110041,680,778473
delhi,2022,2,110043,655,989154
delhi,2022,2,110053,636,699931
delhi,2022,2,110096,632,670478
delhi,2022,3,110059,1506,1670765
delhi,2022,3,110092,1191,1349328
delhi,2022,3,110086,1107,1185432
delhi,2022,3,110044,1074,1112755
delhi,2022,3,110041,956,1165139
delhi,2022,3,110096,903,994317
delhi,2022,3,110043,880,1203191
delhi,2022,3,110094,868,887648
delhi,2022,3,110053,867,855137
delhi,2022,3,110042,833,918820
delhi,2022,4,110059,1982,2407623
delhi,2022,4,110086,1566,1797044
delhi,2022,4,110092,1456,1728566
delhi,2022,4,110041,1387,1536997
delhi,2022,4,110042,1313,1461062
delhi,2022,4,110044,1298,1439637
delhi,2022,4,110085,1292,1658187
delhi,2022,4,110053,1241,1400625
delhi,2022,4,110094,1234,1526454
delhi,2022,4,110043,1132,1492359
delhi,2023,1,110059,1796,2506005
delhi,2023,1,110092,1456,1925391
delhi,2023,1,110086,1318,1617466
delhi,2023,1,110037,1285,1197159
delhi,2023,1,110085,1199,1717697
delhi,2023,1,110041,1193,1521401
delhi,2023,1,110044,1166,1401552
delhi,2023,1,110053,1160,1311678
delhi,2023,1,110094,1144,1551284
delhi,2023,1,110042,1118,1272110
delhi,2023,2,110059,1748,2338495
delhi,2023,2,110092,1328,1759406
delhi,2023,2,110086,1293,1465307
delhi,2023,2,110085,1115,1511331
delhi,2023,2,110041,1107,1345650
delhi,2023,2,110044,1089,1242189
delhi,2023,2,110042,1066,1210915
delhi,2023,2,110043,996,1383351
delhi,2023,2,110053,944,1182981
delhi,2023,2,110094,920,1126020
delhi,2023,3,110059,2047,2377598
delhi,2023,3,110092,1547,1919097
delhi,2023,3,110086,1349,1482945
delhi,2023,3,110044,1299,1416839
delhi,2023,3,110041,1260,1555617
delhi,2023,3,110085,1174,1535818
delhi,2023,3,110094,1117,1157707
delhi,2023,3,110096,1078,1215766
delhi,2023,3,110042,1071,1238058
delhi,2023,3,110043,1050,1349207
delhi,2023,4,110059,2330,3163916
delhi,2023,4,110044,1693,1969968
delhi,2023,4,110092,1686,2155091
delhi,2023,4,110041,1578,1878694
delhi,2023,4,110086,1573,1830984
delhi,2023,4,110094,1459,1762226
delhi,2023,4,110043,1455,2202398
delhi,2023,4,110053,1440,1753447
delhi,2023,4,110042,1432,1769887
delhi,2023,4,110085,1406,2064483
delhi,2024,1,110059,2186,3264956
delhi,2024,1,110092,1716,2379116
delhi,2024,1,110044,1553,2116182
delhi,2024,1,110086,1457,1834903
delhi,2024,1,110041,1428,1979240
delhi,2024,1,110094,1379,1698267
delhi,2024,1,110053,1324,1630415
delhi,2024,1,110043,1311,1978352
delhi,2024,1,110042,1251,1711153
delhi,2024,1,110085,1206,1936596
delhi,2024,2,110059,1894,2783459
delhi,2024,2,110092,1415,2078942
delhi,2024,2,110086,1350,1820578
delhi,2024,2,110044,1293,1663990
delhi,2024,2,110041,1175,1614578
delhi,2024,2,110042,1126,1600511
delhi,2024,2,110053,1118,1449669
delhi,2024,2,110006,1115,1473676
delhi,2024,2,110043,1111,1825163
delhi,2024,2,110085,1090,1774130
delhi,2024,3,110059,1997,2779253
delhi,2024,3,110092,1661,2181955
delhi,2024,3,110044,1545,1929193
delhi,2024,3,110094,1498,1893888
delhi,2024,3,110086,1356,1850665
delhi,2024,3,110043,1232,1958211
delhi,2024,3,110041,1212,1593328
delhi,2024,3,110085,1199,2114775
delhi,2024,3,110084,1130,1344641
delhi,2024,3,110037,1103,1782688
delhi,2024,4,110059,2785,3658733
delhi,2024,4,110092,2110,2884526
delhi,2024,4,110044,2103,2671177
delhi,2024,4,110086,2071,2533106
delhi,2024,4,110094,2049,2591430
delhi,2024,4,110041,1766,2371739
delhi,2024,4,110084,1665,2287006
delhi,2024,4,110043,1635,2579635
delhi,2024,4,110085,1600,2406049
delhi,2024,4,110042,1551,1933279
goa,2020,2,403601,22,4660
goa,2020,2,403521,17,3388
goa,2020,2,403602,16,2778
goa,2020,2,403006,16,3465
goa,2020,2,403507,15,2926
goa,2020,2,403004,13,2084
goa,2020,2,403001,13,2274
goa,2020,2,403802,13,2471
goa,2020,2,403706,12,2490
goa,2020,2,403722,12,2505
goa,2020,3,403722,59,15935
goa,2020,3,403401,51,14463
goa,2020,3,403001,40,10974
goa,2020,3,403507,39,9306
goa,2020,3,403601,39,11499
goa,2020,3,403521,30,6878
goa,2020,3,403602,26,7804
goa,2020,3,403802,22,7126
goa,2020,3,403710,22,7049
goa,2020,3,403515,18,4236
goa,2020,4,403722,42,34732
goa,2020,4,403001,35,39539
goa,2020,4,403802,34,22652
goa,2020,4,403601,32,35110
goa,2020,4,403401,31,40559
goa,2020,4,403507,26,36224
goa,2020,4,403516,21,20796
goa,2020,4,403509,21,24208
goa,2020,4,403521,16,10051
goa,2020,4,403505,14,16737
goa,2021,1,403601,64,59277
goa,2021,1,403001,61,38372
goa,2021,1,403507,49,67516
goa,2021,1,403722,48,24971
goa,2021,1,403401,46,36200
goa,2021,1,403516,35,25012
goa,2021,1,403802,30,21472
goa,2021,1,403509,29,27152
goa,2021,1,403707,27,29584
goa,2021,1,403801,23,31877
goa,2021,2,403601,77,73045
goa,2021,2,403401,70,71540
goa,2021,2,403802,45,64758
goa,2021,2,403001,42,35277
goa,2021,2,403507,41,32351
goa,2021,2,403722,34,26192
goa,2021,2,403005,32,29269
goa,2021,2,403710,31,22519
goa,2021,2,403602,29,29561
goa,2021,2,403801,27,19593
goa,2021,3,403601,86,65102
goa,2021,3,403401,80,89579
goa,2021,3,403507,67,107297
goa,2021,3,403722,64,68391
goa,2021,3,403001,61,53010
goa,2021,3,403802,49,29680
goa,2021,3,403703,45,48099
goa,2021,3,403521,44,43980
goa,2021,3,403602,32,21482
goa,2021,3,403801,28,29648
goa,2021,4,403001,146,139568
goa,2021,4,403601,124,145790
goa,2021,4,403401,116,160474
goa,2021,4,403802,108,100303
goa,2021,4,403722,101,101050
goa,2021,4,403507,73,86071
goa,2021,4,403521,62,76678
goa,2021,4,403710,53,50539
goa,2021,4,403005,51,50386
goa,2021,4,403801,50,52381
goa,2022,1,403601,223,260595
goa,2022,1,403802,160,151665
goa,2022,1,403401,159,226170
goa,2022,1,403001,154,168984
goa,2022,1,403507,132,174418
goa,2022,1,403722,107,149976
goa,2022,1,403801,89,89472
goa,2022,1,403521,68,83359
goa,2022,1,403516,63,88689
goa,2022,1,403602,59,71594
goa,2022,2,403001,257,321819
goa,2022,2,403601,255,310957
goa,2022,2,403401,239,259002
goa,2022,2,403507,183,244914
goa,2022,2,403802,168,184975
goa,2022,2,403801,137,156676
goa,2022,2,403722,127,158173
goa,2022,2,403516,114,225662
goa,2022,2,403521,105,136042
goa,2022,2,403512,84,193606
goa,2022,3,403601,261,313674
goa,2022,3,403401,179,233899
goa,2022,3,403001,177,195007
goa,2022,3,403802,172,162127
goa,2022,3,403507,162,229440
goa,2022,3,403722,137,124075
goa,2022,3,403521,97,95744
goa,2022,3,403801,90,101543
goa,2022,3,403516,87,138379
goa,2022,3,403602,79,70585
goa,2022,4,403401,270,429318
goa,2022,4,403601,270,345017
goa,2022,4,403001,257,309359
goa,2022,4,403802,241,267682
goa,2022,4,403507,215,294146
goa,2022,4,403722,185,196731
goa,2022,4,403521,142,208866
goa,2022,4,403516,141,221272
goa,2022,4,403801,113,137988
goa,2022,4,403512,104,158913
goa,2023,1,403601,355,406884
goa,2023,1,403001,217,295645
goa,2023,1,403401,215,342062
goa,2023,1,403802,213,227616
goa,2023,1,403722,204,220875
goa,2023,1,403507,190,243917
goa,2023,1,403801,135,178910
goa,2023,1,403516,133,187933
goa,2023,1,403521,124,160349
goa,2023,1,403726,104,189820
goa,2023,2,403601,383,445452
goa,2023,2,403001,238,328923
goa,2023,2,403401,237,368466
goa,2023,2,403802,220,254921
goa,2023,2,403507,195,301344
goa,2023,2,403722,166,206974
goa,2023,2,403801,156,176801
goa,2023,2,403521,141,166139
goa,2023,2,403516,123,207813
goa,2023,2,403512,117,225847
goa,2023,3,403601,274,338515
goa,2023,3,403001,254,360654
goa,2023,3,403401,228,348103
goa,2023,3,403802,199,209792
goa,2023,3,403507,180,234553
goa,2023,3,403722,167,209962
goa,2023,3,403801,135,152148
goa,2023,3,403521,135,201218
goa,2023,3,403516,125,177666
goa,2023,3,403710,109,99582
goa,2023,4,403601,362,571634
goa,2023,4,403001,266,410804
goa,2023,4,403401,262,427814
goa,2023,4,403802,228,288842
goa,2023,4,403507,224,299285
goa,2023,4,403722,175,220652
goa,2023,4,403801,157,205924
goa,2023,4,403516,157,283705
goa,2023,4,403521,154,224624
goa,2023,4,403710,125,136818
goa,2024,1,403601,402,475167
goa,2024,1,403401,282,383351
goa,2024,1,403001,266,395765
goa,2024,1,403507,236,312632
goa,2024,1,403722,227,297156
goa,2024,1,403802,217,256084
goa,2024,1,403516,173,277801
goa,2024,1,403801,169,239617
goa,2024,1,403521,140,184778
goa,2024,1,403710,129,195662
goa,2024,2,403601,384,557999
goa,2024,2,403507,267,367357
goa,2024,2,403001,266,414095
goa,2024,2,403401,256,349903
goa,2024,2,403802,238,257762
goa,2024,2,403801,190,203598
goa,2024,2,403722,186,232886
goa,2024,2,403516,175,281171
goa,2024,2,403521,138,249722
goa,2024,2,403512,130,190337
goa,2024,3,403601,367,454922
goa,2024,3,403802,323,411663
goa,2024,3,403507,296,538940
goa,2024,3,403001,244,349995
goa,2024,3,403401,226,295934
goa,2024,3,403516,216,427117
goa,2024,3,403722,208,250598
goa,2024,3,403501,141,193739
goa,2024,3,403602,128,218402
goa,2024,3,403707,126,209003
goa,2024,4,403601,416,549414
goa,2024,4,403507,359,465694
goa,2024,4,403802,344,480595
goa,2024,4,403401,313,467674
goa,2024,4,403516,300,556300
goa,2024,4,403001,283,441785
goa,2024,4,403722,276,278667
goa,2024,4,403501,187,278367
goa,2024,4,403710,155,164681
goa,2024,4,403801,155,188217
gujarat,2020,2,360311,177,24744
gujarat,2020,2,382481,165,27390
gujarat,2020,2,395006,129,21058
gujarat,2020,2,380013,128,21249
gujarat,2020,2,380015,120,19308
gujarat,2020,2,394510,113,17771
gujarat,2020,2,382350,112,19513
gujarat,2020,2,395010,102,16507
gujarat,2020,2,382345,101,17013
gujarat,2020,2,395009,94,15175
gujarat,2020,3,395006,266,58537
gujarat,2020,3,395010,190,61647
gujarat,2020,3,394210,183,36716
gujarat,2020,3,389350,166,48132
gujarat,2020,3,396191,151,37335
gujarat,2020,3,384265,150,32273
gujarat,2020,3,395004,140,30135
gujarat,2020,3,382481,134,34445
gujarat,2020,3,370511,124,31913
gujarat,2020,3,380015,121,30494
gujarat,2020,4,395006,195,149132
gujarat,2020,4,395010,180,81134
gujarat,2020,4,394210,153,105200
gujarat,2020,4,382481,127,81596
gujarat,2020,4,395012,115,64512
gujarat,2020,4,396191,113,80206
gujarat,2020,4,395004,102,60391
gujarat,2020,4,393002,100,71521
gujarat,2020,4,382350,99,61871
gujarat,2020,4,389350,97,52075
gujarat,2021,1,395010,242,133115
gujarat,2021,1,395006,240,114498
gujarat,2021,1,394210,191,117945
gujarat,2021,1,396191,170,78361
gujarat,2021,1,393001,166,88942
gujarat,2021,1,395003,149,85087
gujarat,2021,1,382345,143,116229
gujarat,2021,1,395002,139,81620
gujarat,2021,1,394230,137,90744
gujarat,2021,1,382350,136,56925
gujarat,2021,2,395006,294,114635
gujarat,2021,2,394210,283,154102
gujarat,2021,2,395010,266,171425
gujarat,2021,2,396191,208,123514
gujarat,2021,2,382350,169,79080
gujarat,2021,2,392130,155,82823
gujarat,2021,2,395012,149,69297
gujarat,2021,2,382415,145,70366
gujarat,2021,2,393001,142,95953
gujarat,2021,2,385001,134,62872
gujarat,2021,3,395010,383,263796
gujarat,2021,3,394210,316,214199
gujarat,2021,3,395006,302,131234
gujarat,2021,3,395003,234,127836
gujarat,2021,3,382350,186,121111
gujarat,2021,3,394221,179,128167
gujarat,2021,3,382415,176,132989
gujarat,2021,3,395002,173,146101
gujarat,2021,3,396191,171,170283
gujarat,2021,3,395009,156,147974
gujarat,2021,4,394210,374,399641
gujarat,2021,4,396191,368,403351
gujarat,2021,4,395010,326,374092
gujarat,2021,4,395006,260,308398
gujarat,2021,4,380008,203,181475
gujarat,2021,4,382345,200,220890
gujarat,2021,4,382350,196,258982
gujarat,2021,4,382330,189,254861
gujarat,2021,4,382415,187,181874
gujarat,2021,4,382481,179,208446
gujarat,2022,1,394210,582,603510
gujarat,2022,1,395010,453,442586
gujarat,2022,1,396191,322,394832
gujarat,2022,1,382350,316,429910
gujarat,2022,1,395006,316,381085
gujarat,2022,1,382415,293,400080
gujarat,2022,1,395003,271,307876
gujarat,2022,1,380001,271,245454
gujarat,2022,1,382330,262,363970
gujarat,2022,1,380013,250,323052
gujarat,2022,2,394210,676,652988
gujarat,2022,2,395010,544,488709
gujarat,2022,2,395006,497,432554
gujarat,2022,2,395003,395,390059
gujarat,2022,2,382415,369,407746
gujarat,2022,2,396191,359,478286
gujarat,2022,2,395002,352,340006
gujarat,2022,2,395007,350,398670
gujarat,2022,2,382350,315,320718
gujarat,2022,2,394221,290,249427
gujarat,2022,3,395010,807,684259
gujarat,2022,3,394210,730,709066
gujarat,2022,3,395006,687,601557
gujarat,2022,3,382415,480,558917
gujarat,2022,3,395003,477,440524
gujarat,2022,3,395007,453,499763
gujarat,2022,3,396191,430,508247
gujarat,2022,3,382350,427,459141
gujarat,2022,3,395002,408,363643
gujarat,2022,3,382481,349,410861
gujarat,2022,4,394210,773,769818
gujarat,2022,4,395010,681,732250
gujarat,2022,4,396191,597,842130
gujarat,2022,4,395006,566,690879
gujarat,2022,4,382415,477,535626
gujarat,2022,4,395003,432,437321
gujarat,2022,4,382350,420,632516
gujarat,2022,4,382481,412,628046
gujarat,2022,4,382330,391,538358
gujarat,2022,4,380058,387,503890
gujarat,2023,1,394210,1001,1073416
gujarat,2023,1,395010,818,857535
gujarat,2023,1,395006,618,670206
gujarat,2023,1,395007,511,608545
gujarat,2023,1,395003,493,516547
gujarat,2023,1,394221,473,463064
gujarat,2023,1,395002,452,449111
gujarat,2023,1,396191,447,616275
gujarat,2023,1,394230,410,409772
gujarat,2023,1,382345,384,575965
gujarat,2023,2,395010,685,714994
gujarat,2023,2,394210,649,653790
gujarat,2023,2,395006,590,564875
gujarat,2023,2,396191,511,662391
gujarat,2023,2,382350,440,532958
gujarat,2023,2,382415,437,558684
gujarat,2023,2,395003,435,466395
gujarat,2023,2,382481,431,588420
gujarat,2023,2,382330,429,596709
gujarat,2023,2,395007,399,520101
gujarat,2023,3,395006,1451,1257464
gujarat,2023,3,395010,1354,1163669
gujarat,2023,3,394210,1247,1192187
gujarat,2023,3,395003,886,797374
gujarat,2023,3,395004,752,770323
gujarat,2023,3,395002,691,598001
gujarat,2023,3,382350,687,804798
gujarat,2023,3,382415,674,792375
gujarat,2023,3,395007,668,762069
gujarat,2023,3,396191,635,809380
gujarat,2023,4,394210,816,966984
gujarat,2023,4,395010,782,1044876
gujarat,2023,4,396191,710,1034784
gujarat,2023,4,395006,638,960206
gujarat,2023,4,382481,491,749838
gujarat,2023,4,382415,478,740155
gujarat,2023,4,382350,455,756630
gujarat,2023,4,395007,440,672598
gujarat,2023,4,395003,426,536867
gujarat,2023,4,382330,425,765464
gujarat,2024,1,394210,948,948851
gujarat,2024,1,395010,858,920109
gujarat,2024,1,395006,678,741317
gujarat,2024,1,396191,668,900153
gujarat,2024,1,395003,556,561440
gujarat,2024,1,394230,502,453830
gujarat,2024,1,395007,491,634417
gujarat,2024,1,395002,488,499075
gujarat,2024,1,394221,467,418678
gujarat,2024,1,382415,464,599601
gujarat,2024,2,394210,969,1148145
gujarat,2024,2,395010,829,1001171
gujarat,2024,2,395006,769,861618
gujarat,2024,2,396191,652,934430
gujarat,2024,2,382415,584,881580
gujarat,2024,2,360004,523,688481
gujarat,2024,2,395007,493,701580
gujarat,2024,2,382350,481,845310
gujarat,2024,2,382481,478,877628
gujarat,2024,2,395003,461,550802
gujarat,2024,3,394210,952,1031350
gujarat,2024,3,395010,844,971105
gujarat,2024,3,395006,711,852008
gujarat,2024,3,382415,673,919818
gujarat,2024,3,382330,614,913827
gujarat,2024,3,382445,541,740466
gujarat,2024,3,380001,531,683726
gujarat,2024,3,395002,529,574809
gujarat,2024,3,382350,528,772153
gujarat,2024,3,360004,471,668172
gujarat,2024,4,394210,1224,1368815
gujarat,2024,4,395010,1094,1385731
gujarat,2024,4,382415,990,1369467
gujarat,2024,4,380001,913,1093880
gujarat,2024,4,382330,850,1439945
gujarat,2024,4,395006,847,1081777
gujarat,2024,4,382445,803,1076629
gujarat,2024,4,382350,724,1080837
gujarat,2024,4,395002,680,749953
gujarat,2024,4,396191,662,1031965
haryana,2020,2,122001,575,93975
haryana,2020,2,122006,314,51995
haryana,2020,2,132001,253,42325
haryana,2020,2,121004,241,43674
haryana,2020,2,122002,224,35989
haryana,2020,2,122003,207,32786
haryana,2020,2,121003,205,36173
haryana,2020,2,121001,196,35036
haryana,2020,2,123401,155,30644
haryana,2020,2,122017,142,24199
haryana,2020,3,122001,361,74622
haryana,2020,3,121003,259,66186
haryana,2020,3,121004,219,56317
haryana,2020,3,121001,210,57050
haryana,2020,3,122006,199,47470
haryana,2020,3,123401,182,54342
haryana,2020,3,122002,176,33926
haryana,2020,3,121102,158,39499
haryana,2020,3,122051,148,31924
haryana,2020,3,121002,147,48557
haryana,2020,4,122001,460,270525
haryana,2020,4,121003,314,242149
haryana,2020,4,121001,275,203631
haryana,2020,4,121004,272,190752
haryana,2020,4,123401,252,193284
haryana,2020,4,122006,243,164637
haryana,2020,4,121005,206,143936
haryana,2020,4,121102,181,127019
haryana,2020,4,122002,169,119662
haryana,2020,4,124507,167,114610
haryana,2021,1,122001,604,349428
haryana,2021,1,121004,448,336339
haryana,2021,1,121003,445,305563
haryana,2021,1,121001,358,218872
haryana,2021,1,123401,316,198507
haryana,2021,1,122006,309,176327
haryana,2021,1,122051,273,137444
haryana,2021,1,122002,252,156010
haryana,2021,1,121102,250,136976
haryana,2021,1,122004,203,115760
haryana,2021,2,122001,566,394802
haryana,2021,2,122006,393,280696
haryana,2021,2,123401,387,310580
haryana,2021,2,121004,386,306663
haryana,2021,2,121003,351,286823
haryana,2021,2,121001,286,191084
haryana,2021,2,131001,254,244031
haryana,2021,2,121005,246,200416
haryana,2021,2,122051,240,149418
haryana,2021,2,124001,234,223885
haryana,2021,3,122001,866,704138
haryana,2021,3,122006,806,481888
haryana,2021,3,121004,483,372427
haryana,2021,3,121003,462,400611
haryana,2021,3,123401,438,414246
haryana,2021,3,122002,353,283482
haryana,2021,3,121001,306,230567
haryana,2021,3,122004,277,214822
haryana,2021,3,124507,258,278203
haryana,2021,3,121102,249,263515
haryana,2021,4,122001,1104,1111507
haryana,2021,4,121003,762,796816
haryana,2021,4,121004,726,818260
haryana,2021,4,122006,702,698248
haryana,2021,4,121001,589,641154
haryana,2021,4,122002,546,591127
haryana,2021,4,123401,525,775398
haryana,2021,4,122003,468,433551
haryana,2021,4,124507,434,654682
haryana,2021,4,121005,368,356517
haryana,2022,1,122001,1252,1456298
haryana,2022,1,122006,874,930112
haryana,2022,1,121003,832,923924
haryana,2022,1,121004,795,959640
haryana,2022,1,123401,602,850949
haryana,2022,1,122002,594,743202
haryana,2022,1,121001,589,685111
haryana,2022,1,122003,578,577598
haryana,2022,1,124001,511,669372
haryana,2022,1,132001,478,469015
haryana,2022,2,122001,1236,1366070
haryana,2022,2,121004,903,1132802
haryana,2022,2,121003,801,920669
haryana,2022,2,122006,800,833884
haryana,2022,2,123401,734,979383
haryana,2022,2,121001,592,694788
haryana,2022,2,122002,528,550754
haryana,2022,2,124001,494,651675
haryana,2022,2,124507,475,636675
haryana,2022,2,122003,460,542526
haryana,2022,3,122001,1932,1913882
haryana,2022,3,121004,1142,1320600
haryana,2022,3,122006,1053,1047031
haryana,2022,3,121003,932,996105
haryana,2022,3,122002,864,878354
haryana,2022,3,121001,842,887224
haryana,2022,3,123401,829,1001676
haryana,2022,3,122003,758,894200
haryana,2022,3,124507,748,1040956
haryana,2022,3,124001,669,912291
haryana,2022,4,122001,2037,2580157
haryana,2022,4,122006,1296,1631296
haryana,2022,4,121004,1268,1632199
haryana,2022,4,121003,1207,1379347
haryana,2022,4,121001,1163,1419330
haryana,2022,4,122002,1034,1234183
haryana,2022,4,123401,940,1389120
haryana,2022,4,124507,803,1207860
haryana,2022,4,122003,747,922953
haryana,2022,4,124001,732,1086393
haryana,2023,1,122001,2018,2513445
haryana,2023,1,121004,1293,1897743
haryana,2023,1,122006,1288,1701853
haryana,2023,1,121003,1137,1364454
haryana,2023,1,121001,1100,1416454
haryana,2023,1,122002,1041,1347681
haryana,2023,1,123401,930,1556937
haryana,2023,1,122003,772,1107966
haryana,2023,1,124507,691,1238613
haryana,2023,1,121002,673,1017959
haryana,2023,2,122001,2154,2955207
haryana,2023,2,121004,1256,1512572
haryana,2023,2,122006,1252,1621105
haryana,2023,2,121003,1129,1557262
haryana,2023,2,122002,1094,1508096
haryana,2023,2,123401,1089,1455605
haryana,2023,2,121001,1079,1348515
haryana,2023,2,124507,856,1203110
haryana,2023,2,131001,784,1231515
haryana,2023,2,122003,773,996969
haryana,2023,3,122001,2457,3051171
haryana,2023,3,122006,1481,1766489
haryana,2023,3,121004,1446,1763459
haryana,2023,3,122002,1296,1465998
haryana,2023,3,121001,1205,1381182
haryana,2023,3,121003,1169,1443368
haryana,2023,3,123401,1058,1533525
haryana,2023,3,122003,808,1023607
haryana,2023,3,122017,795,961221
haryana,2023,3,121002,787,1130945
haryana,2023,4,122001,2474,3601541
haryana,2023,4,121004,1608,2280862
haryana,2023,4,122006,1540,2280572
haryana,2023,4,121003,1511,2075904
haryana,2023,4,121001,1315,1743232
haryana,2023,4,122002,1222,1660548
haryana,2023,4,123401,1180,2185547
haryana,2023,4,124507,949,1709667
haryana,2023,4,121102,908,1654000
haryana,2023,4,122003,895,1330139
haryana,2024,1,122001,2542,3582671
haryana,2024,1,121004,1820,2595411
haryana,2024,1,121003,1600,2067243
haryana,2024,1,122006,1493,2163779
haryana,2024,1,123401,1447,2224599
haryana,2024,1,122002,1317,2052922
haryana,2024,1,121001,1212,1653002
haryana,2024,1,124507,1018,1611721
haryana,2024,1,122003,964,1434346
haryana,2024,1,121102,917,1696527
haryana,2024,2,122001,2356,3374341
haryana,2024,2,121004,1529,2065332
haryana,2024,2,122006,1347,1900231
haryana,2024,2,123401,1312,1947044
haryana,2024,2,121003,1260,1789551
haryana,2024,2,122002,1141,1498756
haryana,2024,2,121001,1010,1433101
haryana,2024,2,124507,882,1541899
haryana,2024,2,122003,877,1531295
haryana,2024,2,124001,819,1648092
haryana,2024,3,122001,2270,3090606
haryana,2024,3,121004,1712,2546658
haryana,2024,3,122006,1545,2122754
haryana,2024,3,122002,1482,2094086
haryana,2024,3,123401,1270,1825757
haryana,2024,3,121001,1065,1440186
haryana,2024,3,124001,936,1851219
haryana,2024,3,122017,919,1321420
haryana,2024,3,121102,888,1523600
haryana,2024,3,122004,851,1088139
haryana,2024,4,122001,2604,3793725
haryana,2024,4,121004,2247,3131294
haryana,2024,4,123401,1828,2764894
haryana,2024,4,122006,1781,2600616
haryana,2024,4,122002,1563,2311409
haryana,2024,4,121001,1349,1906209
haryana,2024,4,121102,1250,2042046
haryana,2024,4,124001,1070,1893128
haryana,2024,4,122004,1035,1492730
haryana,2024,4,124507,1017,1521988
himachal-pradesh,2020,2,175141,63,7664
himachal-pradesh,2020,2,173205,53,10096
himachal-pradesh,2020,2,175001,34,5929
himachal-pradesh,2020,2,171216,22,3492
himachal-pradesh,2020,2,174101,16,3927
himachal-pradesh,2020,2,173213,9,1386
himachal-pradesh,2020,2,173025,8,1512
himachal-pradesh,2020,2,171219,8,1416
himachal-pradesh,2020,2,176047,7,1674
himachal-pradesh,2020,2,177040,6,1217
himachal-pradesh,2020,3,173205,55,13283
himachal-pradesh,2020,3,174101,21,8918
himachal-pradesh,2020,3,173025,17,5860
himachal-pradesh,2020,3,173212,13,2869
himachal-pradesh,2020,3,173220,12,3461
himachal-pradesh,2020,3,171001,11,2471
himachal-pradesh,2020,3,175001,10,3853
himachal-pradesh,2020,3,175140,9,1719
himachal-pradesh,2020,3,176061,9,2587
himachal-pradesh,2020,3,171202,8,4065
himachal-pradesh,2020,4,173205,79,40346
himachal-pradesh,2020,4,174101,40,22180
himachal-pradesh,2020,4,173025,18,10577
himachal-pradesh,2020,4,176061,17,23719
himachal-pradesh,2020,4,173030,14,11197
himachal-pradesh,2020,4,171010,9,4613
himachal-pradesh,2020,4,171001,8,11100
himachal-pradesh,2020,4,174103,8,6154
himachal-pradesh,2020,4,174303,7,4018
himachal-pradesh,2020,4,172001,7,11771
himachal-pradesh,2021,1,173205,127,52084
himachal-pradesh,2021,1,174101,44,18385
himachal-pradesh,2021,1,173025,30,23680
himachal-pradesh,2021,1,176061,29,14967
himachal-pradesh,2021,1,171001,20,30386
himachal-pradesh,2021,1,173030,19,10086
himachal-pradesh,2021,1,177001,19,26067
himachal-pradesh,2021,1,175131,17,10538
himachal-pradesh,2021,1,174001,16,14355
himachal-pradesh,2021,1,173212,15,20803
himachal-pradesh,2021,2,173205,118,81179
himachal-pradesh,2021,2,174101,56,40364
himachal-pradesh,2021,2,173025,33,39196
himachal-pradesh,2021,2,173030,22,17002
himachal-pradesh,2021,2,176061,21,17775
himachal-pradesh,2021,2,173001,20,23973
himachal-pradesh,2021,2,176310,16,15374
himachal-pradesh,2021,2,173212,16,14258
himachal-pradesh,2021,2,177001,13,15476
himachal-pradesh,2021,2,174001,13,5913
himachal-pradesh,2021,3,173205,163,139002
himachal-pradesh,2021,3,175131,122,70902
himachal-pradesh,2021,3,174101,96,97685
himachal-pradesh,2021,3,173025,59,56478
himachal-pradesh,2021,3,176310,37,43073
himachal-pradesh,2021,3,174001,30,21021
himachal-pradesh,2021,3,176061,27,48970
himachal-pradesh,2021,3,173212,26,21954
himachal-pradesh,2021,3,174103,25,35232
himachal-pradesh,2021,3,177001,25,36334
himachal-pradesh,2021,4,173205,222,214385
himachal-pradesh,2021,4,174101,112,148548
himachal-pradesh,2021,4,173025,73,131035
himachal-pradesh,2021,4,173212,41,61373
himachal-pradesh,2021,4,177203,39,26688
himachal-pradesh,2021,4,177001,36,59995
himachal-pradesh,2021,4,176061,36,54939
himachal-pradesh,2021,4,176001,34,56416
himachal-pradesh,2021,4,173030,34,43760
himachal-pradesh,2021,4,173001,30,55686
himachal-pradesh,2022,1,173205,237,291025
himachal-pradesh,2022,1,173025,105,187513
himachal-pradesh,2022,1,174101,101,177982
himachal-pradesh,2022,1,177001,49,76570
himachal-pradesh,2022,1,176001,42,75074
himachal-pradesh,2022,1,176310,41,70958
himachal-pradesh,2022,1,173001,41,91955
himachal-pradesh,2022,1,173030,40,60819
himachal-pradesh,2022,1,176081,36,42538
himachal-pradesh,2022,1,176061,36,80375
himachal-pradesh,2022,2,173205,230,305655
himachal-pradesh,2022,2,174101,137,217224
himachal-pradesh,2022,2,173025,93,120748
himachal-pradesh,2022,2,176061,58,89644
himachal-pradesh,2022,2,176052,54,70622
himachal-pradesh,2022,2,175131,50,92229
himachal-pradesh,2022,2,174303,40,100739
himachal-pradesh,2022,2,177001,35,62784
himachal-pradesh,2022,2,176001,35,62814
himachal-pradesh,2022,2,173212,33,47871
himachal-pradesh,2022,3,173205,371,404794
himachal-pradesh,2022,3,173025,147,216148
himachal-pradesh,2022,3,174101,135,228621
himachal-pradesh,2022,3,173212,58,102411
himachal-pradesh,2022,3,176052,56,51813
himachal-pradesh,2022,3,176061,55,77694
himachal-pradesh,2022,3,173001,54,90504
himachal-pradesh,2022,3,176001,54,85828
himachal-pradesh,2022,3,177001,49,77465
himachal-pradesh,2022,3,173220,48,57904
himachal-pradesh,2022,4,173205,455,632101
himachal-pradesh,2022,4,173025,199,285596
himachal-pradesh,2022,4,174101,171,274009
himachal-pradesh,2022,4,174303,74,139142
himachal-pradesh,2022,4,175131,69,108668
himachal-pradesh,2022,4,173220,67,128773
himachal-pradesh,2022,4,173212,67,117038
himachal-pradesh,2022,4,176001,65,113046
himachal-pradesh,2022,4,176061,65,146613
himachal-pradesh,2022,4,173001,61,101537
himachal-pradesh,2023,1,173205,325,424721
himachal-pradesh,2023,1,174101,169,277596
himachal-pradesh,2023,1,173025,158,240310
himachal-pradesh,2023,1,177001,72,140517
himachal-pradesh,2023,1,176310,67,94405
himachal-pradesh,2023,1,176061,62,102293
himachal-pradesh,2023,1,176052,58,72699
himachal-pradesh,2023,1,176001,57,115725
himachal-pradesh,2023,1,175131,54,81046
himachal-pradesh,2023,1,171003,54,110266
himachal-pradesh,2023,2,173205,389,467736
himachal-pradesh,2023,2,174101,195,311213
himachal-pradesh,2023,2,173025,124,201405
himachal-pradesh,2023,2,176061,98,143366
himachal-pradesh,2023,2,175131,81,183015
himachal-pradesh,2023,2,177001,76,114995
himachal-pradesh,2023,2,176001,58,89110
himachal-pradesh,2023,2,176310,57,90289
himachal-pradesh,2023,2,174303,56,112588
himachal-pradesh,2023,2,173220,56,129033
himachal-pradesh,2023,3,173205,349,392065
himachal-pradesh,2023,3,174101,190,327318
himachal-pradesh,2023,3,173025,144,244495
himachal-pradesh,2023,3,173030,70,115095
himachal-pradesh,2023,3,174303,65,122841
himachal-pradesh,2023,3,176001,60,126355
himachal-pradesh,2023,3,176061,59,108064
himachal-pradesh,2023,3,177001,59,94465
himachal-pradesh,2023,3,173001,55,86597
himachal-pradesh,2023,3,173212,55,139527
himachal-pradesh,2023,4,173205,495,842873
himachal-pradesh,2023,4,174101,199,369205
himachal-pradesh,2023,4,173025,192,294929
himachal-pradesh,2023,4,176061,94,195179
himachal-pradesh,2023,4,176052,90,162869
himachal-pradesh,2023,4,176001,89,198405
himachal-pradesh,2023,4,174303,89,204247
himachal-pradesh,2023,4,173001,83,251136
himachal-pradesh,2023,4,177001,79,167632
himachal-pradesh,2023,4,176310,75,108324
himachal-pradesh,2024,1,173205,475,648229
himachal-pradesh,2024,1,174101,241,405555
himachal-pradesh,2024,1,173025,234,404598
himachal-pradesh,2024,1,176061,114,211009
himachal-pradesh,2024,1,176001,90,153019
himachal-pradesh,2024,1,176310,85,119192
himachal-pradesh,2024,1,173212,72,150527
himachal-pradesh,2024,1,173030,72,97387
himachal-pradesh,2024,1,175131,72,143700
himachal-pradesh,2024,1,174303,71,155628
himachal-pradesh,2024,2,173205,431,524663
himachal-pradesh,2024,2,174101,203,335937
himachal-pradesh,2024,2,173025,153,283427
himachal-pradesh,2024,2,176310,99,166669
himachal-pradesh,2024,2,176001,98,144896
himachal-pradesh,2024,2,176061,93,179434
himachal-pradesh,2024,2,175131,85,209709
himachal-pradesh,2024,2,173212,77,146601
himachal-pradesh,2024,2,173030,70,88250
himachal-pradesh,2024,2,173001,65,157122
himachal-pradesh,2024,3,173205,389,587410
himachal-pradesh,2024,3,174101,244,432025
himachal-pradesh,2024,3,173025,203,341090
himachal-pradesh,2024,3,176061,108,209835
himachal-pradesh,2024,3,173030,94,150135
himachal-pradesh,2024,3,177001,90,155610
himachal-pradesh,2024,3,175001,78,129475
himachal-pradesh,2024,3,176001,72,134790
himachal-pradesh,2024,3,173001,71,100566
himachal-pradesh,2024,3,174303,70,139428
himachal-pradesh,2024,4,173205,529,755249
himachal-pradesh,2024,4,174101,288,459214
himachal-pradesh,2024,4,173025,211,428600
himachal-pradesh,2024,4,174303,118,217622
himachal-pradesh,2024,4,177001,110,280629
himachal-pradesh,2024,4,176001,102,184250
himachal-pradesh,2024,4,175131,92,165164
himachal-pradesh,2024,4,176061,90,184399
himachal-pradesh,2024,4,176310,88,166694
himachal-pradesh,2024,4,174103,85,151458
jammu-&-kashmir,2020,2,182101,12,2961
jammu-&-kashmir,2020,2,180011,11,2936
jammu-&-kashmir,2020,2,193222,10,1387
jammu-&-kashmir,2020,2,180001,10,1519
jammu-&-kashmir,2020,2,181133,8,1496
jammu-&-kashmir,2020,2,180003,7,1987
jammu-&-kashmir,2020,2,182312,7,1356
jammu-&-kashmir,2020,2,180010,5,1037
jammu-&-kashmir,2020,2,181101,5,975
jammu-&-kashmir,2020,2,180015,5,986
jammu-&-kashmir,2020,3,180005,24,11779
jammu-&-kashmir,2020,3,180001,18,6494
jammu-&-kashmir,2020,3,180012,14,4315
jammu-&-kashmir,2020,3,190001,13,3652
jammu-&-kashmir,2020,3,181133,13,2699
jammu-&-kashmir,2020,3,180020,13,3941
jammu-&-kashmir,2020,3,181205,11,4384
jammu-&-kashmir,2020,3,182101,10,1109
jammu-&-kashmir,2020,3,180003,9,1970
jammu-&-kashmir,2020,3,180002,9,2873
jammu-&-kashmir,2020,4,180011,20,8723
jammu-&-kashmir,2020,4,182101,20,12843
jammu-&-kashmir,2020,4,181201,19,19531
jammu-&-kashmir,2020,4,185203,17,15613
jammu-&-kashmir,2020,4,180020,16,18924
jammu-&-kashmir,2020,4,184121,15,11521
jammu-&-kashmir,2020,4,181133,14,16253
jammu-&-kashmir,2020,4,185101,13,14389
jammu-&-kashmir,2020,4,181101,13,6346
jammu-&-kashmir,2020,4,184120,13,11974
jammu-&-kashmir,2021,1,193504,115,165665
jammu-&-kashmir,2021,1,193502,37,83621
jammu-&-kashmir,2021,1,191131,34,58884
jammu-&-kashmir,2021,1,182101,33,42354
jammu-&-kashmir,2021,1,180001,29,23792
jammu-&-kashmir,2021,1,180012,28,29620
jammu-&-kashmir,2021,1,180003,25,30808
jammu-&-kashmir,2021,1,181133,23,25946
jammu-&-kashmir,2021,1,180004,23,12241
jammu-&-kashmir,2021,1,181221,21,21608
jammu-&-kashmir,2021,2,193504,71,43177
jammu-&-kashmir,2021,2,191131,58,31278
jammu-&-kashmir,2021,2,182101,48,70574
jammu-&-kashmir,2021,2,180005,36,56346
jammu-&-kashmir,2021,2,180003,35,60156
jammu-&-kashmir,2021,2,180001,32,34001
jammu-&-kashmir,2021,2,180020,24,25257
jammu-&-kashmir,2021,2,181133,24,32605
jammu-&-kashmir,2021,2,193502,24,43759
jammu-&-kashmir,2021,2,184121,20,37833
jammu-&-kashmir,2021,3,192123,76,34214
jammu-&-kashmir,2021,3,182101,53,97719
jammu-&-kashmir,2021,3,181133,52,79663
jammu-&-kashmir,2021,3,192303,46,34809
jammu-&-kashmir,2021,3,180001,44,48440
jammu-&-kashmir,2021,3,180005,40,26879
jammu-&-kashmir,2021,3,191111,33,40738
jammu-&-kashmir,2021,3,180020,32,39153
jammu-&-kashmir,2021,3,180004,32,30852
jammu-&-kashmir,2021,3,180011,30,54268
jammu-&-kashmir,2021,4,191111,515,260569
jammu-&-kashmir,2021,4,192303,129,111958
jammu-&-kashmir,2021,4,180001,83,105956
jammu-&-kashmir,2021,4,180004,67,94175
jammu-&-kashmir,2021,4,192301,64,90056
jammu-&-kashmir,2021,4,182101,62,99166
jammu-&-kashmir,2021,4,180003,55,79083
jammu-&-kashmir,2021,4,181133,51,90794
jammu-&-kashmir,2021,4,180012,50,55803
jammu-&-kashmir,2021,4,180020,49,59940
jammu-&-kashmir,2022,1,192301,136,178613
jammu-&-kashmir,2022,1,192401,136,106910
jammu-&-kashmir,2022,1,191111,104,90409
jammu-&-kashmir,2022,1,180001,92,139731
jammu-&-kashmir,2022,1,193201,91,133892
jammu-&-kashmir,2022,1,182101,84,148660
jammu-&-kashmir,2022,1,192303,75,83682
jammu-&-kashmir,2022,1,190012,74,73915
jammu-&-kashmir,2022,1,192101,73,89520
jammu-&-kashmir,2022,1,180012,68,139158
jammu-&-kashmir,2022,2,180001,113,152646
jammu-&-kashmir,2022,2,182101,112,153014
jammu-&-kashmir,2022,2,192301,106,165963
jammu-&-kashmir,2022,2,180020,94,119195
jammu-&-kashmir,2022,2,191111,91,132142
jammu-&-kashmir,2022,2,180003,85,105527
jammu-&-kashmir,2022,2,193201,82,128729
jammu-&-kashmir,2022,2,193222,81,103432
jammu-&-kashmir,2022,2,180005,78,99582
jammu-&-kashmir,2022,2,181133,77,98439
jammu-&-kashmir,2022,3,182101,159,194704
jammu-&-kashmir,2022,3,180003,132,159457
jammu-&-kashmir,2022,3,180001,131,170257
jammu-&-kashmir,2022,3,180020,112,143313
jammu-&-kashmir,2022,3,181133,111,144728
jammu-&-kashmir,2022,3,180012,107,111661
jammu-&-kashmir,2022,3,180004,91,124130
jammu-&-kashmir,2022,3,180005,89,108359
jammu-&-kashmir,2022,3,190001,86,129404
jammu-&-kashmir,2022,3,180002,82,117401
jammu-&-kashmir,2022,4,182101,190,380455
jammu-&-kashmir,2022,4,180001,132,205211
jammu-&-kashmir,2022,4,180003,116,191662
jammu-&-kashmir,2022,4,180020,114,167603
jammu-&-kashmir,2022,4,180005,112,148622
jammu-&-kashmir,2022,4,184121,109,204499
jammu-&-kashmir,2022,4,181133,106,170134
jammu-&-kashmir,2022,4,190001,105,159646
jammu-&-kashmir,2022,4,180004,100,147170
jammu-&-kashmir,2022,4,180012,97,160047
jammu-&-kashmir,2023,1,180001,127,176240
jammu-&-kashmir,2023,1,182101,120,248261
jammu-&-kashmir,2023,1,180020,115,212550
jammu-&-kashmir,2023,1,180004,105,145700
jammu-&-kashmir,2023,1,180003,104,148559
jammu-&-kashmir,2023,1,180012,100,176781
jammu-&-kashmir,2023,1,181221,82,152966
jammu-&-kashmir,2023,1,181133,78,153260
jammu-&-kashmir,2023,1,180005,73,132226
jammu-&-kashmir,2023,1,190001,72,128201
jammu-&-kashmir,2023,2,182101,161,317428
jammu-&-kashmir,2023,2,180001,148,272303
jammu-&-kashmir,2023,2,190001,126,234340
jammu-&-kashmir,2023,2,181133,124,167980
jammu-&-kashmir,2023,2,180005,118,182866
jammu-&-kashmir,2023,2,180003,103,170832
jammu-&-kashmir,2023,2,180020,99,147123
jammu-&-kashmir,2023,2,180012,91,117997
jammu-&-kashmir,2023,2,180002,80,139952
jammu-&-kashmir,2023,2,190011,79,152324
jammu-&-kashmir,2023,3,182101,195,277567
jammu-&-kashmir,2023,3,180005,127,136599
jammu-&-kashmir,2023,3,180020,121,137497
jammu-&-kashmir,2023,3,180001,121,164546
jammu-&-kashmir,2023,3,190001,107,216652
jammu-&-kashmir,2023,3,181133,104,156733
jammu-&-kashmir,2023,3,180003,104,195293
jammu-&-kashmir,2023,3,180004,97,139551
jammu-&-kashmir,2023,3,180011,92,155255
jammu-&-kashmir,2023,3,190007,91,170104
jammu-&-kashmir,2023,4,182101,252,474854
jammu-&-kashmir,2023,4,180001,157,255473
jammu-&-kashmir,2023,4,180012,142,227940
jammu-&-kashmir,2023,4,180005,135,225359
jammu-&-kashmir,2023,4,190001,116,245611
jammu-&-kashmir,2023,4,180003,115,242766
jammu-&-kashmir,2023,4,180011,113,272162
jammu-&-kashmir,2023,4,181201,113,217790
jammu-&-kashmir,2023,4,181133,112,258272
jammu-&-kashmir,2023,4,180020,109,184216
jammu-&-kashmir,2024,1,182101,233,414876
jammu-&-kashmir,2024,1,180001,139,249532
jammu-&-kashmir,2024,1,180003,134,205936
jammu-&-kashmir,2024,1,181133,133,244283
jammu-&-kashmir,2024,1,180020,132,192551
jammu-&-kashmir,2024,1,190001,129,197961
jammu-&-kashmir,2024,1,180011,128,207550
jammu-&-kashmir,2024,1,180012,124,204256
jammu-&-kashmir,2024,1,184121,112,243709
jammu-&-kashmir,2024,1,182204,112,231641
jammu-&-kashmir,2024,2,182101,263,505071
jammu-&-kashmir,2024,2,190001,159,332240
jammu-&-kashmir,2024,2,181133,136,208520
jammu-&-kashmir,2024,2,180003,129,259856
jammu-&-kashmir,2024,2,180001,115,205787
jammu-&-kashmir,2024,2,180012,111,196504
jammu-&-kashmir,2024,2,180002,110,162159
jammu-&-kashmir,2024,2,192231,110,226682
jammu-&-kashmir,2024,2,184121,103,239397
jammu-&-kashmir,2024,2,182204,100,172875
jammu-&-kashmir,2024,3,182101,307,534218
jammu-&-kashmir,2024,3,180004,220,434152
jammu-&-kashmir,2024,3,180001,186,456233
jammu-&-kashmir,2024,3,180011,167,309243
jammu-&-kashmir,2024,3,190001,157,297631
jammu-&-kashmir,2024,3,180020,142,248447
jammu-&-kashmir,2024,3,181221,131,224634
jammu-&-kashmir,2024,3,184121,130,246819
jammu-&-kashmir,2024,3,193504,129,118758
jammu-&-kashmir,2024,3,192231,116,244272
jammu-&-kashmir,2024,4,182101,311,566941
jammu-&-kashmir,2024,4,190001,213,362707
jammu-&-kashmir,2024,4,180001,209,307079
jammu-&-kashmir,2024,4,181133,165,266373
jammu-&-kashmir,2024,4,191111,160,335713
jammu-&-kashmir,2024,4,192303,159,406256
jammu-&-kashmir,2024,4,180004,159,291759
jammu-&-kashmir,2024,4,180020,144,207868
jammu-&-kashmir,2024,4,182204,143,318115
jammu-&-kashmir,2024,4,180011,143,275132
jharkhand,2020,2,826124,307,51877
jharkhand,2020,2,828122,171,30316
jharkhand,2020,2,834001,115,19706
jharkhand,2020,2,834002,50,8237
jharkhand,2020,2,827013,39,7822
jharkhand,2020,2,831001,37,7434
jharkhand,2020,2,828107,36,6726
jharkhand,2020,2,834005,35,6027
jharkhand,2020,2,826001,34,7265
jharkhand,2020,2,831013,32,5775
jharkhand,2020,3,826124,378,89931
jharkhand,2020,3,828122,282,66524
jharkhand,2020,3,834001,220,55456
jharkhand,2020,3,826001,191,48500
jharkhand,2020,3,834002,138,32254
jharkhand,2020,3,834009,112,32455
jharkhand,2020,3,834005,94,20849
jharkhand,2020,3,834008,90,22174
jharkhand,2020,3,831001,89,20924
jharkhand,2020,3,832108,73,15996
jharkhand,2020,4,834001,176,143529
jharkhand,2020,4,826001,77,42393
jharkhand,2020,4,831001,59,33463
jharkhand,2020,4,828122,55,24151
jharkhand,2020,4,827013,53,57004
jharkhand,2020,4,831012,50,36582
jharkhand,2020,4,834002,46,34930
jharkhand,2020,4,825301,46,39863
jharkhand,2020,4,826124,45,18768
jharkhand,2020,4,834009,43,37917
jharkhand,2021,1,834001,303,183419
jharkhand,2021,1,831001,126,82373
jharkhand,2021,1,827013,117,57568
jharkhand,2021,1,826001,105,77518
jharkhand,2021,1,834009,84,52484
jharkhand,2021,1,834008,75,46979
jharkhand,2021,1,825303,73,37088
jharkhand,2021,1,831004,68,37664
jharkhand,2021,1,835217,60,39655
jharkhand,2021,1,832108,55,28540
jharkhand,2021,2,834001,254,239419
jharkhand,2021,2,826001,129,101795
jharkhand,2021,2,827013,104,103028
jharkhand,2021,2,834002,99,119642
jharkhand,2021,2,834005,86,68804
jharkhand,2021,2,831012,86,64064
jharkhand,2021,2,834008,86,109797
jharkhand,2021,2,831001,74,90097
jharkhand,2021,2,831004,74,61527
jharkhand,2021,2,822102,74,57258
jharkhand,2021,3,834001,400,332493
jharkhand,2021,3,826001,198,151308
jharkhand,2021,3,822102,195,199993
jharkhand,2021,3,834002,182,140791
jharkhand,2021,3,831001,156,134917
jharkhand,2021,3,835302,142,66569
jharkhand,2021,3,827013,121,122961
jharkhand,2021,3,832107,108,107917
jharkhand,2021,3,834009,107,118576
jharkhand,2021,3,832108,103,111718
jharkhand,2021,4,834001,608,614197
jharkhand,2021,4,826001,233,289336
jharkhand,2021,4,831001,227,265229
jharkhand,2021,4,834002,190,232440
jharkhand,2021,4,834008,159,204906
jharkhand,2021,4,834005,146,154409
jharkhand,2021,4,827013,130,199986
jharkhand,2021,4,830003,123,209193
jharkhand,2021,4,834009,122,128516
jharkhand,2021,4,832108,112,118475
jharkhand,2022,1,834001,622,804617
jharkhand,2022,1,826001,274,298461
jharkhand,2022,1,831001,273,307627
jharkhand,2022,1,834002,234,316256
jharkhand,2022,1,827013,205,323335
jharkhand,2022,1,834008,170,262494
jharkhand,2022,1,834009,156,192138
jharkhand,2022,1,832110,156,201309
jharkhand,2022,1,832108,151,211761
jharkhand,2022,1,832107,144,190932
jharkhand,2022,2,834001,641,681631
jharkhand,2022,2,826001,380,440449
jharkhand,2022,2,831001,342,396100
jharkhand,2022,2,834002,199,263774
jharkhand,2022,2,827013,193,268149
jharkhand,2022,2,831012,160,171246
jharkhand,2022,2,832110,153,175793
jharkhand,2022,2,834008,148,175465
jharkhand,2022,2,832108,146,169119
jharkhand,2022,2,834005,145,174665
jharkhand,2022,3,834001,952,1088439
jharkhand,2022,3,826001,656,658189
jharkhand,2022,3,831001,498,539091
jharkhand,2022,3,834002,330,317605
jharkhand,2022,3,827013,287,353078
jharkhand,2022,3,835302,261,168152
jharkhand,2022,3,831012,251,275031
jharkhand,2022,3,834008,248,336346
jharkhand,2022,3,832110,234,286643
jharkhand,2022,3,832108,233,240619
jharkhand,2022,4,834001,901,1096797
jharkhand,2022,4,826001,675,746059
jharkhand,2022,4,831001,502,642026
jharkhand,2022,4,832108,363,434287
jharkhand,2022,4,834002,361,505664
jharkhand,2022,4,827013,316,501959
jharkhand,2022,4,832110,302,330958
jharkhand,2022,4,831012,282,299313
jharkhand,2022,4,834008,275,437708
jharkhand,2022,4,832107,273,401631
jharkhand,2023,1,834001,853,1139933
jharkhand,2023,1,831001,662,633062
jharkhand,2023,1,826001,454,521038
jharkhand,2023,1,832108,377,452574
jharkhand,2023,1,831012,344,410953
jharkhand,2023,1,832107,320,378120
jharkhand,2023,1,834002,308,452977
jharkhand,2023,1,827013,292,501165
jharkhand,2023,1,831004,266,293838
jharkhand,2023,1,834008,259,368773
jharkhand,2023,2,834001,957,1221293
jharkhand,2023,2,831001,865,877814
jharkhand,2023,2,826001,515,686171
jharkhand,2023,2,832108,463,432051
jharkhand,2023,2,832107,399,415090
jharkhand,2023,2,827013,389,565662
jharkhand,2023,2,831004,367,352526
jharkhand,2023,2,831012,360,413272
jharkhand,2023,2,834002,323,441029
jharkhand,2023,2,831009,289,296837
jharkhand,2023,3,834001,1290,1541368
jharkhand,2023,3,831001,832,827931
jharkhand,2023,3,826001,614,715449
jharkhand,2023,3,832107,454,500594
jharkhand,2023,3,834002,447,527439
jharkhand,2023,3,827013,444,584805
jharkhand,2023,3,832108,432,486414
jharkhand,2023,3,831004,397,373846
jharkhand,2023,3,831012,377,388045
jharkhand,2023,3,834008,337,399455
jharkhand,2023,4,834001,1142,1641382
jharkhand,2023,4,831001,791,1060429
jharkhand,2023,4,826001,718,1010140
jharkhand,2023,4,827013,518,799120
jharkhand,2023,4,832108,459,583398
jharkhand,2023,4,832107,413,464732
jharkhand,2023,4,834002,408,470590
jharkhand,2023,4,831004,353,439314
jharkhand,2023,4,831012,336,421307
jharkhand,2023,4,834008,312,599671
jharkhand,2024,1,834001,1210,1755448
jharkhand,2024,1,831001,808,1013796
jharkhand,2024,1,826001,711,863177
jharkhand,2024,1,832108,618,716198
jharkhand,2024,1,827013,496,819455
jharkhand,2024,1,832107,445,585486
jharkhand,2024,1,834002,385,680732
jharkhand,2024,1,831004,350,484051
jharkhand,2024,1,834008,334,610499
jharkhand,2024,1,831012,319,373884
jharkhand,2024,2,834001,1154,1637077
jharkhand,2024,2,831001,773,976453
jharkhand,2024,2,826001,637,820376
jharkhand,2024,2,832108,485,633106
jharkhand,2024,2,827013,475,670371
jharkhand,2024,2,832107,442,585230
jharkhand,2024,2,834002,376,571634
jharkhand,2024,2,834008,347,471835
jharkhand,2024,2,834009,299,519470
jharkhand,2024,2,831004,295,352145
jharkhand,2024,3,834001,1553,2153189
jharkhand,2024,3,831001,936,1153646
jharkhand,2024,3,826001,858,1241236
jharkhand,2024,3,831012,802,1052327
jharkhand,2024,3,827013,561,806627
jharkhand,2024,3,834002,513,788462
jharkhand,2024,3,831002,455,597133
jharkhand,2024,3,834009,397,800449
jharkhand,2024,3,834008,386,599161
jharkhand,2024,3,827001,367,505841
jharkhand,2024,4,834001,1671,2693199
jharkhand,2024,4,831012,1042,1410497
jharkhand,2024,4,831001,1030,1270492
jharkhand,2024,4,826001,927,1272238
jharkhand,2024,4,827013,632,952106
jharkhand,2024,4,831002,526,690569
jharkhand,2024,4,834002,504,867944
jharkhand,2024,4,831004,443,628089
jharkhand,2024,4,832108,418,542082
jharkhand,2024,4,834008,414,742251
karnataka,2020,2,560068,1076,168415
karnataka,2020,2,560037,1034,155914
karnataka,2020,2,560076,802,124790
karnataka,2020,2,560078,742,119673
karnataka,2020,2,560100,651,103528
karnataka,2020,2,560079,494,79188
karnataka,2020,2,560066,485,74094
karnataka,2020,2,560064,480,86646
karnataka,2020,2,560043,476,78043
karnataka,2020,2,560040,392,63016
karnataka,2020,3,560068,1603,340876
karnataka,2020,3,560076,1148,250474
karnataka,2020,3,560078,1124,243443
karnataka,2020,3,560037,923,202431
karnataka,2020,3,560079,904,183362
karnataka,2020,3,560043,842,188522
karnataka,2020,3,560058,802,159563
karnataka,2020,3,560091,768,161814
karnataka,2020,3,560100,765,158888
karnataka,2020,3,560085,712,156512
karnataka,2020,4,560068,849,653177
karnataka,2020,4,560079,565,461758
karnataka,2020,4,560078,536,398681
karnataka,2020,4,560076,525,495928
karnataka,2020,4,560037,511,384244
karnataka,2020,4,560043,495,437875
karnataka,2020,4,560058,454,338439
karnataka,2020,4,560091,452,406737
karnataka,2020,4,560064,402,440784
karnataka,2020,4,560066,370,298409
karnataka,2021,1,560068,870,614123
karnataka,2021,1,560043,682,549677
karnataka,2021,1,560078,658,521459
karnataka,2021,1,560091,648,492850
karnataka,2021,1,560076,616,516089
karnataka,2021,1,560079,604,504737
karnataka,2021,1,560058,594,413435
karnataka,2021,1,560037,530,467727
karnataka,2021,1,560100,457,370259
karnataka,2021,1,560022,430,288082
karnataka,2021,2,560068,982,719927
karnataka,2021,2,560076,719,556220
karnataka,2021,2,560058,658,556256
karnataka,2021,2,560078,652,519156
karnataka,2021,2,560091,633,611281
karnataka,2021,2,560043,594,616422
karnataka,2021,2,560100,554,447886
karnataka,2021,2,560079,545,451693
karnataka,2021,2,560037,505,392580
karnataka,2021,2,560064,500,607631
karnataka,2021,3,560068,1126,984821
karnataka,2021,3,560058,841,725815
karnataka,2021,3,560043,800,743863
karnataka,2021,3,560078,796,722799
karnataka,2021,3,560076,765,680106
karnataka,2021,3,560091,717,651503
karnataka,2021,3,560079,704,595262
karnataka,2021,3,560037,657,683242
karnataka,2021,3,560100,594,576401
karnataka,2021,3,560064,584,619637
karnataka,2021,4,560068,1839,1905289
karnataka,2021,4,560078,1372,1472700
karnataka,2021,4,560076,1308,1508537
karnataka,2021,4,560043,1285,1483440
karnataka,2021,4,560058,1237,1231686
karnataka,2021,4,560091,1201,1265605
karnataka,2021,4,560079,1078,1196851
karnataka,2021,4,560037,1077,1261421
karnataka,2021,4,560064,906,1063872
karnataka,2021,4,560100,881,1001416
karnataka,2022,1,560068,2349,2922542
karnataka,2022,1,560076,1718,2181826
karnataka,2022,1,560043,1713,2402868
karnataka,2022,1,560058,1699,1800069
karnataka,2022,1,560078,1671,1970551
karnataka,2022,1,560091,1656,2065687
karnataka,2022,1,560079,1358,1534187
karnataka,2022,1,560064,1288,1709573
karnataka,2022,1,560037,1259,1593673
karnataka,2022,1,560100,1255,1555109
karnataka,2022,2,560068,2692,3077564
karnataka,2022,2,560037,1860,2052163
karnataka,2022,2,560078,1844,2105323
karnataka,2022,2,560076,1835,2129897
karnataka,2022,2,560043,1755,2171198
karnataka,2022,2,560091,1405,1565112
karnataka,2022,2,560100,1389,1710571
karnataka,2022,2,560058,1283,1422895
karnataka,2022,2,560103,1242,1520408
karnataka,2022,2,560079,1199,1284375
karnataka,2022,3,560068,2861,3528404
karnataka,2022,3,560037,2120,2606805
karnataka,2022,3,560043,2030,2571392
karnataka,2022,3,560076,1945,2478555
karnataka,2022,3,560078,1912,2228186
karnataka,2022,3,560058,1610,1917287
karnataka,2022,3,560091,1561,1858018
karnataka,2022,3,560100,1498,1875623
karnataka,2022,3,560064,1475,1808634
karnataka,2022,3,560079,1371,1635418
karnataka,2022,4,560068,3419,4310528
karnataka,2022,4,560043,2468,3499600
karnataka,2022,4,560037,2424,3146560
karnataka,2022,4,560076,2391,3129589
karnataka,2022,4,560078,2388,3105356
karnataka,2022,4,560058,1998,2274976
karnataka,2022,4,560091,1951,2472172
karnataka,2022,4,560100,1940,2354073
karnataka,2022,4,560064,1771,2371094
karnataka,2022,4,560066,1642,2074882
karnataka,2023,1,560068,3214,4091377
karnataka,2023,1,560043,2365,3356228
karnataka,2023,1,560076,2282,3399622
karnataka,2023,1,560037,2272,3261324
karnataka,2023,1,560078,2018,2904918
karnataka,2023,1,560058,1931,2145047
karnataka,2023,1,560100,1860,2368777
karnataka,2023,1,560091,1849,2563988
karnataka,2023,1,560066,1688,2198417
karnataka,2023,1,560064,1679,2473845
karnataka,2023,2,560068,3141,3959944
karnataka,2023,2,560037,2575,3376141
karnataka,2023,2,560076,2184,3330509
karnataka,2023,2,560043,2126,3158190
karnataka,2023,2,560078,2051,2883618
karnataka,2023,2,560100,1843,2510992
karnataka,2023,2,560103,1790,2635489
karnataka,2023,2,560066,1761,2827168
karnataka,2023,2,560058,1581,1897452
karnataka,2023,2,560064,1563,2404087
karnataka,2023,3,560068,3688,4646310
karnataka,2023,3,560037,2892,3957250
karnataka,2023,3,560076,2534,3590807
karnataka,2023,3,560043,2443,3288213
karnataka,2023,3,560078,2402,3244684
karnataka,2023,3,560100,2147,2864673
karnataka,2023,3,560066,2012,3072523
karnataka,2023,3,560103,1956,2606778
karnataka,2023,3,560058,1930,2252913
karnataka,2023,3,560064,1793,2600219
karnataka,2023,4,560068,3947,5606578
karnataka,2023,4,560037,2973,4120542
karnataka,2023,4,560043,2809,4454698
karnataka,2023,4,560076,2591,4025991
karnataka,2023,4,560078,2515,3710977
karnataka,2023,4,560100,2234,3459846
karnataka,2023,4,560066,2041,3001699
karnataka,2023,4,560064,1987,3509532
karnataka,2023,4,560091,1978,3194653
karnataka,2023,4,560058,1860,2418724
karnataka,2024,1,560068,3871,5672343
karnataka,2024,1,560076,2776,4596888
karnataka,2024,1,560037,2685,3989582
karnataka,2024,1,560043,2655,4698522
karnataka,2024,1,560078,2621,4342390
karnataka,2024,1,560100,2288,3663878
karnataka,2024,1,560058,2138,2762399
karnataka,2024,1,560103,2114,3769030
karnataka,2024,1,560091,2112,3345209
karnataka,2024,1,560064,2065,3742797
karnataka,2024,2,560068,3282,5271425
karnataka,2024,2,560037,2469,4089538
karnataka,2024,2,560076,2238,3928312
karnataka,2024,2,560043,2235,3997393
karnataka,2024,2,560078,2193,3581757
karnataka,2024,2,560100,1961,3095214
karnataka,2024,2,560103,1865,2933626
karnataka,2024,2,560066,1831,3348017
karnataka,2024,2,560091,1686,2655650
karnataka,2024,2,560064,1677,3240374
karnataka,2024,3,560068,3453,5413163
karnataka,2024,3,560100,3241,5455946
karnataka,2024,3,560037,2876,4315416
karnataka,2024,3,560066,2654,4668286
karnataka,2024,3,560076,2402,4241341
karnataka,2024,3,560091,2326,3714785
karnataka,2024,3,560103,2228,3764086
karnataka,2024,3,560078,1934,3129544
karnataka,2024,3,560064,1882,3316406
karnataka,2024,3,560077,1878,3536989
karnataka,2024,4,560068,3520,5740577
karnataka,2024,4,560100,3152,5158211
karnataka,2024,4,560037,2720,4500835
karnataka,2024,4,560066,2453,4252390
karnataka,2024,4,560076,2281,4105249
karnataka,2024,4,560091,2183,3907206
karnataka,2024,4,560103,2069,3412924
karnataka,2024,4,560064,1950,3500059
karnataka,2024,4,560078,1926,3338219
karnataka,2024,4,560077,1784,3347052
kerala,2020,2,682042,23,4677
kerala,2020,2,682021,19,3925
kerala,2020,2,682036,18,3030
kerala,2020,2,682028,18,3507
kerala,2020,2,673016,15,3538
kerala,2020,2,682032,15,2958
kerala,2020,2,686692,14,2654
kerala,2020,2,670001,14,3158
kerala,2020,2,682041,13,2125
kerala,2020,2,695016,13,2608
kerala,2020,3,682024,85,26200
kerala,2020,3,682032,84,18243
kerala,2020,3,682020,80,22681
kerala,2020,3,682301,78,25224
kerala,2020,3,682025,77,21630
kerala,2020,3,682041,65,19549
kerala,2020,3,682042,63,19198
kerala,2020,3,695001,58,14047
kerala,2020,3,686673,58,22133
kerala,2020,3,695014,54,17667
kerala,2020,4,682020,60,33576
kerala,2020,4,682042,52,28110
kerala,2020,4,682024,50,29835
kerala,2020,4,682025,48,33186
kerala,2020,4,673508,46,51272
kerala,2020,4,682032,40,41614
kerala,2020,4,679322,33,22097
kerala,2020,4,682041,32,22463
kerala,2020,4,682035,30,22867
kerala,2020,4,695014,30,33773
kerala,2021,1,673508,81,79723
kerala,2021,1,695001,49,28194
kerala,2021,1,682024,48,18983
kerala,2021,1,686673,42,20734
kerala,2021,1,682020,41,29143
kerala,2021,1,682032,35,15217
kerala,2021,1,682025,34,25775
kerala,2021,1,682036,33,11933
kerala,2021,1,682042,33,20506
kerala,2021,1,682017,32,63265
kerala,2021,2,682025,75,41233
kerala,2021,2,695573,64,44824
kerala,2021,2,682032,63,41783
kerala,2021,2,682020,56,28720
kerala,2021,2,682042,56,34584
kerala,2021,2,695001,49,39920
kerala,2021,2,673010,47,31127
kerala,2021,2,695008,47,35390
kerala,2021,2,682507,44,38482
kerala,2021,2,682035,44,20402
kerala,2021,3,682042,89,61579
kerala,2021,3,695001,77,45297
kerala,2021,3,682024,76,108205
kerala,2021,3,682025,71,56068
kerala,2021,3,673508,63,63854
kerala,2021,3,682032,61,64742
kerala,2021,3,682301,59,65053
kerala,2021,3,682020,57,40120
kerala,2021,3,682507,53,49636
kerala,2021,3,673032,52,37518
kerala,2021,4,695001,147,206230
kerala,2021,4,682024,133,122019
kerala,2021,4,682020,128,189239
kerala,2021,4,682042,110,182125
kerala,2021,4,682025,100,120378
kerala,2021,4,682301,93,105284
kerala,2021,4,682507,89,137833
kerala,2021,4,682032,88,93266
kerala,2021,4,695014,88,96834
kerala,2021,4,673638,84,99037
kerala,2022,1,682042,233,334805
kerala,2022,1,682024,231,367375
kerala,2022,1,682020,223,281112
kerala,2022,1,682032,219,285022
kerala,2022,1,695008,210,271068
kerala,2022,1,673638,208,253604
kerala,2022,1,673032,207,272231
kerala,2022,1,695001,202,256241
kerala,2022,1,682025,193,254003
kerala,2022,1,695014,177,254676
kerala,2022,2,682042,233,282204
kerala,2022,2,695001,222,285574
kerala,2022,2,682032,221,251715
kerala,2022,2,682024,209,294976
kerala,2022,2,673032,193,195304
kerala,2022,2,682025,188,211150
kerala,2022,2,682020,183,295481
kerala,2022,2,673638,157,252702
kerala,2022,2,695014,157,242121
kerala,2022,2,682507,154,217414
kerala,2022,3,695001,410,492523
kerala,2022,3,682042,346,473438
kerala,2022,3,682025,314,424692
kerala,2022,3,673032,301,356768
kerala,2022,3,682020,287,356772
kerala,2022,3,682024,266,403226
kerala,2022,3,676123,265,351215
kerala,2022,3,682032,262,353599
kerala,2022,3,673592,230,372365
kerala,2022,3,695014,229,306934
kerala,2022,4,682042,447,617334
kerala,2022,4,695001,432,528333
kerala,2022,4,682024,385,578259
kerala,2022,4,682025,375,495748
kerala,2022,4,682032,339,494462
kerala,2022,4,673032,338,444592
kerala,2022,4,682020,297,433136
kerala,2022,4,682035,295,391825
kerala,2022,4,673004,269,345791
kerala,2022,4,673016,262,358888
kerala,2023,1,682042,475,678883
kerala,2023,1,682024,455,770427
kerala,2023,1,695001,390,496587
kerala,2023,1,682025,365,502748
kerala,2023,1,673032,360,433069
kerala,2023,1,682032,330,480633
kerala,2023,1,682020,324,404398
kerala,2023,1,673008,324,510154
kerala,2023,1,673016,293,451641
kerala,2023,1,695014,289,433851
kerala,2023,2,682042,474,632011
kerala,2023,2,682024,432,626497
kerala,2023,2,695001,357,499471
kerala,2023,2,682025,352,482026
kerala,2023,2,673032,327,386815
kerala,2023,2,682032,309,407445
kerala,2023,2,682020,293,372993
kerala,2023,2,682301,286,388465
kerala,2023,2,673008,278,398034
kerala,2023,2,695014,272,387218
kerala,2023,3,682042,563,741388
kerala,2023,3,682024,487,709625
kerala,2023,3,695001,426,587155
kerala,2023,3,682020,416,548647
kerala,2023,3,673032,374,434950
kerala,2023,3,682025,357,539363
kerala,2023,3,682032,340,522245
kerala,2023,3,682301,319,617524
kerala,2023,3,695014,301,465745
kerala,2023,3,673016,296,439379
kerala,2023,4,682042,564,836164
kerala,2023,4,682024,491,726335
kerala,2023,4,695001,475,657703
kerala,2023,4,682025,440,631119
kerala,2023,4,673032,396,560271
kerala,2023,4,682507,373,493834
kerala,2023,4,682020,356,512087
kerala,2023,4,682032,356,501942
kerala,2023,4,673004,326,387589
kerala,2023,4,682035,324,486127
kerala,2024,1,682042,564,953952
kerala,2024,1,682024,457,845691
kerala,2024,1,695001,449,612444
kerala,2024,1,682025,370,569108
kerala,2024,1,682020,350,485812
kerala,2024,1,682032,339,458172
kerala,2024,1,673638,318,459642
kerala,2024,1,673032,318,449883
kerala,2024,1,673008,309,470621
kerala,2024,1,673592,293,520246
kerala,2024,2,682042,456,813264
kerala,2024,2,682024,355,566936
kerala,2024,2,695001,338,536754
kerala,2024,2,682025,310,585735
kerala,2024,2,673032,302,449779
kerala,2024,2,682020,302,497500
kerala,2024,2,682032,292,443017
kerala,2024,2,682301,290,584150
kerala,2024,2,682507,288,426370
kerala,2024,2,673638,277,397827
kerala,2024,3,682024,680,1108681
kerala,2024,3,682025,509,786231
kerala,2024,3,682030,461,854833
kerala,2024,3,682017,395,627986
kerala,2024,3,682019,368,594507
kerala,2024,3,682020,355,632193
kerala,2024,3,673008,338,577858
kerala,2024,3,695001,336,526038
kerala,2024,3,695003,309,489120
kerala,2024,3,673592,304,540385
kerala,2024,4,682024,757,1113137
kerala,2024,4,682025,566,905246
kerala,2024,4,682030,537,938088
kerala,2024,4,682017,477,778597
kerala,2024,4,682019,466,779727
kerala,2024,4,673592,416,706996
kerala,2024,4,673008,414,645801
kerala,2024,4,695001,408,653996
kerala,2024,4,682020,366,603100
kerala,2024,4,682021,355,585091
ladakh,2020,2,194703,7,924
ladakh,2020,2,194104,2,462
ladakh,2020,2,194101,1,231
ladakh,2020,2,194109,1,226
ladakh,2020,2,194105,1,233
ladakh,2020,2,194103,1,231
ladakh,2020,2,194102,1,231
ladakh,2020,3,194703,8,3860
ladakh,2020,3,194101,7,712
ladakh,2020,3,194104,7,2254
ladakh,2020,3,194103,4,531
ladakh,2020,3,194107,2,945
ladakh,2020,3,194109,1,664
ladakh,2020,3,194105,1,281
ladakh,2020,3,194201,1,184
ladakh,2020,3,194102,1,548
ladakh,2020,3,,1,281
ladakh,2020,4,194104,9,9897
ladakh,2020,4,194101,7,14751
ladakh,2020,4,194201,4,4988
ladakh,2020,4,194107,2,2037
ladakh,2020,4,194401,2,1300
ladakh,2020,4,194703,1,543
ladakh,2020,4,194102,1,32
ladakh,2020,4,,1,658
ladakh,2021,1,194104,6,9013
ladakh,2021,1,194201,4,4212
ladakh,2021,1,194401,3,7138
ladakh,2021,1,194101,3,3047
ladakh,2021,1,194109,3,448
ladakh,2021,1,194107,3,2617
ladakh,2021,1,194102,3,573
ladakh,2021,1,194105,2,1930
ladakh,2021,1,194703,2,1617
ladakh,2021,1,194106,1,2119
ladakh,2021,2,194101,10,12117
ladakh,2021,2,194104,9,11531
ladakh,2021,2,194201,5,12366
ladakh,2021,2,194103,5,18076
ladakh,2021,2,194401,4,15690
ladakh,2021,2,194107,3,1375
ladakh,2021,2,194106,3,1014
ladakh,2021,2,194102,3,5710
ladakh,2021,2,194105,3,7440
ladakh,2021,2,194301,1,932
ladakh,2021,3,194101,108,53890
ladakh,2021,3,194401,35,22454
ladakh,2021,3,194104,15,45880
ladakh,2021,3,194201,12,26549
ladakh,2021,3,194105,5,10392
ladakh,2021,3,194103,4,6161
ladakh,2021,3,194106,3,1380
ladakh,2021,3,194703,3,4223
ladakh,2021,3,194107,2,95
ladakh,2021,3,194109,2,1394
ladakh,2021,4,194104,18,48241
ladakh,2021,4,194201,18,58529
ladakh,2021,4,194101,15,38010
ladakh,2021,4,194103,7,15034
ladakh,2021,4,194401,5,9848
ladakh,2021,4,194105,4,14375
ladakh,2021,4,194102,3,3760
ladakh,2021,4,194703,2,4068
ladakh,2021,4,194109,2,1455
ladakh,2021,4,194107,1,1317
ladakh,2022,1,194104,18,46434
ladakh,2022,1,194101,11,31218
ladakh,2022,1,194201,9,34256
ladakh,2022,1,194109,8,17030
ladakh,2022,1,194102,6,17395
ladakh,2022,1,194103,5,5397
ladakh,2022,1,194401,4,8265
ladakh,2022,1,194107,3,4919
ladakh,2022,1,194106,3,9124
ladakh,2022,1,194703,3,10974
ladakh,2022,2,194104,30,62451
ladakh,2022,2,194101,23,89253
ladakh,2022,2,194105,19,15599
ladakh,2022,2,194103,10,26625
ladakh,2022,2,194401,10,18736
ladakh,2022,2,194201,7,8041
ladakh,2022,2,194102,4,9831
ladakh,2022,2,194404,3,12247
ladakh,2022,2,194703,2,1313
ladakh,2022,2,194301,2,13710
ladakh,2022,3,194101,41,98573
ladakh,2022,3,194104,26,97547
ladakh,2022,3,194103,11,41081
ladakh,2022,3,194201,11,27639
ladakh,2022,3,194404,10,17456
ladakh,2022,3,194401,9,28628
ladakh,2022,3,194107,7,16060
ladakh,2022,3,194703,5,7985
ladakh,2022,3,194105,5,14392
ladakh,2022,3,194109,4,14530
ladakh,2022,4,194104,36,87741
ladakh,2022,4,194101,27,80405
ladakh,2022,4,194201,20,62608
ladakh,2022,4,194401,18,33676
ladakh,2022,4,194103,16,33492
ladakh,2022,4,194102,9,31787
ladakh,2022,4,,8,16020
ladakh,2022,4,194107,8,27242
ladakh,2022,4,194105,4,11174
ladakh,2022,4,194106,4,7042
ladakh,2023,1,194104,38,100249
ladakh,2023,1,194103,25,71011
ladakh,2023,1,194201,25,84649
ladakh,2023,1,194101,22,80863
ladakh,2023,1,194401,11,43410
ladakh,2023,1,194404,8,37357
ladakh,2023,1,194703,7,10383
ladakh,2023,1,194102,6,10152
ladakh,2023,1,194105,5,18306
ladakh,2023,1,194109,5,16276
ladakh,2023,2,194101,64,180037
ladakh,2023,2,194104,48,144145
ladakh,2023,2,194201,26,64999
ladakh,2023,2,194102,15,42816
ladakh,2023,2,194401,13,74174
ladakh,2023,2,194105,12,35944
ladakh,2023,2,194107,10,20559
ladakh,2023,2,194103,10,25494
ladakh,2023,2,194703,5,11997
ladakh,2023,2,194404,4,21229
ladakh,2023,3,194101,56,155885
ladakh,2023,3,194104,47,169061
ladakh,2023,3,194201,28,76911
ladakh,2023,3,194404,19,44101
ladakh,2023,3,194401,18,46245
ladakh,2023,3,194103,17,38096
ladakh,2023,3,194107,15,47707
ladakh,2023,3,194105,11,24496
ladakh,2023,3,194102,9,21562
ladakh,2023,3,194703,4,10968
ladakh,2023,4,194104,64,260872
ladakh,2023,4,194201,42,123961
ladakh,2023,4,194101,39,111111
ladakh,2023,4,194401,20,24434
ladakh,2023,4,194404,16,43310
ladakh,2023,4,194107,14,27955
ladakh,2023,4,194103,13,47085
ladakh,2023,4,194102,7,22198
ladakh,2023,4,194105,5,18413
ladakh,2023,4,194703,5,5182
ladakh,2024,1,194104,68,107838
ladakh,2024,1,194101,49,111874
ladakh,2024,1,194201,42,95211
ladakh,2024,1,194401,25,59496
ladakh,2024,1,194107,22,59815
ladakh,2024,1,194105,20,50166
ladakh,2024,1,194103,16,45153
ladakh,2024,1,194703,12,15415
ladakh,2024,1,194404,12,32572
ladakh,2024,1,194102,11,17199
ladakh,2024,2,194104,86,181186
ladakh,2024,2,194101,84,198993
ladakh,2024,2,194201,49,109629
ladakh,2024,2,194103,39,122699
ladakh,2024,2,194401,35,60363
ladakh,2024,2,194404,29,49555
ladakh,2024,2,194102,20,76933
ladakh,2024,2,194105,19,57911
ladakh,2024,2,194107,15,25706
ladakh,2024,2,194106,12,17805
ladakh,2024,3,194101,104,263354
ladakh,2024,3,194104,79,158932
ladakh,2024,3,194201,48,64198
ladakh,2024,3,194401,47,80110
ladakh,2024,3,194404,39,103229
ladakh,2024,3,194103,32,70630
ladakh,2024,3,194107,26,35449
ladakh,2024,3,194102,21,72321
ladakh,2024,3,194703,17,47687
ladakh,2024,3,194105,10,25018
ladakh,2024,4,194101,98,190063
ladakh,2024,4,194104,80,224345
ladakh,2024,4,194401,48,99684
ladakh,2024,4,194201,43,94401
ladakh,2024,4,194103,40,99928
ladakh,2024,4,194404,32,64369
ladakh,2024,4,194107,20,39766
ladakh,2024,4,194102,13,16677
ladakh,2024,4,194105,12,34066
ladakh,2024,4,194109,11,41878
lakshadweep,2020,3,682555,3,550
lakshadweep,2020,3,682557,1,649
lakshadweep,2021,1,682555,2,2132
lakshadweep,2021,1,682559,1,2886
lakshadweep,2021,1,682551,1,207
lakshadweep,2021,2,682555,4,5474
lakshadweep,2021,2,682551,1,1488
lakshadweep,2021,3,682551,15,12506
lakshadweep,2021,3,682555,2,2010
lakshadweep,2021,3,682556,1,233
lakshadweep,2021,3,682552,1,1285
lakshadweep,2021,4,682555,7,8240
lakshadweep,2021,4,682551,2,3404
lakshadweep,2021,4,682556,1,47
lakshadweep,2021,4,682557,1,5405
lakshadweep,2022,1,682555,18,24036
lakshadweep,2022,1,682551,6,6937
lakshadweep,2022,1,682556,2,3592
lakshadweep,2022,1,682552,1,99
lakshadweep,2022,2,682555,9,17440
lakshadweep,2022,2,682551,8,8697
lakshadweep,2022,2,682556,1,1326
lakshadweep,2022,3,682555,21,26201
lakshadweep,2022,3,682551,13,11635
lakshadweep,2022,3,682559,3,2429
lakshadweep,2022,3,682556,1,1239
lakshadweep,2022,4,682555,9,17265
lakshadweep,2022,4,682551,3,2539
lakshadweep,2022,4,682557,2,5030
lakshadweep,2022,4,682556,1,2301
lakshadweep,2023,1,682555,17,19233
lakshadweep,2023,1,682551,8,8442
lakshadweep,2023,1,682559,1,2524
lakshadweep,2023,2,682555,9,20879
lakshadweep,2023,2,682551,2,3888
lakshadweep,2023,2,682559,2,6203
lakshadweep,2023,2,682556,1,1628
lakshadweep,2023,2,682557,1,5786
lakshadweep,2023,3,682555,8,7305
lakshadweep,2023,3,682559,3,3714
lakshadweep,2023,3,682557,1,1388
lakshadweep,2023,4,682555,36,34964
lakshadweep,2023,4,682552,8,19542
lakshadweep,2023,4,682559,5,14379
lakshadweep,2023,4,682551,2,4743
lakshadweep,2023,4,682556,1,3518
lakshadweep,2023,4,682557,1,1200
lakshadweep,2024,1,682555,9,11703
lakshadweep,2024,1,682559,3,122
lakshadweep,2024,1,682556,1,1048
lakshadweep,2024,1,682551,1,31
lakshadweep,2024,1,682554,1,31
lakshadweep,2024,2,682555,11,16966
lakshadweep,2024,2,682559,8,6648
lakshadweep,2024,2,682551,4,8434
lakshadweep,2024,2,682558,1,245
lakshadweep,2024,2,682557,1,31
lakshadweep,2024,2,682552,1,1306
lakshadweep,2024,3,682555,32,37584
lakshadweep,2024,3,682551,7,8299
lakshadweep,2024,3,682559,5,4803
lakshadweep,2024,3,682556,4,2276
lakshadweep,2024,3,682552,1,2350
lakshadweep,2024,4,682551,112,114014
lakshadweep,2024,4,682555,21,38873
lakshadweep,2024,4,682559,9,10417
lakshadweep,2024,4,682552,6,5247
lakshadweep,2024,4,682553,6,8261
lakshadweep,2024,4,682558,2,1699
lakshadweep,2024,4,682556,2,5039
lakshadweep,2024,4,682554,1,1992
madhya-pradesh,2020,2,452010,307,49500
madhya-pradesh,2020,2,452016,194,33757
madhya-pradesh,2020,2,452009,138,22215
madhya-pradesh,2020,2,482002,138,23754
madhya-pradesh,2020,2,452003,136,21513
madhya-pradesh,2020,2,462042,133,22810
madhya-pradesh,2020,2,452001,112,18692
madhya-pradesh,2020,2,455001,106,21365
madhya-pradesh,2020,2,462016,103,17755
madhya-pradesh,2020,2,462022,101,18478
madhya-pradesh,2020,3,455001,353,125258
madhya-pradesh,2020,3,452010,313,83167
madhya-pradesh,2020,3,482002,310,86008
madhya-pradesh,2020,3,452001,241,55376
madhya-pradesh,2020,3,452016,217,63111
madhya-pradesh,2020,3,452003,214,45704
madhya-pradesh,2020,3,452009,192,41887
madhya-pradesh,2020,3,482001,188,53790
madhya-pradesh,2020,3,456010,150,37486
madhya-pradesh,2020,3,457001,149,27856
madhya-pradesh,2020,4,452010,196,150894
madhya-pradesh,2020,4,455001,157,71794
madhya-pradesh,2020,4,452003,156,86077
madhya-pradesh,2020,4,452001,144,50408
madhya-pradesh,2020,4,456010,133,55661
madhya-pradesh,2020,4,482002,124,61819
madhya-pradesh,2020,4,452016,117,60180
madhya-pradesh,2020,4,482001,109,75771
madhya-pradesh,2020,4,480001,108,39012
madhya-pradesh,2020,4,452009,107,49284
madhya-pradesh,2021,1,452010,292,123349
madhya-pradesh,2021,1,452001,251,116624
madhya-pradesh,2021,1,455001,250,80840
madhya-pradesh,2021,1,482002,183,70792
madhya-pradesh,2021,1,452003,182,84903
madhya-pradesh,2021,1,457001,168,51993
madhya-pradesh,2021,1,485001,164,77755
madhya-pradesh,2021,1,452020,163,41423
madhya-pradesh,2021,1,452009,153,59102
madhya-pradesh,2021,1,482001,149,85792
madhya-pradesh,2021,2,452010,318,217261
madhya-pradesh,2021,2,455001,293,152028
madhya-pradesh,2021,2,452003,212,186530
madhya-pradesh,2021,2,457001,182,156427
madhya-pradesh,2021,2,452001,179,100541
madhya-pradesh,2021,2,482002,177,78906
madhya-pradesh,2021,2,460001,166,115822
madhya-pradesh,2021,2,485001,166,142098
madhya-pradesh,2021,2,452016,166,123056
madhya-pradesh,2021,2,480001,163,80186
madhya-pradesh,2021,3,452010,262,158149
madhya-pradesh,2021,3,455001,205,147100
madhya-pradesh,2021,3,452001,201,94445
madhya-pradesh,2021,3,452003,183,107552
madhya-pradesh,2021,3,457001,165,75346
madhya-pradesh,2021,3,452016,159,158420
madhya-pradesh,2021,3,452020,153,102349
madhya-pradesh,2021,3,452009,137,93228
madhya-pradesh,2021,3,480001,128,137028
madhya-pradesh,2021,3,456010,121,74050
madhya-pradesh,2021,4,452010,385,363032
madhya-pradesh,2021,4,452001,320,327898
madhya-pradesh,2021,4,452016,237,352688
madhya-pradesh,2021,4,452003,233,233481
madhya-pradesh,2021,4,452009,224,260882
madhya-pradesh,2021,4,455001,199,240931
madhya-pradesh,2021,4,482002,194,226586
madhya-pradesh,2021,4,485001,172,186619
madhya-pradesh,2021,4,482001,164,175088
madhya-pradesh,2021,4,452007,163,163807
madhya-pradesh,2022,1,452010,387,458284
madhya-pradesh,2022,1,452001,289,295078
madhya-pradesh,2022,1,452009,254,325854
madhya-pradesh,2022,1,452016,249,413080
madhya-pradesh,2022,1,452003,242,255686
madhya-pradesh,2022,1,482002,199,242274
madhya-pradesh,2022,1,452020,197,263588
madhya-pradesh,2022,1,455001,187,295488
madhya-pradesh,2022,1,456006,180,190207
madhya-pradesh,2022,1,485001,174,198588
madhya-pradesh,2022,2,452010,412,425203
madhya-pradesh,2022,2,452001,256,292802
madhya-pradesh,2022,2,452016,255,437268
madhya-pradesh,2022,2,482002,252,374764
madhya-pradesh,2022,2,452009,226,253602
madhya-pradesh,2022,2,452003,225,297874
madhya-pradesh,2022,2,455001,223,289444
madhya-pradesh,2022,2,456006,156,177366
madhya-pradesh,2022,2,482001,156,237564
madhya-pradesh,2022,2,485001,155,200394
madhya-pradesh,2022,3,452010,575,669254
madhya-pradesh,2022,3,452001,476,548301
madhya-pradesh,2022,3,452016,381,541981
madhya-pradesh,2022,3,482002,373,467038
madhya-pradesh,2022,3,455001,345,506515
madhya-pradesh,2022,3,452009,332,454942
madhya-pradesh,2022,3,452003,294,275516
madhya-pradesh,2022,3,452020,293,331098
madhya-pradesh,2022,3,462022,271,384616
madhya-pradesh,2022,3,482001,261,314321
madhya-pradesh,2022,4,452010,760,1027736
madhya-pradesh,2022,4,452001,661,737534
madhya-pradesh,2022,4,452016,537,868792
madhya-pradesh,2022,4,452009,507,705788
madhya-pradesh,2022,4,455001,446,633466
madhya-pradesh,2022,4,452003,426,461088
madhya-pradesh,2022,4,482002,409,614146
madhya-pradesh,2022,4,452020,343,462629
madhya-pradesh,2022,4,462022,330,513575
madhya-pradesh,2022,4,482001,314,448685
madhya-pradesh,2023,1,452010,732,1016687
madhya-pradesh,2023,1,452001,615,839884
madhya-pradesh,2023,1,452016,503,860895
madhya-pradesh,2023,1,452009,482,671041
madhya-pradesh,2023,1,482002,408,748730
madhya-pradesh,2023,1,452003,404,526661
madhya-pradesh,2023,1,455001,367,559856
madhya-pradesh,2023,1,452007,360,499025
madhya-pradesh,2023,1,474001,345,495162
madhya-pradesh,2023,1,482001,324,579801
madhya-pradesh,2023,2,452010,746,989870
madhya-pradesh,2023,2,452001,621,823877
madhya-pradesh,2023,2,452009,527,879657
madhya-pradesh,2023,2,452016,505,992174
madhya-pradesh,2023,2,455001,404,696184
madhya-pradesh,2023,2,452003,403,525938
madhya-pradesh,2023,2,482002,385,710927
madhya-pradesh,2023,2,452020,364,588199
madhya-pradesh,2023,2,482001,361,624527
madhya-pradesh,2023,2,456010,353,621218
madhya-pradesh,2023,3,452010,841,1113092
madhya-pradesh,2023,3,452001,545,803408
madhya-pradesh,2023,3,452016,518,910816
madhya-pradesh,2023,3,482002,465,686659
madhya-pradesh,2023,3,452009,416,558559
madhya-pradesh,2023,3,455001,409,740804
madhya-pradesh,2023,3,482001,398,788853
madhya-pradesh,2023,3,452020,366,609499
madhya-pradesh,2023,3,452003,339,495223
madhya-pradesh,2023,3,474005,337,485795
madhya-pradesh,2023,4,452010,1090,1854529
madhya-pradesh,2023,4,452016,776,1486383
madhya-pradesh,2023,4,452001,770,1173331
madhya-pradesh,2023,4,482002,634,1085058
madhya-pradesh,2023,4,452009,634,1036598
madhya-pradesh,2023,4,455001,607,1147117
madhya-pradesh,2023,4,452003,579,772432
madhya-pradesh,2023,4,482001,484,890762
madhya-pradesh,2023,4,456010,471,822271
madhya-pradesh,2023,4,452020,442,732877
madhya-pradesh,2024,1,452010,1051,1765762
madhya-pradesh,2024,1,452001,765,1223173
madhya-pradesh,2024,1,452016,762,1507073
madhya-pradesh,2024,1,455001,681,1177698
madhya-pradesh,2024,1,482002,629,994409
madhya-pradesh,2024,1,474001,627,1050205
madhya-pradesh,2024,1,452009,622,977798
madhya-pradesh,2024,1,482001,586,1002226
madhya-pradesh,2024,1,452003,585,791184
madhya-pradesh,2024,1,452020,493,787801
madhya-pradesh,2024,2,452010,908,1675496
madhya-pradesh,2024,2,452016,740,1546722
madhya-pradesh,2024,2,452001,713,1139489
madhya-pradesh,2024,2,452009,585,986895
madhya-pradesh,2024,2,455001,555,1156759
madhya-pradesh,2024,2,482002,521,1075055
madhya-pradesh,2024,2,452020,479,888149
madhya-pradesh,2024,2,462022,476,957931
madhya-pradesh,2024,2,482001,462,909588
madhya-pradesh,2024,2,452003,442,591557
madhya-pradesh,2024,3,452001,1801,3028209
madhya-pradesh,2024,3,452010,980,1726929
madhya-pradesh,2024,3,452016,930,1884758
madhya-pradesh,2024,3,474001,622,1049284
madhya-pradesh,2024,3,482002,617,1166993
madhya-pradesh,2024,3,455001,606,1174795
madhya-pradesh,2024,3,452006,586,840673
madhya-pradesh,2024,3,482001,528,1044724
madhya-pradesh,2024,3,462001,520,1027218
madhya-pradesh,2024,3,486001,517,894726
madhya-pradesh,2024,4,452001,2301,3507377
madhya-pradesh,2024,4,452010,1394,2386628
madhya-pradesh,2024,4,452016,1202,2377995
madhya-pradesh,2024,4,455001,961,1567609
madhya-pradesh,2024,4,482002,749,1212291
madhya-pradesh,2024,4,452006,722,1043398
madhya-pradesh,2024,4,474001,722,1334621
madhya-pradesh,2024,4,486001,679,1225860
madhya-pradesh,2024,4,452011,640,919763
madhya-pradesh,2024,4,452007,639,912956
maharashtra,2020,2,421201,668,104388
maharashtra,2020,2,431003,651,107122
maharashtra,2020,2,421302,630,106761
maharashtra,2020,2,410206,609,101245
maharashtra,2020,2,421301,540,87485
maharashtra,2020,2,411014,472,74448
maharashtra,2020,2,411046,469,76010
maharashtra,2020,2,411041,432,69808
maharashtra,2020,2,411057,428,69012
maharashtra,2020,2,431005,415,67472
maharashtra,2020,3,410501,1067,278535
maharashtra,2020,3,431003,926,209817
maharashtra,2020,3,411033,852,196069
maharashtra,2020,3,411014,812,203782
maharashtra,2020,3,411046,786,187773
maharashtra,2020,3,411041,766,180197
maharashtra,2020,3,412105,762,200935
maharashtra,2020,3,422009,644,158475
maharashtra,2020,3,421201,637,150597
maharashtra,2020,3,410206,616,155290
maharashtra,2020,4,421302,609,459248
maharashtra,2020,4,421201,465,347630
maharashtra,2020,4,410501,452,192757
maharashtra,2020,4,410206,446,383299
maharashtra,2020,4,411033,444,272672
maharashtra,2020,4,422009,408,229965
maharashtra,2020,4,421301,396,265869
maharashtra,2020,4,400072,317,193552
maharashtra,2020,4,431003,314,118228
maharashtra,2020,4,411046,298,219978
maharashtra,2021,1,421302,802,538000
maharashtra,2021,1,410501,649,265413
maharashtra,2021,1,411033,515,304108
maharashtra,2021,1,421201,501,329307
maharashtra,2021,1,410206,499,407630
maharashtra,2021,1,421301,478,362678
maharashtra,2021,1,431003,466,135948
maharashtra,2021,1,411014,426,223350
maharashtra,2021,1,422009,371,216352
maharashtra,2021,1,411046,370,174139
maharashtra,2021,2,410501,948,578550
maharashtra,2021,2,421302,783,586297
maharashtra,2021,2,411033,722,405598
maharashtra,2021,2,412105,713,452166
maharashtra,2021,2,410206,654,468786
maharashtra,2021,2,431003,617,329319
maharashtra,2021,2,421201,597,407263
maharashtra,2021,2,411041,594,281598
maharashtra,2021,2,411046,586,390756
maharashtra,2021,2,421301,511,391589
maharashtra,2021,3,421301,1176,670772
maharashtra,2021,3,421302,1001,736789
maharashtra,2021,3,410501,561,304516
maharashtra,2021,3,410206,487,415689
maharashtra,2021,3,421201,478,446433
maharashtra,2021,3,411033,474,362568
maharashtra,2021,3,431001,451,249513
maharashtra,2021,3,411046,422,291023
maharashtra,2021,3,401208,406,346804
maharashtra,2021,3,412105,405,333389
maharashtra,2021,4,421301,1473,1157196
maharashtra,2021,4,421302,1471,1338786
maharashtra,2021,4,411033,847,970344
maharashtra,2021,4,421201,834,838561
maharashtra,2021,4,410206,834,1001187
maharashtra,2021,4,401208,746,695026
maharashtra,2021,4,410501,733,630994
maharashtra,2021,4,411014,713,824373
maharashtra,2021,4,411057,654,768442
maharashtra,2021,4,411046,634,802119
maharashtra,2022,1,421302,1673,1688051
maharashtra,2022,1,421301,1149,1308996
maharashtra,2022,1,411033,1052,1435905
maharashtra,2022,1,413002,1031,1149715
maharashtra,2022,1,421201,1026,1069715
maharashtra,2022,1,410206,959,1269943
maharashtra,2022,1,411057,875,1122811
maharashtra,2022,1,410501,838,966205
maharashtra,2022,1,411014,766,975979
maharashtra,2022,1,412105,731,889422
maharashtra,2022,2,421302,1191,1281753
maharashtra,2022,2,411057,1059,1326202
maharashtra,2022,2,411014,986,1301528
maharashtra,2022,2,411033,973,1129927
maharashtra,2022,2,421201,899,1050391
maharashtra,2022,2,421301,843,1082820
maharashtra,2022,2,412105,800,970827
maharashtra,2022,2,410206,779,1042926
maharashtra,2022,2,410501,665,804304
maharashtra,2022,2,401208,655,711523
maharashtra,2022,3,411057,1327,1617600
maharashtra,2022,3,421302,1316,1390663
maharashtra,2022,3,411014,1037,1406461
maharashtra,2022,3,411033,1016,1187091
maharashtra,2022,3,421301,955,1063117
maharashtra,2022,3,410206,920,1117204
maharashtra,2022,3,410501,849,857434
maharashtra,2022,3,421201,840,957396
maharashtra,2022,3,412105,802,973297
maharashtra,2022,3,401208,754,826654
maharashtra,2022,4,421302,2085,2245940
maharashtra,2022,4,411057,1899,2503539
maharashtra,2022,4,411033,1465,1948300
maharashtra,2022,4,410206,1396,1875505
maharashtra,2022,4,421301,1362,1650860
maharashtra,2022,4,421201,1328,1563962
maharashtra,2022,4,410501,1306,1273296
maharashtra,2022,4,411014,1245,1836630
maharashtra,2022,4,401208,1109,1294526
maharashtra,2022,4,412105,1002,1479528
maharashtra,2023,1,411057,1914,2708878
maharashtra,2023,1,421302,1756,1982201
maharashtra,2023,1,410206,1421,2021889
maharashtra,2023,1,411033,1324,1882866
maharashtra,2023,1,421201,1283,1536250
maharashtra,2023,1,421301,1261,1419597
maharashtra,2023,1,411014,1154,1728681
maharashtra,2023,1,410501,1052,1220619
maharashtra,2023,1,413002,949,1057566
maharashtra,2023,1,412105,947,1413231
maharashtra,2023,2,411057,1944,2581267
maharashtra,2023,2,411014,1667,2260529
maharashtra,2023,2,421302,1426,1878446
maharashtra,2023,2,411033,1373,1830790
maharashtra,2023,2,410206,1196,1712530
maharashtra,2023,2,421301,995,1244964
maharashtra,2023,2,421201,961,1146866
maharashtra,2023,2,410501,944,1139942
maharashtra,2023,2,412105,934,1354194
maharashtra,2023,2,411028,885,1479108
maharashtra,2023,3,411057,2098,2821693
maharashtra,2023,3,411014,1435,1820440
maharashtra,2023,3,421302,1334,1424893
maharashtra,2023,3,411033,1273,1580213
maharashtra,2023,3,410206,1151,1553050
maharashtra,2023,3,410501,989,1195129
maharashtra,2023,3,412105,939,1400642
maharashtra,2023,3,421301,925,1149583
maharashtra,2023,3,401208,898,1030798
maharashtra,2023,3,421201,880,964009
maharashtra,2023,4,411057,2574,4010497
maharashtra,2023,4,421302,1992,2396959
maharashtra,2023,4,411033,1635,2582879
maharashtra,2023,4,410206,1523,2335436
maharashtra,2023,4,411014,1435,2325924
maharashtra,2023,4,421201,1435,1800835
maharashtra,2023,4,421301,1412,1934379
maharashtra,2023,4,410501,1221,1436052
maharashtra,2023,4,401208,1062,1326638
maharashtra,2023,4,400072,1021,1156261
maharashtra,2024,1,411057,2366,3619740
maharashtra,2024,1,421302,1926,2219144
maharashtra,2024,1,411033,1748,2676682
maharashtra,2024,1,410206,1642,2789761
maharashtra,2024,1,410501,1474,1672188
maharashtra,2024,1,413002,1465,1750096
maharashtra,2024,1,411014,1361,2122478
maharashtra,2024,1,421201,1282,1721708
maharashtra,2024,1,421301,1267,1635718
maharashtra,2024,1,401208,1200,1360932
maharashtra,2024,2,411057,2103,3395840
maharashtra,2024,2,421302,1350,1874482
maharashtra,2024,2,411033,1346,2310327
maharashtra,2024,2,411014,1321,2340015
maharashtra,2024,2,410206,1245,2314637
maharashtra,2024,2,410501,1129,1394820
maharashtra,2024,2,401208,1084,1408744
maharashtra,2024,2,421301,1001,1423247
maharashtra,2024,2,421201,1000,1336627
maharashtra,2024,2,412105,968,1835555
maharashtra,2024,3,411057,2209,3899516
maharashtra,2024,3,411033,1500,2325813
maharashtra,2024,3,421302,1347,1846386
maharashtra,2024,3,410206,1274,2276353
maharashtra,2024,3,411014,1216,2297301
maharashtra,2024,3,401208,1093,1323964
maharashtra,2024,3,410501,1044,1454573
maharashtra,2024,3,412105,864,1580941
maharashtra,2024,3,413002,826,1097610
maharashtra,2024,3,400701,814,1197605
maharashtra,2024,4,411057,2775,4649485
maharashtra,2024,4,421302,2204,2563723
maharashtra,2024,4,411033,2017,3378682
maharashtra,2024,4,410206,1852,2865016
maharashtra,2024,4,410501,1647,1900840
maharashtra,2024,4,411014,1536,2694545
maharashtra,2024,4,401208,1311,1623101
maharashtra,2024,4,400701,1216,1576605
maharashtra,2024,4,412105,1164,1992779
maharashtra,2024,4,421306,1160,1378193
manipur,2020,2,795008,8,1155
manipur,2020,2,795004,7,1288
manipur,2020,2,795006,5,1541
manipur,2020,2,795003,4,847
manipur,2020,2,795001,3,595
manipur,2020,2,795142,3,688
manipur,2020,2,795138,3,767
manipur,2020,2,795130,3,595
manipur,2020,2,795103,3,760
manipur,2020,2,795009,2,457
manipur,2020,3,795004,18,8497
manipur,2020,3,795010,15,6491
manipur,2020,3,795140,13,4422
manipur,2020,3,795103,11,3535
manipur,2020,3,795133,7,1815
manipur,2020,3,795001,6,2005
manipur,2020,3,795116,5,1671
manipur,2020,3,795134,4,1737
manipur,2020,3,795126,3,1579
manipur,2020,3,795005,3,595
manipur,2020,4,795004,13,6853
manipur,2020,4,795001,12,11511
manipur,2020,4,795138,7,4101
manipur,2020,4,795103,7,1801
manipur,2020,4,795158,5,1157
manipur,2020,4,795148,5,424
manipur,2020,4,795010,4,596
manipur,2020,4,795129,4,3507
manipur,2020,4,795149,3,431
manipur,2020,4,795128,3,3554
manipur,2021,1,795004,15,4441
manipur,2021,1,795001,13,6007
manipur,2021,1,795130,10,849
manipur,2021,1,795002,6,5787
manipur,2021,1,795128,6,3433
manipur,2021,1,795126,6,1448
manipur,2021,1,795151,5,2184
manipur,2021,1,795148,5,307
manipur,2021,1,795009,5,799
manipur,2021,1,795140,4,1401
manipur,2021,2,795004,22,18379
manipur,2021,2,795001,9,3352
manipur,2021,2,795002,9,5061
manipur,2021,2,795142,6,1544
manipur,2021,2,795008,6,12030
manipur,2021,2,795130,5,1107
manipur,2021,2,795010,5,7487
manipur,2021,2,795133,4,1278
manipur,2021,2,795135,4,2325
manipur,2021,2,795148,4,1061
manipur,2021,3,795004,16,20732
manipur,2021,3,795001,8,8263
manipur,2021,3,795010,8,3989
manipur,2021,3,795129,7,3722
manipur,2021,3,795002,7,7701
manipur,2021,3,795138,5,7486
manipur,2021,3,795131,4,19083
manipur,2021,3,795145,4,1660
manipur,2021,3,795102,4,9774
manipur,2021,3,795008,3,1229
manipur,2021,4,795004,19,28763
manipur,2021,4,795001,10,19309
manipur,2021,4,795138,8,18969
manipur,2021,4,795010,8,9628
manipur,2021,4,795103,7,1117
manipur,2021,4,795133,7,5661
manipur,2021,4,795142,6,4996
manipur,2021,4,795105,6,17035
manipur,2021,4,795116,5,19606
manipur,2021,4,795008,5,9162
manipur,2022,1,795004,22,68365
manipur,2022,1,795002,10,23016
manipur,2022,1,795142,8,21796
manipur,2022,1,795138,8,23348
manipur,2022,1,795128,7,29569
manipur,2022,1,795130,7,50970
manipur,2022,1,795103,6,10337
manipur,2022,1,795158,6,23366
manipur,2022,1,795133,6,2863
manipur,2022,1,795006,5,14019
manipur,2022,2,795004,50,124541
manipur,2022,2,795001,25,70143
manipur,2022,2,795002,14,14140
manipur,2022,2,795128,10,27650
manipur,2022,2,795129,9,19243
manipur,2022,2,795135,9,17426
manipur,2022,2,795149,8,20419
manipur,2022,2,795138,8,20712
manipur,2022,2,795008,7,29878
manipur,2022,2,795006,6,23112
manipur,2022,3,795004,22,25653
manipur,2022,3,795001,15,45639
manipur,2022,3,795002,15,44644
manipur,2022,3,795116,8,21204
manipur,2022,3,795136,8,3355
manipur,2022,3,795138,6,15416
manipur,2022,3,795133,6,14166
manipur,2022,3,795127,6,12568
manipur,2022,3,795129,6,18971
manipur,2022,3,795130,6,17076
manipur,2022,4,795004,28,82038
manipur,2022,4,795001,16,22732
manipur,2022,4,795138,13,17893
manipur,2022,4,795002,11,26316
manipur,2022,4,795128,11,19980
manipur,2022,4,795116,10,32186
manipur,2022,4,795158,10,34521
manipur,2022,4,795132,10,17578
manipur,2022,4,795113,10,14090
manipur,2022,4,795006,9,6400
manipur,2023,1,795004,34,121312
manipur,2023,1,795002,16,24436
manipur,2023,1,795006,16,38242
manipur,2023,1,795001,12,32952
manipur,2023,1,795128,9,31237
manipur,2023,1,795003,8,14363
manipur,2023,1,795133,7,19860
manipur,2023,1,795010,6,12714
manipur,2023,1,795138,6,14420
manipur,2023,1,795149,6,15118
manipur,2023,2,795004,22,49004
manipur,2023,2,795002,11,29290
manipur,2023,2,795103,8,24668
manipur,2023,2,795107,7,8711
manipur,2023,2,795001,7,20009
manipur,2023,2,795130,5,13006
manipur,2023,2,795011,4,10571
manipur,2023,2,795010,4,11069
manipur,2023,2,795133,4,17678
manipur,2023,2,795140,4,4543
manipur,2023,3,795004,25,24469
manipur,2023,3,795001,6,10824
manipur,2023,3,795008,4,33163
manipur,2023,3,795006,4,8758
manipur,2023,3,795002,3,7782
manipur,2023,3,795116,3,12931
manipur,2023,3,795107,3,3626
manipur,2023,3,795159,2,9912
manipur,2023,3,795113,2,3745
manipur,2023,3,795148,2,3834
manipur,2023,4,795004,50,70452
manipur,2023,4,795002,28,37847
manipur,2023,4,795001,25,44031
manipur,2023,4,795116,16,32180
manipur,2023,4,795129,10,26311
manipur,2023,4,795133,9,22618
manipur,2023,4,795107,7,23827
manipur,2023,4,795003,6,8450
manipur,2023,4,795130,6,30020
manipur,2023,4,795113,6,13222
manipur,2024,1,795004,63,149176
manipur,2024,1,795001,25,34767
manipur,2024,1,795002,20,35552
manipur,2024,1,795116,17,43972
manipur,2024,1,795148,17,6832
manipur,2024,1,795134,13,32417
manipur,2024,1,795138,13,10461
manipur,2024,1,795107,13,19738
manipur,2024,1,795133,13,11587
manipur,2024,1,795129,12,16777
manipur,2024,2,795004,64,109022
manipur,2024,2,795002,23,40295
manipur,2024,2,795001,20,33892
manipur,2024,2,795138,14,18244
manipur,2024,2,795129,14,34487
manipur,2024,2,795133,13,7192
manipur,2024,2,795128,12,22569
manipur,2024,2,795116,9,12857
manipur,2024,2,795149,9,12730
manipur,2024,2,795103,8,7223
manipur,2024,3,795001,38,75194
manipur,2024,3,795004,26,47217
manipur,2024,3,795002,19,52824
manipur,2024,3,795128,16,21355
manipur,2024,3,795148,11,11308
manipur,2024,3,795138,11,29860
manipur,2024,3,795133,11,14504
manipur,2024,3,795146,10,20403
manipur,2024,3,795005,9,16869
manipur,2024,3,795116,9,26505
manipur,2024,4,795004,40,76062
manipur,2024,4,795002,37,63682
manipur,2024,4,795001,30,86113
manipur,2024,4,795010,16,37456
manipur,2024,4,795128,16,34233
manipur,2024,4,795133,16,50252
manipur,2024,4,795116,15,17506
manipur,2024,4,795130,14,30530
manipur,2024,4,795149,13,22023
manipur,2024,4,795113,12,28312
meghalaya,2020,2,793001,7,1252
meghalaya,2020,2,793101,7,1591
meghalaya,2020,2,793119,4,847
meghalaya,2020,2,793011,4,924
meghalaya,2020,2,793160,3,462
meghalaya,2020,2,793003,3,595
meghalaya,2020,2,793210,3,795
meghalaya,2020,2,793200,2,462
meghalaya,2020,2,793012,1,231
meghalaya,2020,2,793022,1,238
meghalaya,2020,3,793210,17,4534
meghalaya,2020,3,793001,12,3049
meghalaya,2020,3,793004,9,3376
meghalaya,2020,3,793022,8,1381
meghalaya,2020,3,793002,8,1862
meghalaya,2020,3,793200,6,4284
meghalaya,2020,3,794104,6,1194
meghalaya,2020,3,793101,5,1290
meghalaya,2020,3,794001,4,2023
meghalaya,2020,3,794111,4,1964
meghalaya,2020,4,793002,22,7928
meghalaya,2020,4,794105,7,3987
meghalaya,2020,4,793019,6,7101
meghalaya,2020,4,793001,5,8726
meghalaya,2020,4,793210,4,3792
meghalaya,2020,4,793113,3,197
meghalaya,2020,4,793102,3,1233
meghalaya,2020,4,793018,3,2127
meghalaya,2020,4,794101,3,526
meghalaya,2020,4,793007,3,2103
meghalaya,2021,1,793001,8,8874
meghalaya,2021,1,794105,8,16898
meghalaya,2021,1,793210,7,632
meghalaya,2021,1,793102,7,8615
meghalaya,2021,1,794104,7,6836
meghalaya,2021,1,793004,5,12483
meghalaya,2021,1,793003,5,8186
meghalaya,2021,1,794101,5,5269
meghalaya,2021,1,793007,5,2683
meghalaya,2021,1,793010,4,8647
meghalaya,2021,2,793001,16,18996
meghalaya,2021,2,793003,10,11335
meghalaya,2021,2,794001,9,11407
meghalaya,2021,2,794101,9,4942
meghalaya,2021,2,793002,8,6847
meghalaya,2021,2,794104,7,4292
meghalaya,2021,2,793009,7,11091
meghalaya,2021,2,793101,6,4914
meghalaya,2021,2,793210,6,3244
meghalaya,2021,2,794105,5,4268
meghalaya,2021,3,793001,19,25607
meghalaya,2021,3,793210,12,6428
meghalaya,2021,3,793102,8,29567
meghalaya,2021,3,793101,8,14644
meghalaya,2021,3,793002,7,6349
meghalaya,2021,3,794101,7,10309
meghalaya,2021,3,794104,7,5642
meghalaya,2021,3,794105,7,3422
meghalaya,2021,3,794001,5,3716
meghalaya,2021,3,793007,5,1686
meghalaya,2021,4,793001,42,68228
meghalaya,2021,4,793004,22,26993
meghalaya,2021,4,793102,19,41706
meghalaya,2021,4,793101,18,32546
meghalaya,2021,4,793002,13,18924
meghalaya,2021,4,794001,12,21535
meghalaya,2021,4,793210,11,16785
meghalaya,2021,4,793003,10,49219
meghalaya,2021,4,794110,10,9599
meghalaya,2021,4,794104,8,16631
meghalaya,2022,1,793001,42,126761
meghalaya,2022,1,793101,35,63989
meghalaya,2022,1,794105,22,47797
meghalaya,2022,1,794001,17,46367
meghalaya,2022,1,794101,15,36098
meghalaya,2022,1,794104,14,23384
meghalaya,2022,1,794111,14,36108
meghalaya,2022,1,793003,13,29987
meghalaya,2022,1,793009,13,13253
meghalaya,2022,1,793007,12,26078
meghalaya,2022,2,793001,54,73068
meghalaya,2022,2,793011,24,41024
meghalaya,2022,2,793101,24,45285
meghalaya,2022,2,794001,22,59667
meghalaya,2022,2,794105,21,51979
meghalaya,2022,2,793007,20,40788
meghalaya,2022,2,793002,19,32432
meghalaya,2022,2,793103,19,25712
meghalaya,2022,2,794111,13,31027
meghalaya,2022,2,793004,12,22376
meghalaya,2022,3,793001,93,129948
meghalaya,2022,3,794104,77,127191
meghalaya,2022,3,794001,41,97784
meghalaya,2022,3,793101,29,45421
meghalaya,2022,3,793007,28,41164
meghalaya,2022,3,793004,25,44632
meghalaya,2022,3,794101,24,45421
meghalaya,2022,3,794105,22,28573
meghalaya,2022,3,793009,21,57384
meghalaya,2022,3,793002,20,32868
meghalaya,2022,4,793001,76,136511
meghalaya,2022,4,793101,52,62279
meghalaya,2022,4,794001,43,87332
meghalaya,2022,4,793002,40,76784
meghalaya,2022,4,794101,31,73019
meghalaya,2022,4,793010,26,40961
meghalaya,2022,4,793007,26,55717
meghalaya,2022,4,793102,26,42358
meghalaya,2022,4,794105,23,26278
meghalaya,2022,4,793004,22,35083
meghalaya,2023,1,793001,55,95564
meghalaya,2023,1,793101,42,66922
meghalaya,2023,1,794001,38,102048
meghalaya,2023,1,793011,31,77129
meghalaya,2023,1,794101,29,87543
meghalaya,2023,1,793102,26,59400
meghalaya,2023,1,794105,24,50318
meghalaya,2023,1,793002,24,42826
meghalaya,2023,1,794104,21,37324
meghalaya,2023,1,793007,19,41666
meghalaya,2023,2,793001,78,117024
meghalaya,2023,2,794001,44,105670
meghalaya,2023,2,793101,41,65800
meghalaya,2023,2,794101,38,90315
meghalaya,2023,2,793002,37,41294
meghalaya,2023,2,794108,37,78072
meghalaya,2023,2,793007,33,59162
meghalaya,2023,2,794104,31,47479
meghalaya,2023,2,794105,29,41686
meghalaya,2023,2,793011,23,40897
meghalaya,2023,3,793001,71,118274
meghalaya,2023,3,794001,63,131092
meghalaya,2023,3,793002,48,91823
meghalaya,2023,3,794104,42,78897
meghalaya,2023,3,794102,40,104891
meghalaya,2023,3,793101,37,58386
meghalaya,2023,3,794101,37,94240
meghalaya,2023,3,794105,36,62818
meghalaya,2023,3,793007,33,45106
meghalaya,2023,3,794111,29,116384
meghalaya,2023,4,793001,72,142069
meghalaya,2023,4,794001,63,171264
meghalaya,2023,4,793101,62,111206
meghalaya,2023,4,794101,46,135848
meghalaya,2023,4,793002,44,103203
meghalaya,2023,4,794105,35,62720
meghalaya,2023,4,793007,29,63490
meghalaya,2023,4,793102,27,62233
meghalaya,2023,4,794104,26,37187
meghalaya,2023,4,793011,25,40346
meghalaya,2024,1,793101,85,113216
meghalaya,2024,1,794105,71,132004
meghalaya,2024,1,794001,61,158554
meghalaya,2024,1,793001,61,121621
meghalaya,2024,1,794104,55,63820
meghalaya,2024,1,793002,48,76308
meghalaya,2024,1,794111,39,84278
meghalaya,2024,1,794101,36,62358
meghalaya,2024,1,793210,36,34759
meghalaya,2024,1,793011,35,87860
meghalaya,2024,2,793001,145,245192
meghalaya,2024,2,793002,94,133580
meghalaya,2024,2,794001,86,194042
meghalaya,2024,2,793011,55,106779
meghalaya,2024,2,794101,53,112727
meghalaya,2024,2,793007,48,82982
meghalaya,2024,2,794105,46,91738
meghalaya,2024,2,793101,46,66726
meghalaya,2024,2,793004,44,77122
meghalaya,2024,2,794104,42,56154
meghalaya,2024,3,793001,111,190277
meghalaya,2024,3,794001,76,171698
meghalaya,2024,3,793006,60,114309
meghalaya,2024,3,794101,59,142986
meghalaya,2024,3,793101,57,107735
meghalaya,2024,3,793004,47,69237
meghalaya,2024,3,793102,39,92151
meghalaya,2024,3,793019,35,53867
meghalaya,2024,3,793005,35,47626
meghalaya,2024,3,793009,35,53342
meghalaya,2024,4,793001,140,225721
meghalaya,2024,4,794001,99,233225
meghalaya,2024,4,793101,89,135474
meghalaya,2024,4,794101,64,139583
meghalaya,2024,4,794104,55,48662
meghalaya,2024,4,793004,54,128879
meghalaya,2024,4,793006,49,78269
meghalaya,2024,4,794111,45,86493
meghalaya,2024,4,794102,38,83008
meghalaya,2024,4,793102,38,66821
mizoram,2020,2,796012,10,1951
mizoram,2020,2,796009,9,2300
mizoram,2020,2,796005,5,1401
mizoram,2020,2,796701,2,462
mizoram,2020,2,796571,1,282
mizoram,2020,2,796181,1,231
mizoram,2020,2,796901,1,226
mizoram,2020,2,796014,1,231
mizoram,2020,2,796008,1,238
mizoram,2020,3,796005,16,5068
mizoram,2020,3,796009,15,6493
mizoram,2020,3,796012,8,2881
mizoram,2020,3,796017,8,2264
mizoram,2020,3,796008,6,3017
mizoram,2020,3,796772,4,595
mizoram,2020,3,796701,4,1261
mizoram,2020,3,796770,2,314
mizoram,2020,3,796891,2,599
mizoram,2020,3,796181,2,783
mizoram,2020,4,796005,15,12907
mizoram,2020,4,796009,11,39642
mizoram,2020,4,796701,9,14992
mizoram,2020,4,796008,8,9867
mizoram,2020,4,796012,7,10256
mizoram,2020,4,796081,6,2657
mizoram,2020,4,796772,5,1952
mizoram,2020,4,796101,4,2228
mizoram,2020,4,796891,3,2790
mizoram,2020,4,796810,3,1467
mizoram,2021,1,796014,318,210495
mizoram,2021,1,796017,29,35257
mizoram,2021,1,796310,13,9887
mizoram,2021,1,796009,11,4975
mizoram,2021,1,796005,8,7955
mizoram,2021,1,796471,5,6877
mizoram,2021,1,796012,4,3704
mizoram,2021,1,796901,2,3613
mizoram,2021,1,796441,2,2558
mizoram,2021,1,796701,2,4263
mizoram,2021,2,796014,101,70071
mizoram,2021,2,796005,20,14967
mizoram,2021,2,796012,10,4235
mizoram,2021,2,796009,9,3240
mizoram,2021,2,796017,7,7534
mizoram,2021,2,796321,5,421
mizoram,2021,2,796772,5,175
mizoram,2021,2,796751,4,792
mizoram,2021,2,796310,3,2500
mizoram,2021,2,796891,3,1528
mizoram,2021,3,796014,28,20083
mizoram,2021,3,796012,8,8722
mizoram,2021,3,796005,7,4007
mizoram,2021,3,796009,7,7315
mizoram,2021,3,796008,4,19509
mizoram,2021,3,796181,4,2795
mizoram,2021,3,796025,3,4885
mizoram,2021,3,796571,3,1229
mizoram,2021,3,796770,2,94
mizoram,2021,3,796751,2,981
mizoram,2021,4,796005,20,28366
mizoram,2021,4,796009,12,14565
mizoram,2021,4,796012,11,10492
mizoram,2021,4,796751,6,17060
mizoram,2021,4,796441,5,2559
mizoram,2021,4,796008,5,10551
mizoram,2021,4,796017,4,8729
mizoram,2021,4,796471,4,8139
mizoram,2021,4,796691,3,2868
mizoram,2021,4,796901,3,3580
mizoram,2022,1,796009,15,28750
mizoram,2022,1,796005,14,31720
mizoram,2022,1,796017,12,20298
mizoram,2022,1,796701,7,16241
mizoram,2022,1,796014,5,10301
mizoram,2022,1,796012,5,10189
mizoram,2022,1,796181,3,7911
mizoram,2022,1,796772,3,12435
mizoram,2022,1,796770,3,10971
mizoram,2022,1,796161,2,5542
mizoram,2022,2,796005,10,19886
mizoram,2022,2,796009,8,8310
mizoram,2022,2,796772,8,11484
mizoram,2022,2,796701,8,14311
mizoram,2022,2,796008,7,16527
mizoram,2022,2,796181,5,4888
mizoram,2022,2,796012,5,6825
mizoram,2022,2,796891,4,6173
mizoram,2022,2,796081,3,902
mizoram,2022,2,796101,3,6142
mizoram,2022,3,796009,73,111792
mizoram,2022,3,796005,62,84186
mizoram,2022,3,796008,29,51337
mizoram,2022,3,796012,28,26386
mizoram,2022,3,796701,18,25459
mizoram,2022,3,796017,16,22156
mizoram,2022,3,796014,13,23732
mizoram,2022,3,796772,13,17511
mizoram,2022,3,796181,8,19339
mizoram,2022,3,796081,8,14020
mizoram,2022,4,796009,95,141014
mizoram,2022,4,796005,55,69580
mizoram,2022,4,796181,28,41119
mizoram,2022,4,796012,20,27573
mizoram,2022,4,796017,15,40412
mizoram,2022,4,796701,14,21649
mizoram,2022,4,796891,14,29278
mizoram,2022,4,796081,13,18883
mizoram,2022,4,796321,13,24483
mizoram,2022,4,796014,12,25613
mizoram,2023,1,796009,40,81182
mizoram,2023,1,796005,28,38883
mizoram,2023,1,796701,16,31226
mizoram,2023,1,796012,15,20429
mizoram,2023,1,796008,11,5242
mizoram,2023,1,796014,9,13892
mizoram,2023,1,796441,6,10073
mizoram,2023,1,796017,6,18968
mizoram,2023,1,796772,5,14341
mizoram,2023,1,796101,3,4306
mizoram,2023,2,796009,24,66841
mizoram,2023,2,796005,18,25380
mizoram,2023,2,796012,10,7059
mizoram,2023,2,796081,8,35105
mizoram,2023,2,796017,7,24072
mizoram,2023,2,796008,6,11670
mizoram,2023,2,796772,6,13173
mizoram,2023,2,796901,3,7127
mizoram,2023,2,796701,3,4967
mizoram,2023,2,796441,3,1724
mizoram,2023,3,796005,34,62963
mizoram,2023,3,796009,31,35135
mizoram,2023,3,796012,13,16765
mizoram,2023,3,796008,12,12511
mizoram,2023,3,796181,8,18799
mizoram,2023,3,796017,7,25963
mizoram,2023,3,796014,6,15157
mizoram,2023,3,796701,6,8645
mizoram,2023,3,796101,5,21123
mizoram,2023,3,796891,5,4493
mizoram,2023,4,796009,57,90719
mizoram,2023,4,796005,52,57115
mizoram,2023,4,796012,26,34756
mizoram,2023,4,796017,26,54370
mizoram,2023,4,796181,15,29302
mizoram,2023,4,796081,14,21027
mizoram,2023,4,796014,14,32452
mizoram,2023,4,796701,12,28964
mizoram,2023,4,796901,10,19684
mizoram,2023,4,796891,8,28653
mizoram,2024,1,796005,52,69297
mizoram,2024,1,796009,48,52066
mizoram,2024,1,796701,27,55894
mizoram,2024,1,796017,20,18105
mizoram,2024,1,796012,17,26980
mizoram,2024,1,796181,16,37794
mizoram,2024,1,796101,9,11727
mizoram,2024,1,796891,8,36611
mizoram,2024,1,796321,8,11078
mizoram,2024,1,796441,6,3410
mizoram,2024,2,796009,47,63832
mizoram,2024,2,796005,28,37049
mizoram,2024,2,796017,21,35202
mizoram,2024,2,796012,19,25348
mizoram,2024,2,796701,11,19053
mizoram,2024,2,796772,11,11477
mizoram,2024,2,796081,11,40562
mizoram,2024,2,796101,9,10689
mizoram,2024,2,796014,8,13140
mizoram,2024,2,796321,7,10511
mizoram,2024,3,796001,34,46967
mizoram,2024,3,796005,19,22795
mizoram,2024,3,796009,15,15635
mizoram,2024,3,796770,14,14948
mizoram,2024,3,796017,10,11439
mizoram,2024,3,796014,9,28851
mizoram,2024,3,796701,9,11660
mizoram,2024,3,796891,8,28307
mizoram,2024,3,796007,7,13187
mizoram,2024,3,796181,6,16901
mizoram,2024,4,796001,81,121629
mizoram,2024,4,796005,77,136913
mizoram,2024,4,796007,43,76457
mizoram,2024,4,796701,39,79571
mizoram,2024,4,796009,32,58572
mizoram,2024,4,796181,23,39645
mizoram,2024,4,796081,20,18392
mizoram,2024,4,796017,15,16375
mizoram,2024,4,796008,15,32829
mizoram,2024,4,796770,14,11488
nagaland,2020,2,797112,19,3940
nagaland,2020,2,797001,3,595
nagaland,2020,2,797115,3,683
nagaland,2020,2,797117,2,580
nagaland,2020,2,797107,1,231
nagaland,2020,2,797111,1,231
nagaland,2020,2,797108,1,226
nagaland,2020,2,798621,1,231
nagaland,2020,2,797101,1,231
nagaland,2020,2,798612,1,231
nagaland,2020,3,797112,24,3461
nagaland,2020,3,797113,13,3429
nagaland,2020,3,797117,7,926
nagaland,2020,3,797103,5,1276
nagaland,2020,3,797121,5,1924
nagaland,2020,3,797001,4,1679
nagaland,2020,3,797120,4,1110
nagaland,2020,3,797111,4,868
nagaland,2020,3,797106,3,1058
nagaland,2020,3,798621,3,657
nagaland,2020,4,797112,15,14108
nagaland,2020,4,798618,8,6056
nagaland,2020,4,797115,6,7812
nagaland,2020,4,797103,4,556
nagaland,2020,4,797116,4,2450
nagaland,2020,4,797113,4,690
nagaland,2020,4,798620,3,1179
nagaland,2020,4,797120,3,1233
nagaland,2020,4,798621,2,691
nagaland,2020,4,797111,2,397
nagaland,2021,1,797112,26,9899
nagaland,2021,1,797115,5,4869
nagaland,2021,1,797118,5,5014
nagaland,2021,1,797111,4,3531
nagaland,2021,1,797113,4,1168
nagaland,2021,1,798620,3,581
nagaland,2021,1,798612,3,868
nagaland,2021,1,797004,3,233
nagaland,2021,1,798621,3,447
nagaland,2021,1,797116,3,407
nagaland,2021,2,797112,33,20179
nagaland,2021,2,797117,10,75504
nagaland,2021,2,797115,5,2193
nagaland,2021,2,797118,5,5941
nagaland,2021,2,798601,5,6216
nagaland,2021,2,797113,4,560
nagaland,2021,2,797120,4,1418
nagaland,2021,2,798621,3,13589
nagaland,2021,2,797110,3,472
nagaland,2021,2,797116,2,1678
nagaland,2021,3,797112,23,25286
nagaland,2021,3,797117,11,3392
nagaland,2021,3,797118,9,6121
nagaland,2021,3,797115,7,6293
nagaland,2021,3,797113,7,25577
nagaland,2021,3,797103,6,24939
nagaland,2021,3,797120,4,10536
nagaland,2021,3,797001,3,143
nagaland,2021,3,798621,2,96
nagaland,2021,3,797116,2,3011
nagaland,2021,4,797112,59,91299
nagaland,2021,4,797115,19,39355
nagaland,2021,4,797113,12,16138
nagaland,2021,4,797118,12,16254
nagaland,2021,4,797117,12,15279
nagaland,2021,4,797103,12,22507
nagaland,2021,4,798604,8,21464
nagaland,2021,4,797001,8,6702
nagaland,2021,4,797116,5,20743
nagaland,2021,4,798618,4,7123
nagaland,2022,1,797112,71,118361
nagaland,2022,1,797001,32,64434
nagaland,2022,1,797099,18,24059
nagaland,2022,1,797113,16,44079
nagaland,2022,1,797117,15,29720
nagaland,2022,1,797103,11,21184
nagaland,2022,1,797120,11,21181
nagaland,2022,1,797115,10,19209
nagaland,2022,1,798621,7,48789
nagaland,2022,1,798623,6,6275
nagaland,2022,2,797112,46,89303
nagaland,2022,2,797001,30,76056
nagaland,2022,2,797115,18,53682
nagaland,2022,2,797113,16,23597
nagaland,2022,2,797117,8,4161
nagaland,2022,2,797116,8,12462
nagaland,2022,2,797120,7,8685
nagaland,2022,2,797103,5,14819
nagaland,2022,2,798601,5,8828
nagaland,2022,2,798621,4,2111
nagaland,2022,3,797112,66,98674
nagaland,2022,3,797103,17,69077
nagaland,2022,3,797117,14,17549
nagaland,2022,3,797118,13,14497
nagaland,2022,3,797115,11,37016
nagaland,2022,3,797116,9,27011
nagaland,2022,3,798623,7,19631
nagaland,2022,3,798621,7,20967
nagaland,2022,3,797001,7,9754
nagaland,2022,3,797106,6,6105
nagaland,2022,4,797112,111,160079
nagaland,2022,4,797103,42,81436
nagaland,2022,4,797115,26,66009
nagaland,2022,4,798601,23,29550
nagaland,2022,4,797113,20,28277
nagaland,2022,4,797116,19,51345
nagaland,2022,4,797117,18,17793
nagaland,2022,4,797118,12,10934
nagaland,2022,4,797001,10,17207
nagaland,2022,4,798622,6,22550
nagaland,2023,1,797112,101,200782
nagaland,2023,1,797103,25,69683
nagaland,2023,1,797115,24,51971
nagaland,2023,1,798604,15,57446
nagaland,2023,1,797117,15,19503
nagaland,2023,1,797113,13,36393
nagaland,2023,1,797120,12,22039
nagaland,2023,1,797116,11,36834
nagaland,2023,1,797118,10,23112
nagaland,2023,1,797001,10,11836
nagaland,2023,2,797112,94,169731
nagaland,2023,2,797115,23,61910
nagaland,2023,2,797116,22,36235
nagaland,2023,2,797117,21,29695
nagaland,2023,2,797103,13,39575
nagaland,2023,2,797113,12,24314
nagaland,2023,2,798601,8,24108
nagaland,2023,2,797120,7,31245
nagaland,2023,2,797004,6,5849
nagaland,2023,2,798618,6,15480
nagaland,2023,3,797112,101,187390
nagaland,2023,3,797115,23,56127
nagaland,2023,3,797117,15,19670
nagaland,2023,3,797103,14,28219
nagaland,2023,3,797120,13,21404
nagaland,2023,3,797116,11,30178
nagaland,2023,3,797001,11,43317
nagaland,2023,3,797111,8,20538
nagaland,2023,3,797113,7,46864
nagaland,2023,3,798612,6,8088
nagaland,2023,4,797112,108,239324
nagaland,2023,4,797115,29,78744
nagaland,2023,4,797117,19,35209
nagaland,2023,4,797103,19,33289
nagaland,2023,4,797113,18,21372
nagaland,2023,4,797001,15,46701
nagaland,2023,4,797116,14,41354
nagaland,2023,4,798621,13,47783
nagaland,2023,4,797118,12,37438
nagaland,2023,4,797111,10,19237
nagaland,2024,1,797112,172,254434
nagaland,2024,1,797115,53,91486
nagaland,2024,1,797103,39,85787
nagaland,2024,1,797117,29,38864
nagaland,2024,1,797113,26,52306
nagaland,2024,1,797116,19,43827
nagaland,2024,1,797001,19,18904
nagaland,2024,1,798601,18,53813
nagaland,2024,1,797118,17,30916
nagaland,2024,1,797120,15,20271
nagaland,2024,2,797112,140,220161
nagaland,2024,2,797115,47,88792
nagaland,2024,2,797103,35,41217
nagaland,2024,2,797117,22,30556
nagaland,2024,2,797113,21,22740
nagaland,2024,2,797116,21,44892
nagaland,2024,2,797001,20,38855
nagaland,2024,2,797118,16,20520
nagaland,2024,2,798601,13,31825
nagaland,2024,2,797120,10,30124
nagaland,2024,3,797112,164,272183
nagaland,2024,3,797103,32,57111
nagaland,2024,3,797115,23,28025
nagaland,2024,3,797118,22,34105
nagaland,2024,3,797117,20,36509
nagaland,2024,3,797001,15,29277
nagaland,2024,3,798601,13,56761
nagaland,2024,3,797106,11,19233
nagaland,2024,3,797113,10,10884
nagaland,2024,3,797111,9,21540
nagaland,2024,4,797112,203,352764
nagaland,2024,4,797115,62,131243
nagaland,2024,4,797103,34,89609
nagaland,2024,4,797117,30,58304
nagaland,2024,4,797001,28,49689
nagaland,2024,4,797118,23,29950
nagaland,2024,4,797113,20,41990
nagaland,2024,4,798612,15,25927
nagaland,2024,4,797120,11,36775
nagaland,2024,4,798621,11,37821
odisha,2020,2,751002,100,17190
odisha,2020,2,751024,95,17599
odisha,2020,2,751012,70,12174
odisha,2020,2,751019,58,9741
odisha,2020,2,751003,54,9950
odisha,2020,2,751021,51,8838
odisha,2020,2,751010,48,7919
odisha,2020,2,751006,40,7421
odisha,2020,2,751013,38,6946
odisha,2020,2,756001,38,7924
odisha,2020,3,751002,238,58689
odisha,2020,3,751024,172,37710
odisha,2020,3,751012,165,32895
odisha,2020,3,751007,149,32839
odisha,2020,3,751006,148,33707
odisha,2020,3,758034,145,29226
odisha,2020,3,767001,135,40245
odisha,2020,3,751010,132,24049
odisha,2020,3,765001,131,38524
odisha,2020,3,753001,127,27206
odisha,2020,4,751021,118,58047
odisha,2020,4,751002,116,54327
odisha,2020,4,751024,102,77839
odisha,2020,4,751006,97,57914
odisha,2020,4,751010,96,41862
odisha,2020,4,751012,91,50515
odisha,2020,4,753001,90,35946
odisha,2020,4,751019,87,39999
odisha,2020,4,760001,81,29397
odisha,2020,4,751003,71,30376
odisha,2021,1,751019,121,76011
odisha,2021,1,751006,118,53671
odisha,2021,1,751024,112,96098
odisha,2021,1,751013,106,55200
odisha,2021,1,751002,102,70762
odisha,2021,1,751012,102,53415
odisha,2021,1,751010,91,43535
odisha,2021,1,752001,88,46042
odisha,2021,1,760001,84,30717
odisha,2021,1,751003,75,38477
odisha,2021,2,751006,125,154589
odisha,2021,2,751019,122,84340
odisha,2021,2,751002,120,101170
odisha,2021,2,753001,106,64888
odisha,2021,2,751024,93,90767
odisha,2021,2,760001,89,34202
odisha,2021,2,751012,84,46672
odisha,2021,2,757001,80,90962
odisha,2021,2,765001,77,40212
odisha,2021,2,751001,73,92918
odisha,2021,3,751024,119,111789
odisha,2021,3,751012,114,68509
odisha,2021,3,751002,112,51953
odisha,2021,3,751006,107,49291
odisha,2021,3,751003,101,97470
odisha,2021,3,751010,96,58668
odisha,2021,3,751019,86,74217
odisha,2021,3,760001,79,45045
odisha,2021,3,751001,74,45180
odisha,2021,3,753001,73,33918
odisha,2021,4,751024,205,280110
odisha,2021,4,751006,151,138214
odisha,2021,4,751019,133,104661
odisha,2021,4,751012,130,131994
odisha,2021,4,751002,121,168821
odisha,2021,4,751010,112,93223
odisha,2021,4,751003,103,126059
odisha,2021,4,753001,101,74601
odisha,2021,4,751021,96,97142
odisha,2021,4,751007,95,105071
odisha,2022,1,751024,172,247802
odisha,2022,1,751002,170,248197
odisha,2022,1,751006,157,156119
odisha,2022,1,751010,137,140381
odisha,2022,1,751019,120,143638
odisha,2022,1,751012,111,129187
odisha,2022,1,768038,103,116857
odisha,2022,1,765001,98,121256
odisha,2022,1,751031,93,111338
odisha,2022,1,753001,93,92429
odisha,2022,2,768038,371,308317
odisha,2022,2,751024,226,331813
odisha,2022,2,751002,226,280144
odisha,2022,2,751019,189,214952
odisha,2022,2,751006,170,224740
odisha,2022,2,751012,155,126532
odisha,2022,2,751003,144,215289
odisha,2022,2,751013,144,155547
odisha,2022,2,751021,142,216754
odisha,2022,2,751007,136,194972
odisha,2022,3,751002,355,380350
odisha,2022,3,751024,355,431951
odisha,2022,3,751006,266,276753
odisha,2022,3,751019,250,291704
odisha,2022,3,751010,233,201858
odisha,2022,3,751012,220,250216
odisha,2022,3,751003,177,223100
odisha,2022,3,756001,176,218446
odisha,2022,3,768201,173,199264
odisha,2022,3,760001,171,216233
odisha,2022,4,751024,420,476232
odisha,2022,4,751006,333,391810
odisha,2022,4,751002,330,390061
odisha,2022,4,751019,299,377919
odisha,2022,4,758001,273,321325
odisha,2022,4,751003,263,308428
odisha,2022,4,751012,262,332035
odisha,2022,4,760001,261,338293
odisha,2022,4,754010,250,219939
odisha,2022,4,751021,247,360226
odisha,2023,1,751024,337,412773
odisha,2023,1,751002,316,460909
odisha,2023,1,751006,256,347042
odisha,2023,1,751012,253,335961
odisha,2023,1,751019,232,386613
odisha,2023,1,751010,204,247548
odisha,2023,1,751013,200,301758
odisha,2023,1,751003,198,258420
odisha,2023,1,760001,190,205377
odisha,2023,1,758001,173,209182
odisha,2023,2,751002,407,569938
odisha,2023,2,751024,395,582764
odisha,2023,2,765001,297,350642
odisha,2023,2,751019,284,430138
odisha,2023,2,751006,254,333809
odisha,2023,2,751012,252,286442
odisha,2023,2,752101,220,269208
odisha,2023,2,760001,214,283329
odisha,2023,2,751003,213,345198
odisha,2023,2,751031,199,224681
odisha,2023,3,751002,355,381118
odisha,2023,3,751024,333,478476
odisha,2023,3,751006,275,343167
odisha,2023,3,751019,267,396391
odisha,2023,3,751012,260,323269
odisha,2023,3,751010,256,323130
odisha,2023,3,751003,250,334006
odisha,2023,3,751021,222,282532
odisha,2023,3,760001,220,234243
odisha,2023,3,752101,209,349387
odisha,2023,4,751002,460,702688
odisha,2023,4,751024,440,760850
odisha,2023,4,751006,348,576732
odisha,2023,4,751019,330,486384
odisha,2023,4,751003,324,479053
odisha,2023,4,751012,309,441879
odisha,2023,4,751021,281,449361
odisha,2023,4,751029,251,476694
odisha,2023,4,751010,245,336877
odisha,2023,4,760001,228,346015
odisha,2024,1,751024,420,686625
odisha,2024,1,751002,417,636943
odisha,2024,1,751006,346,464142
odisha,2024,1,751019,318,604998
odisha,2024,1,751012,312,433196
odisha,2024,1,751003,308,608101
odisha,2024,1,758001,246,389966
odisha,2024,1,755026,242,301649
odisha,2024,1,756001,235,290678
odisha,2024,1,768201,231,254716
odisha,2024,2,751002,379,663774
odisha,2024,2,751024,328,607381
odisha,2024,2,751019,286,565898
odisha,2024,2,752101,252,441548
odisha,2024,2,768201,244,329596
odisha,2024,2,758035,242,411266
odisha,2024,2,751006,239,362941
odisha,2024,2,751012,232,456471
odisha,2024,2,751003,228,350660
odisha,2024,2,751021,216,377365
odisha,2024,3,751002,552,876381
odisha,2024,3,751006,482,711648
odisha,2024,3,751019,381,815307
odisha,2024,3,751024,361,551483
odisha,2024,3,768201,337,447863
odisha,2024,3,751017,278,376226
odisha,2024,3,759122,260,298511
odisha,2024,3,760001,247,400093
odisha,2024,3,751030,246,434590
odisha,2024,3,751010,240,361326
odisha,2024,4,751002,567,876310
odisha,2024,4,751006,515,729337
odisha,2024,4,751024,467,849596
odisha,2024,4,751019,431,829256
odisha,2024,4,768201,360,463244
odisha,2024,4,759122,346,436905
odisha,2024,4,751017,328,513917
odisha,2024,4,752002,281,450888
odisha,2024,4,751010,280,433213
odisha,2024,4,759143,280,309452
puducherry,2020,2,605013,25,3845
puducherry,2020,2,533464,12,2687
puducherry,2020,2,605004,10,2018
puducherry,2020,2,605012,10,2001
puducherry,2020,2,605107,9,1869
puducherry,2020,2,605006,7,1139
puducherry,2020,2,605010,7,1269
puducherry,2020,2,605009,7,1444
puducherry,2020,2,605110,6,1510
puducherry,2020,2,605008,5,1037
puducherry,2020,3,605004,26,6761
puducherry,2020,3,533464,25,6919
puducherry,2020,3,605007,20,3515
puducherry,2020,3,605008,18,6236
puducherry,2020,3,605110,17,4720
puducherry,2020,3,605013,13,3405
puducherry,2020,3,605010,13,3400
puducherry,2020,3,605009,8,2040
puducherry,2020,3,605107,6,1511
puducherry,2020,3,673333,6,2495
puducherry,2020,4,605110,35,42490
puducherry,2020,4,605001,22,9452
puducherry,2020,4,605008,20,16367
puducherry,2020,4,605004,16,9285
puducherry,2020,4,605007,15,12698
puducherry,2020,4,609602,13,9812
puducherry,2020,4,605009,12,13308
puducherry,2020,4,605010,11,8563
puducherry,2020,4,605502,10,5826
puducherry,2020,4,607402,10,6812
puducherry,2021,1,605110,35,36039
puducherry,2021,1,605008,32,26545
puducherry,2021,1,609602,30,32794
puducherry,2021,1,605013,28,23138
puducherry,2021,1,605009,28,24756
puducherry,2021,1,605004,24,21925
puducherry,2021,1,605107,22,15446
puducherry,2021,1,609605,21,27475
puducherry,2021,1,605001,17,8305
puducherry,2021,1,605002,15,6531
puducherry,2021,2,605110,51,51808
puducherry,2021,2,605009,49,30103
puducherry,2021,2,605107,44,58548
puducherry,2021,2,605004,39,36832
puducherry,2021,2,605012,38,18088
puducherry,2021,2,605008,36,57929
puducherry,2021,2,605013,35,23436
puducherry,2021,2,605011,30,21954
puducherry,2021,2,533464,21,10606
puducherry,2021,2,605014,21,20694
puducherry,2021,3,605110,88,82245
puducherry,2021,3,605008,50,40599
puducherry,2021,3,605001,44,40809
puducherry,2021,3,605004,42,50004
puducherry,2021,3,605011,36,24615
puducherry,2021,3,605107,31,33955
puducherry,2021,3,605013,28,14402
puducherry,2021,3,605009,27,25538
puducherry,2021,3,605007,27,23122
puducherry,2021,3,605010,26,33431
puducherry,2021,4,605004,99,88881
puducherry,2021,4,605110,85,115489
puducherry,2021,4,605008,70,84065
puducherry,2021,4,605001,63,67663
puducherry,2021,4,605107,52,69467
puducherry,2021,4,605009,51,63088
puducherry,2021,4,605013,35,38864
puducherry,2021,4,605011,31,28219
puducherry,2021,4,605012,30,26162
puducherry,2021,4,605010,30,23780
puducherry,2022,1,605110,154,245314
puducherry,2022,1,605004,139,159538
puducherry,2022,1,605008,125,184389
puducherry,2022,1,605009,86,112704
puducherry,2022,1,605107,68,116251
puducherry,2022,1,605001,65,89168
puducherry,2022,1,605011,61,77242
puducherry,2022,1,605007,56,89895
puducherry,2022,1,605013,50,54205
puducherry,2022,1,609602,49,74226
puducherry,2022,2,605004,111,118089
puducherry,2022,2,605110,107,123595
puducherry,2022,2,605008,96,134849
puducherry,2022,2,605009,83,154958
puducherry,2022,2,605013,71,72608
puducherry,2022,2,605002,70,117695
puducherry,2022,2,605107,62,89533
puducherry,2022,2,605011,60,62367
puducherry,2022,2,605001,51,73363
puducherry,2022,2,605007,49,78356
puducherry,2022,3,605004,151,202621
puducherry,2022,3,605110,151,166796
puducherry,2022,3,605008,140,195554
puducherry,2022,3,605009,128,166996
puducherry,2022,3,605001,117,159472
puducherry,2022,3,605011,95,82802
puducherry,2022,3,609602,81,98734
puducherry,2022,3,605107,81,137613
puducherry,2022,3,605013,71,65945
puducherry,2022,3,605010,70,79289
puducherry,2022,4,605110,274,341666
puducherry,2022,4,605008,205,219244
puducherry,2022,4,605004,184,203802
puducherry,2022,4,605009,158,170559
puducherry,2022,4,605010,143,150285
puducherry,2022,4,609602,133,154944
puducherry,2022,4,605107,128,199743
puducherry,2022,4,605001,123,107368
puducherry,2022,4,605011,122,120069
puducherry,2022,4,605007,109,127663
puducherry,2023,1,605110,257,370449
puducherry,2023,1,605004,181,214505
puducherry,2023,1,605008,140,197149
puducherry,2023,1,605107,128,180433
puducherry,2023,1,605001,122,138236
puducherry,2023,1,605009,120,163173
puducherry,2023,1,605013,111,133377
puducherry,2023,1,605010,104,155899
puducherry,2023,1,605011,103,119165
puducherry,2023,1,605007,100,150714
puducherry,2023,2,605110,205,261091
puducherry,2023,2,605008,174,265923
puducherry,2023,2,605004,163,232219
puducherry,2023,2,605009,102,180860
puducherry,2023,2,609602,102,105787
puducherry,2023,2,605107,98,170490
puducherry,2023,2,605001,93,120504
puducherry,2023,2,605011,91,97919
puducherry,2023,2,605013,90,94929
puducherry,2023,2,605010,89,163818
puducherry,2023,3,605110,242,298911
puducherry,2023,3,605008,191,222480
puducherry,2023,3,605004,179,217009
puducherry,2023,3,605009,149,250547
puducherry,2023,3,605001,139,112770
puducherry,2023,3,605107,137,230682
puducherry,2023,3,605013,134,127319
puducherry,2023,3,605011,121,135760
puducherry,2023,3,609602,115,148702
puducherry,2023,3,605007,111,155918
puducherry,2023,4,605110,298,445364
puducherry,2023,4,605004,218,308789
puducherry,2023,4,605008,208,337675
puducherry,2023,4,605009,168,244892
puducherry,2023,4,605107,160,229856
puducherry,2023,4,605011,148,204477
puducherry,2023,4,605007,137,184571
puducherry,2023,4,605013,130,166850
puducherry,2023,4,605001,118,118016
puducherry,2023,4,609602,116,163177
puducherry,2024,1,605110,337,442639
puducherry,2024,1,605107,234,279643
puducherry,2024,1,605004,215,303392
puducherry,2024,1,605008,177,235500
puducherry,2024,1,605011,148,189712
puducherry,2024,1,605009,147,223041
puducherry,2024,1,605010,140,180643
puducherry,2024,1,605007,136,196559
puducherry,2024,1,605013,129,189947
puducherry,2024,1,609602,112,203015
puducherry,2024,2,605110,271,351041
puducherry,2024,2,605008,197,308347
puducherry,2024,2,605004,193,303844
puducherry,2024,2,605107,174,231838
puducherry,2024,2,605007,141,198971
puducherry,2024,2,605009,131,168603
puducherry,2024,2,605010,126,157073
puducherry,2024,2,605011,120,236685
puducherry,2024,2,605013,113,185236
puducherry,2024,2,605001,109,136141
puducherry,2024,3,605009,287,408837
puducherry,2024,3,605110,236,369114
puducherry,2024,3,605001,204,268823
puducherry,2024,3,605008,188,300022
puducherry,2024,3,605007,144,233518
puducherry,2024,3,605011,143,209036
puducherry,2024,3,605005,110,151004
puducherry,2024,3,605013,110,155410
puducherry,2024,3,605004,109,181091
puducherry,2024,3,673310,103,157491
puducherry,2024,4,605009,284,353074
puducherry,2024,4,605110,258,380575
puducherry,2024,4,605001,227,287887
puducherry,2024,4,605008,224,364534
puducherry,2024,4,609602,138,163124
puducherry,2024,4,605007,135,236186
puducherry,2024,4,605011,132,139913
puducherry,2024,4,605004,120,154758
puducherry,2024,4,605005,113,144470
puducherry,2024,4,605013,104,157876
punjab,2020,2,143001,122,23909
punjab,2020,2,144008,99,15954
punjab,2020,2,140301,67,11885
punjab,2020,2,141001,66,12585
punjab,2020,2,141008,65,10793
punjab,2020,2,141003,61,10348
punjab,2020,2,140603,52,10310
punjab,2020,2,141010,47,9317
punjab,2020,2,160104,44,7162
punjab,2020,2,140501,38,5579
punjab,2020,3,143001,136,35876
punjab,2020,3,141008,90,19081
punjab,2020,3,140603,69,20263
punjab,2020,3,140301,66,20065
punjab,2020,3,143422,55,10943
punjab,2020,3,147001,52,16109
punjab,2020,3,141003,46,12736
punjab,2020,3,141001,42,12569
punjab,2020,3,141010,41,8132
punjab,2020,3,151001,41,13101
punjab,2020,4,143001,123,81797
punjab,2020,4,141008,69,48316
punjab,2020,4,140603,67,53258
punjab,2020,4,144005,51,28200
punjab,2020,4,151005,49,41970
punjab,2020,4,141010,46,28298
punjab,2020,4,145001,44,60796
punjab,2020,4,141003,42,20814
punjab,2020,4,140301,41,29686
punjab,2020,4,140308,39,21359
punjab,2021,1,143001,212,90359
punjab,2021,1,141008,132,47671
punjab,2021,1,141003,96,29227
punjab,2021,1,160055,87,43636
punjab,2021,1,140603,74,55956
punjab,2021,1,151005,60,47191
punjab,2021,1,141007,57,16218
punjab,2021,1,147001,56,35180
punjab,2021,1,141010,55,16027
punjab,2021,1,151001,55,17597
punjab,2021,2,143001,266,228609
punjab,2021,2,141008,136,77033
punjab,2021,2,140603,107,130579
punjab,2021,2,145001,95,90397
punjab,2021,2,141003,86,62933
punjab,2021,2,151001,83,64141
punjab,2021,2,151005,81,92499
punjab,2021,2,141001,72,62977
punjab,2021,2,140301,63,57128
punjab,2021,2,141007,55,36304
punjab,2021,3,143001,238,172614
punjab,2021,3,148001,175,72332
punjab,2021,3,151501,157,57910
punjab,2021,3,141008,141,112886
punjab,2021,3,141001,130,119194
punjab,2021,3,140603,115,110933
punjab,2021,3,151001,108,55392
punjab,2021,3,145001,99,190421
punjab,2021,3,144001,81,68353
punjab,2021,3,140308,75,89301
punjab,2021,4,151501,512,194744
punjab,2021,4,143001,300,464854
punjab,2021,4,140603,194,223898
punjab,2021,4,140301,190,304498
punjab,2021,4,151005,155,165702
punjab,2021,4,145001,142,277681
punjab,2021,4,141008,131,146870
punjab,2021,4,147001,94,110103
punjab,2021,4,140308,93,119794
punjab,2021,4,141001,91,90421
punjab,2022,1,151501,630,257611
punjab,2022,1,143001,290,478639
punjab,2022,1,140603,209,305066
punjab,2022,1,151005,177,256015
punjab,2022,1,140301,171,309608
punjab,2022,1,141001,165,296119
punjab,2022,1,151001,155,131650
punjab,2022,1,141008,155,277049
punjab,2022,1,145001,147,282123
punjab,2022,1,148001,114,69407
punjab,2022,2,143001,447,708848
punjab,2022,2,140603,265,405702
punjab,2022,2,140301,261,441501
punjab,2022,2,145001,222,315954
punjab,2022,2,141008,195,225458
punjab,2022,2,151001,190,220126
punjab,2022,2,151005,184,234168
punjab,2022,2,141001,177,305847
punjab,2022,2,147001,170,270493
punjab,2022,2,144001,167,232088
punjab,2022,3,143001,657,990484
punjab,2022,3,140301,416,572343
punjab,2022,3,145001,405,538026
punjab,2022,3,140603,383,471123
punjab,2022,3,151005,268,360129
punjab,2022,3,141008,262,310483
punjab,2022,3,140308,248,258745
punjab,2022,3,147001,208,294279
punjab,2022,3,141001,173,174596
punjab,2022,3,141003,168,219833
punjab,2022,4,143001,623,946537
punjab,2022,4,140301,423,710305
punjab,2022,4,140603,362,523737
punjab,2022,4,145001,302,478736
punjab,2022,4,141008,273,364465
punjab,2022,4,141001,243,290924
punjab,2022,4,151005,236,403855
punjab,2022,4,148002,174,153960
punjab,2022,4,141003,173,229298
punjab,2022,4,140308,170,272493
punjab,2023,1,143001,576,1059132
punjab,2023,1,140301,362,825727
punjab,2023,1,140603,335,645991
punjab,2023,1,145001,312,574283
punjab,2023,1,141008,305,446979
punjab,2023,1,141001,180,293787
punjab,2023,1,140308,175,262954
punjab,2023,1,147001,165,316017
punjab,2023,1,141003,160,285884
punjab,2023,1,151005,158,308555
punjab,2023,2,143001,1098,1550651
punjab,2023,2,140301,467,795814
punjab,2023,2,140603,459,804204
punjab,2023,2,145001,360,538729
punjab,2023,2,141008,323,423619
punjab,2023,2,144003,268,155785
punjab,2023,2,140308,242,352493
punjab,2023,2,141001,226,441686
punjab,2023,2,147001,205,448816
punjab,2023,2,151005,189,255823
punjab,2023,3,143001,902,1230501
punjab,2023,3,140301,504,943175
punjab,2023,3,140603,480,744965
punjab,2023,3,145001,417,587319
punjab,2023,3,141008,326,344064
punjab,2023,3,144003,318,206491
punjab,2023,3,140308,302,483068
punjab,2023,3,151005,237,395322
punjab,2023,3,141001,220,268235
punjab,2023,3,147001,213,371782
punjab,2023,4,143001,681,1299639
punjab,2023,4,140301,530,1108174
punjab,2023,4,140603,457,916636
punjab,2023,4,151005,376,542759
punjab,2023,4,145001,307,624525
punjab,2023,4,140308,292,583359
punjab,2023,4,141008,281,405929
punjab,2023,4,141001,243,402919
punjab,2023,4,151001,208,427553
punjab,2023,4,147001,190,390068
punjab,2024,1,143001,667,1101262
punjab,2024,1,140301,502,933503
punjab,2024,1,140603,415,751445
punjab,2024,1,145001,411,755376
punjab,2024,1,151005,358,588085
punjab,2024,1,141008,326,436149
punjab,2024,1,140308,241,436732
punjab,2024,1,147001,230,448351
punjab,2024,1,141001,214,428998
punjab,2024,1,140307,192,437105
punjab,2024,2,143001,770,1311020
punjab,2024,2,140301,549,1166303
punjab,2024,2,145001,473,794923
punjab,2024,2,140603,472,956589
punjab,2024,2,141008,274,367587
punjab,2024,2,140308,259,448431
punjab,2024,2,151005,242,448543
punjab,2024,2,141001,227,410925
punjab,2024,2,147001,222,474091
punjab,2024,2,140307,189,406609
punjab,2024,3,143001,480,814085
punjab,2024,3,145001,462,840551
punjab,2024,3,140301,444,948086
punjab,2024,3,140603,395,727772
punjab,2024,3,141008,343,479019
punjab,2024,3,141001,272,485226
punjab,2024,3,141007,259,314846
punjab,2024,3,160055,255,382244
punjab,2024,3,141003,250,324016
punjab,2024,3,147001,248,392847
punjab,2024,4,140301,504,1069415
punjab,2024,4,143001,465,916737
punjab,2024,4,140603,452,869564
punjab,2024,4,151004,405,584708
punjab,2024,4,145001,392,768568
punjab,2024,4,141008,375,503568
punjab,2024,4,141007,373,378959
punjab,2024,4,160055,317,582867
punjab,2024,4,141014,305,349705
punjab,2024,4,141001,269,433272
rajasthan,2020,2,302012,172,32400
rajasthan,2020,2,302020,161,27928
rajasthan,2020,2,301019,156,26523
rajasthan,2020,2,302017,139,24091
rajasthan,2020,2,301001,112,22886
rajasthan,2020,2,302022,111,21004
rajasthan,2020,2,302019,110,19067
rajasthan,2020,2,302015,98,17203
rajasthan,2020,2,302033,98,16596
rajasthan,2020,2,302029,95,18322
rajasthan,2020,3,345021,1003,203794
rajasthan,2020,3,302012,449,123677
rajasthan,2020,3,302020,293,75457
rajasthan,2020,3,302017,268,68285
rajasthan,2020,3,302029,256,56623
rajasthan,2020,3,311001,251,61979
rajasthan,2020,3,301001,226,55490
rajasthan,2020,3,302021,215,54634
rajasthan,2020,3,302015,195,49691
rajasthan,2020,3,302018,180,44462
rajasthan,2020,4,302012,291,162983
rajasthan,2020,4,311001,217,65792
rajasthan,2020,4,302020,197,89766
rajasthan,2020,4,302013,171,71033
rajasthan,2020,4,301001,164,71758
rajasthan,2020,4,302017,163,80812
rajasthan,2020,4,302029,155,71568
rajasthan,2020,4,302021,154,86585
rajasthan,2020,4,302015,142,82847
rajasthan,2020,4,332001,140,71175
rajasthan,2021,1,302012,359,183588
rajasthan,2021,1,311001,275,104875
rajasthan,2021,1,302020,257,102338
rajasthan,2021,1,302013,252,85201
rajasthan,2021,1,302029,249,98674
rajasthan,2021,1,332001,226,125759
rajasthan,2021,1,302022,219,78675
rajasthan,2021,1,302015,204,80501
rajasthan,2021,1,301001,204,88518
rajasthan,2021,1,302017,189,83879
rajasthan,2021,2,302012,399,263480
rajasthan,2021,2,332001,280,214117
rajasthan,2021,2,311001,264,176988
rajasthan,2021,2,302020,243,160131
rajasthan,2021,2,302013,241,190931
rajasthan,2021,2,301001,217,171163
rajasthan,2021,2,302029,213,132201
rajasthan,2021,2,302021,201,145693
rajasthan,2021,2,302006,201,189761
rajasthan,2021,2,301019,201,138934
rajasthan,2021,3,302012,413,360214
rajasthan,2021,3,311001,243,140696
rajasthan,2021,3,302020,237,144890
rajasthan,2021,3,301001,236,171137
rajasthan,2021,3,302017,232,157578
rajasthan,2021,3,302021,218,174625
rajasthan,2021,3,332001,208,147159
rajasthan,2021,3,301019,191,169895
rajasthan,2021,3,302029,186,154233
rajasthan,2021,3,302006,184,156594
rajasthan,2021,4,302012,535,664537
rajasthan,2021,4,332001,337,291109
rajasthan,2021,4,302020,322,390572
rajasthan,2021,4,302013,314,321450
rajasthan,2021,4,302029,309,301555
rajasthan,2021,4,302017,280,274945
rajasthan,2021,4,302001,264,214127
rajasthan,2021,4,302016,252,275221
rajasthan,2021,4,302021,242,271233
rajasthan,2021,4,302015,230,220139
rajasthan,2022,1,302012,734,972266
rajasthan,2022,1,332001,478,563429
rajasthan,2022,1,302017,396,444162
rajasthan,2022,1,302020,324,435025
rajasthan,2022,1,302029,311,429653
rajasthan,2022,1,344001,305,344674
rajasthan,2022,1,302006,297,407942
rajasthan,2022,1,302016,287,405949
rajasthan,2022,1,302021,276,389478
rajasthan,2022,1,342006,271,294619
rajasthan,2022,2,302012,707,888678
rajasthan,2022,2,332001,412,474554
rajasthan,2022,2,302020,382,510545
rajasthan,2022,2,302001,357,401107
rajasthan,2022,2,302029,343,520268
rajasthan,2022,2,302013,340,377818
rajasthan,2022,2,302017,331,382114
rajasthan,2022,2,302021,328,415470
rajasthan,2022,2,301019,324,400016
rajasthan,2022,2,334001,309,393228
rajasthan,2022,3,302012,959,1175252
rajasthan,2022,3,302020,600,640710
rajasthan,2022,3,302029,493,629729
rajasthan,2022,3,302015,481,473950
rajasthan,2022,3,302006,469,461881
rajasthan,2022,3,302021,468,489058
rajasthan,2022,3,302013,457,505124
rajasthan,2022,3,301019,457,471719
rajasthan,2022,3,332001,449,553614
rajasthan,2022,3,302017,435,498721
rajasthan,2022,4,302012,1201,1616414
rajasthan,2022,4,302020,731,999841
rajasthan,2022,4,302029,650,841733
rajasthan,2022,4,313001,594,938960
rajasthan,2022,4,302021,590,740337
rajasthan,2022,4,332001,585,855060
rajasthan,2022,4,302013,583,670832
rajasthan,2022,4,302017,583,764287
rajasthan,2022,4,302015,583,725077
rajasthan,2022,4,302001,550,669326
rajasthan,2023,1,302012,1011,1646784
rajasthan,2023,1,302020,724,1145444
rajasthan,2023,1,302017,556,806634
rajasthan,2023,1,302029,546,871204
rajasthan,2023,1,302006,531,672478
rajasthan,2023,1,302021,497,696062
rajasthan,2023,1,302015,487,602311
rajasthan,2023,1,302013,466,741015
rajasthan,2023,1,332001,461,687913
rajasthan,2023,1,302001,457,680492
rajasthan,2023,2,302012,1057,1461334
rajasthan,2023,2,302020,732,1123379
rajasthan,2023,2,302021,601,957097
rajasthan,2023,2,302015,580,721138
rajasthan,2023,2,302013,568,682137
rajasthan,2023,2,302006,557,756898
rajasthan,2023,2,302029,553,738705
rajasthan,2023,2,302017,530,730927
rajasthan,2023,2,332001,507,780115
rajasthan,2023,2,302001,493,710874
rajasthan,2023,3,302012,1219,1860747
rajasthan,2023,3,302020,790,1081738
rajasthan,2023,3,302029,606,901640
rajasthan,2023,3,302017,600,930244
rajasthan,2023,3,302021,576,892097
rajasthan,2023,3,302013,573,708283
rajasthan,2023,3,302015,571,660477
rajasthan,2023,3,332001,568,838064
rajasthan,2023,3,302006,567,693210
rajasthan,2023,3,301019,550,670432
rajasthan,2023,4,302012,1482,2523355
rajasthan,2023,4,302020,1001,1723313
rajasthan,2023,4,302021,723,1384670
rajasthan,2023,4,302017,716,1141732
rajasthan,2023,4,302029,707,1335494
rajasthan,2023,4,313001,702,1254407
rajasthan,2023,4,302013,677,1035494
rajasthan,2023,4,301001,677,1035985
rajasthan,2023,4,302001,664,855504
rajasthan,2023,4,332001,642,1203805
rajasthan,2024,1,302012,1492,2844766
rajasthan,2024,1,302020,938,1758633
rajasthan,2024,1,302029,757,1357042
rajasthan,2024,1,302006,724,1185325
rajasthan,2024,1,301001,702,1220857
rajasthan,2024,1,301019,697,1054228
rajasthan,2024,1,302021,693,1293160
rajasthan,2024,1,302015,688,997717
rajasthan,2024,1,313001,675,1073702
rajasthan,2024,1,332001,670,1416049
rajasthan,2024,2,302012,1540,2600098
rajasthan,2024,2,302020,918,1653873
rajasthan,2024,2,302029,803,1428644
rajasthan,2024,2,302001,746,1161824
rajasthan,2024,2,302017,731,1243534
rajasthan,2024,2,302021,724,1296208
rajasthan,2024,2,302015,716,1168293
rajasthan,2024,2,313001,683,1182371
rajasthan,2024,2,302006,671,1097692
rajasthan,2024,2,332001,656,1236971
rajasthan,2024,3,302012,2189,3390385
rajasthan,2024,3,302020,1194,2022371
rajasthan,2024,3,302017,1024,1726505
rajasthan,2024,3,302029,1011,1754808
rajasthan,2024,3,301001,973,1516137
rajasthan,2024,3,302013,971,1386395
rajasthan,2024,3,302021,953,1552183
rajasthan,2024,3,302001,906,1312334
rajasthan,2024,3,313001,891,1454036
rajasthan,2024,3,332001,866,1414285
rajasthan,2024,4,302012,2259,3828445
rajasthan,2024,4,302029,1295,2108552
rajasthan,2024,4,302020,1287,2184519
rajasthan,2024,4,301001,1159,2006116
rajasthan,2024,4,302017,1131,2020724
rajasthan,2024,4,302013,1095,1812989
rajasthan,2024,4,313001,961,1666546
rajasthan,2024,4,302021,955,1946356
rajasthan,2024,4,332001,849,1521930
rajasthan,2024,4,301019,846,1237866
sikkim,2020,2,737101,4,693
sikkim,2020,2,737102,4,986
sikkim,2020,2,737103,4,744
sikkim,2020,2,737139,2,529
sikkim,2020,2,737126,2,529
sikkim,2020,2,737134,1,231
sikkim,2020,2,737133,1,282
sikkim,2020,2,737135,1,282
sikkim,2020,2,737132,1,231
sikkim,2020,2,737116,1,282
sikkim,2020,3,737101,20,7008
sikkim,2020,3,737102,18,4161
sikkim,2020,3,737132,15,2694
sikkim,2020,3,737136,11,2612
sikkim,2020,3,737134,8,5125
sikkim,2020,3,737135,6,2561
sikkim,2020,3,737126,3,480
sikkim,2020,3,737111,3,1253
sikkim,2020,3,737116,2,697
sikkim,2020,3,737113,2,66
sikkim,2020,4,737132,10,7724
sikkim,2020,4,737120,7,9608
sikkim,2020,4,737134,7,8233
sikkim,2020,4,737101,7,1656
sikkim,2020,4,737106,6,1934
sikkim,2020,4,737103,6,3585
sikkim,2020,4,737126,5,17313
sikkim,2020,4,737135,5,7123
sikkim,2020,4,737111,3,2260
sikkim,2020,4,737113,2,775
sikkim,2021,1,737102,19,14604
sikkim,2021,1,737101,17,14900
sikkim,2021,1,737134,15,11866
sikkim,2021,1,737121,10,13565
sikkim,2021,1,737133,8,7509
sikkim,2021,1,737135,7,9855
sikkim,2021,1,737111,6,1440
sikkim,2021,1,737113,6,5667
sikkim,2021,1,737132,6,7462
sikkim,2021,1,737116,5,9141
sikkim,2021,2,737102,18,21791
sikkim,2021,2,737132,13,22958
sikkim,2021,2,737101,12,27279
sikkim,2021,2,737135,7,5848
sikkim,2021,2,737134,7,7997
sikkim,2021,2,737120,6,8559
sikkim,2021,2,737126,4,2818
sikkim,2021,2,737136,4,1196
sikkim,2021,2,737121,3,2078
sikkim,2021,2,737133,3,8078
sikkim,2021,3,737135,18,12745
sikkim,2021,3,737101,15,30641
sikkim,2021,3,737102,10,10923
sikkim,2021,3,737132,9,5006
sikkim,2021,3,737134,9,11038
sikkim,2021,3,737136,7,17213
sikkim,2021,3,737121,6,1836
sikkim,2021,3,737116,5,6558
sikkim,2021,3,737126,5,378
sikkim,2021,3,737133,4,5884
sikkim,2021,4,737102,31,49179
sikkim,2021,4,737101,29,90182
sikkim,2021,4,737134,18,42207
sikkim,2021,4,737120,12,37329
sikkim,2021,4,737111,12,40222
sikkim,2021,4,737133,11,19562
sikkim,2021,4,737121,11,29883
sikkim,2021,4,737132,9,38192
sikkim,2021,4,737135,9,34027
sikkim,2021,4,737126,9,37199
sikkim,2022,1,737101,60,172245
sikkim,2022,1,737103,25,80321
sikkim,2022,1,737102,21,53534
sikkim,2022,1,737132,19,41922
sikkim,2022,1,737126,17,36511
sikkim,2022,1,737111,15,42104
sikkim,2022,1,737121,13,29476
sikkim,2022,1,737113,9,20308
sikkim,2022,1,737134,9,25694
sikkim,2022,1,737133,9,19264
sikkim,2022,2,737101,28,88553
sikkim,2022,2,737102,23,34120
sikkim,2022,2,737134,16,41352
sikkim,2022,2,737132,14,34741
sikkim,2022,2,737121,14,32774
sikkim,2022,2,737113,13,38277
sikkim,2022,2,737135,9,16477
sikkim,2022,2,737111,8,13858
sikkim,2022,2,737120,7,18691
sikkim,2022,2,737106,6,8408
sikkim,2022,3,737102,49,63214
sikkim,2022,3,737101,39,83667
sikkim,2022,3,737132,28,48470
sikkim,2022,3,737103,17,39977
sikkim,2022,3,737134,17,46535
sikkim,2022,3,737126,15,29772
sikkim,2022,3,737111,13,24426
sikkim,2022,3,737135,13,26499
sikkim,2022,3,737121,11,24955
sikkim,2022,3,737120,10,22575
sikkim,2022,4,737101,52,96887
sikkim,2022,4,737102,47,99152
sikkim,2022,4,737132,30,39191
sikkim,2022,4,737134,27,37929
sikkim,2022,4,737113,24,77802
sikkim,2022,4,737135,23,53797
sikkim,2022,4,737121,17,52782
sikkim,2022,4,737126,16,24477
sikkim,2022,4,737120,14,37682
sikkim,2022,4,737103,10,33268
sikkim,2023,1,737101,38,101511
sikkim,2023,1,737102,34,64754
sikkim,2023,1,737132,28,62023
sikkim,2023,1,737134,22,52414
sikkim,2023,1,737135,18,50862
sikkim,2023,1,737126,17,37613
sikkim,2023,1,737120,14,55434
sikkim,2023,1,737113,13,52913
sikkim,2023,1,737136,11,12289
sikkim,2023,1,737131,10,24787
sikkim,2023,2,737101,53,121203
sikkim,2023,2,737102,40,101834
sikkim,2023,2,737132,30,56609
sikkim,2023,2,737135,26,48202
sikkim,2023,2,737113,20,46761
sikkim,2023,2,737121,14,34447
sikkim,2023,2,737126,14,29968
sikkim,2023,2,737134,12,15302
sikkim,2023,2,737136,8,18898
sikkim,2023,2,737103,7,6085
sikkim,2023,3,737102,49,84286
sikkim,2023,3,737101,42,111266
sikkim,2023,3,737126,24,41765
sikkim,2023,3,737132,19,71469
sikkim,2023,3,737134,16,50727
sikkim,2023,3,737103,15,27253
sikkim,2023,3,737120,11,24506
sikkim,2023,3,737113,10,19654
sikkim,2023,3,737135,9,39345
sikkim,2023,3,737136,8,30865
sikkim,2023,4,737101,51,119245
sikkim,2023,4,737126,34,74800
sikkim,2023,4,737134,34,86706
sikkim,2023,4,737102,32,83068
sikkim,2023,4,737135,26,72666
sikkim,2023,4,737103,22,31632
sikkim,2023,4,737121,20,69180
sikkim,2023,4,737132,18,59924
sikkim,2023,4,737120,18,41817
sikkim,2023,4,737113,13,48709
sikkim,2024,1,737101,74,145519
sikkim,2024,1,737102,52,87276
sikkim,2024,1,737132,44,87691
sikkim,2024,1,737134,37,82683
sikkim,2024,1,737126,31,62275
sikkim,2024,1,737135,25,59980
sikkim,2024,1,737120,21,20994
sikkim,2024,1,737121,18,64728
sikkim,2024,1,737113,17,42565
sikkim,2024,1,737103,17,22663
sikkim,2024,2,737101,137,326361
sikkim,2024,2,737102,88,153474
sikkim,2024,2,737132,68,131613
sikkim,2024,2,737135,58,94123
sikkim,2024,2,737134,49,121779
sikkim,2024,2,737106,34,100289
sikkim,2024,2,737126,33,139538
sikkim,2024,2,737121,33,77075
sikkim,2024,2,737113,30,71584
sikkim,2024,2,737120,29,90780
sikkim,2024,3,737102,68,134391
sikkim,2024,3,737101,55,143528
sikkim,2024,3,737135,47,69172
sikkim,2024,3,737120,40,84752
sikkim,2024,3,737134,37,90084
sikkim,2024,3,737136,31,53119
sikkim,2024,3,737103,24,36017
sikkim,2024,3,737116,24,62998
sikkim,2024,3,737113,20,46188
sikkim,2024,3,737126,19,53005
sikkim,2024,4,737101,94,172470
sikkim,2024,4,737102,78,208432
sikkim,2024,4,737134,70,145015
sikkim,2024,4,737135,50,125435
sikkim,2024,4,737132,38,80859
sikkim,2024,4,737103,37,73872
sikkim,2024,4,737136,32,49447
sikkim,2024,4,737121,29,75012
sikkim,2024,4,737106,28,86028
sikkim,2024,4,737113,27,50608
tamil-nadu,2020,2,600042,93,15991
tamil-nadu,2020,2,600100,88,16576
tamil-nadu,2020,2,600130,67,12302
tamil-nadu,2020,2,641602,66,12195
tamil-nadu,2020,2,600097,66,11065
tamil-nadu,2020,2,600048,65,11507
tamil-nadu,2020,2,600053,65,11798
tamil-nadu,2020,2,600091,63,11290
tamil-nadu,2020,2,600004,63,11853
tamil-nadu,2020,2,600116,61,11351
tamil-nadu,2020,3,641603,120,23382
tamil-nadu,2020,3,635109,89,23075
tamil-nadu,2020,3,641602,75,19448
tamil-nadu,2020,3,600042,71,16304
tamil-nadu,2020,3,641001,66,17361
tamil-nadu,2020,3,635126,63,18533
tamil-nadu,2020,3,600100,62,18028
tamil-nadu,2020,3,600004,59,16245
tamil-nadu,2020,3,600056,55,17597
tamil-nadu,2020,3,600048,55,17691
tamil-nadu,2020,4,641602,124,86533
tamil-nadu,2020,4,635126,113,67790
tamil-nadu,2020,4,635109,108,103109
tamil-nadu,2020,4,600042,93,61351
tamil-nadu,2020,4,600004,93,89647
tamil-nadu,2020,4,600106,93,90375
tamil-nadu,2020,4,600053,84,80277
tamil-nadu,2020,4,602105,83,64133
tamil-nadu,2020,4,600100,77,70511
tamil-nadu,2020,4,600083,72,51352
tamil-nadu,2021,1,600100,153,157286
tamil-nadu,2021,1,635126,150,115034
tamil-nadu,2021,1,641602,129,56436
tamil-nadu,2021,1,635109,118,107987
tamil-nadu,2021,1,600053,117,100861
tamil-nadu,2021,1,602105,113,98291
tamil-nadu,2021,1,600042,113,85095
tamil-nadu,2021,1,600116,112,94762
tamil-nadu,2021,1,600040,109,84450
tamil-nadu,2021,1,600056,104,78058
tamil-nadu,2021,2,600100,161,151891
tamil-nadu,2021,2,635109,150,186299
tamil-nadu,2021,2,602105,149,140294
tamil-nadu,2021,2,600004,137,129026
tamil-nadu,2021,2,635126,134,101092
tamil-nadu,2021,2,600053,121,85305
tamil-nadu,2021,2,600091,120,96093
tamil-nadu,2021,2,641602,118,91618
tamil-nadu,2021,2,600021,116,79942
tamil-nadu,2021,2,600019,115,98053
tamil-nadu,2021,3,641602,275,186708
tamil-nadu,2021,3,600100,226,279951
tamil-nadu,2021,3,635109,217,212254
tamil-nadu,2021,3,635126,199,165032
tamil-nadu,2021,3,600106,198,156947
tamil-nadu,2021,3,600003,190,183593
tamil-nadu,2021,3,600099,183,176463
tamil-nadu,2021,3,600083,172,108550
tamil-nadu,2021,3,600002,172,154620
tamil-nadu,2021,3,600053,166,137477
tamil-nadu,2021,4,641602,469,473016
tamil-nadu,2021,4,635109,356,434613
tamil-nadu,2021,4,600100,308,414373
tamil-nadu,2021,4,635126,298,296847
tamil-nadu,2021,4,600116,268,336374
tamil-nadu,2021,4,600056,258,309987
tamil-nadu,2021,4,641687,249,259491
tamil-nadu,2021,4,600053,246,239244
tamil-nadu,2021,4,600099,243,266689
tamil-nadu,2021,4,600044,227,258828
tamil-nadu,2022,1,600100,528,601074
tamil-nadu,2022,1,635109,511,722009
tamil-nadu,2022,1,600116,478,539482
tamil-nadu,2022,1,641602,475,564081
tamil-nadu,2022,1,600042,421,427746
tamil-nadu,2022,1,600099,404,499440
tamil-nadu,2022,1,600095,384,451542
tamil-nadu,2022,1,600056,362,462493
tamil-nadu,2022,1,600004,360,410225
tamil-nadu,2022,1,635126,359,389526
tamil-nadu,2022,2,600100,631,647439
tamil-nadu,2022,2,600116,463,568695
tamil-nadu,2022,2,635109,445,643625
tamil-nadu,2022,2,600042,431,496998
tamil-nadu,2022,2,635126,398,484303
tamil-nadu,2022,2,641602,384,440095
tamil-nadu,2022,2,600099,374,441077
tamil-nadu,2022,2,600056,370,446024
tamil-nadu,2022,2,600053,363,450269
tamil-nadu,2022,2,600091,360,425933
tamil-nadu,2022,3,600100,812,945525
tamil-nadu,2022,3,641602,672,752419
tamil-nadu,2022,3,600042,596,567625
tamil-nadu,2022,3,600116,568,597985
tamil-nadu,2022,3,635109,546,675932
tamil-nadu,2022,3,600083,529,492326
tamil-nadu,2022,3,635126,527,641095
tamil-nadu,2022,3,600095,474,497702
tamil-nadu,2022,3,600056,457,472659
tamil-nadu,2022,3,600106,457,492680
tamil-nadu,2022,4,641602,1510,1658165
tamil-nadu,2022,4,600100,1347,1507842
tamil-nadu,2022,4,600116,1160,1191707
tamil-nadu,2022,4,641687,979,1017761
tamil-nadu,2022,4,600042,912,948372
tamil-nadu,2022,4,600106,909,889359
tamil-nadu,2022,4,600083,886,844984
tamil-nadu,2022,4,600056,869,865067
tamil-nadu,2022,4,600053,812,834462
tamil-nadu,2022,4,600119,808,1024353
tamil-nadu,2023,1,600100,1180,1420018
tamil-nadu,2023,1,600042,883,873425
tamil-nadu,2023,1,600116,872,942394
tamil-nadu,2023,1,600119,843,974340
tamil-nadu,2023,1,600097,819,879960
tamil-nadu,2023,1,600004,795,817476
tamil-nadu,2023,1,600040,773,865891
tamil-nadu,2023,1,600056,764,925022
tamil-nadu,2023,1,641602,761,919717
tamil-nadu,2023,1,600008,758,764958
tamil-nadu,2023,2,600100,1106,1302940
tamil-nadu,2023,2,600116,789,900693
tamil-nadu,2023,2,600042,760,823745
tamil-nadu,2023,2,641602,741,877824
tamil-nadu,2023,2,600119,732,977233
tamil-nadu,2023,2,600053,691,793684
tamil-nadu,2023,2,600056,670,703047
tamil-nadu,2023,2,600008,660,758858
tamil-nadu,2023,2,635109,641,887234
tamil-nadu,2023,2,600097,622,737176
tamil-nadu,2023,3,600100,1118,1426946
tamil-nadu,2023,3,600116,870,1030947
tamil-nadu,2023,3,635109,869,1211810
tamil-nadu,2023,3,600042,851,792853
tamil-nadu,2023,3,600056,751,817352
tamil-nadu,2023,3,641602,747,861281
tamil-nadu,2023,3,600053,734,797399
tamil-nadu,2023,3,600106,730,751531
tamil-nadu,2023,3,600097,727,856233
tamil-nadu,2023,3,600119,708,835455
tamil-nadu,2023,4,600100,1258,1760781
tamil-nadu,2023,4,641602,963,1162419
tamil-nadu,2023,4,635109,959,1340590
tamil-nadu,2023,4,600116,906,1156523
tamil-nadu,2023,4,600056,808,957436
tamil-nadu,2023,4,600042,798,923967
tamil-nadu,2023,4,600053,780,830299
tamil-nadu,2023,4,600119,761,966224
tamil-nadu,2023,4,635126,715,896617
tamil-nadu,2023,4,600096,703,812417
tamil-nadu,2024,1,600100,1372,1884618
tamil-nadu,2024,1,600116,991,1239624
tamil-nadu,2024,1,600119,952,1312673
tamil-nadu,2024,1,641602,892,1082865
tamil-nadu,2024,1,600042,886,1163488
tamil-nadu,2024,1,600056,861,1119001
tamil-nadu,2024,1,600097,858,1040863
tamil-nadu,2024,1,635109,849,1297176
tamil-nadu,2024,1,600004,824,888930
tamil-nadu,2024,1,600053,796,989269
tamil-nadu,2024,2,600100,1265,1709825
tamil-nadu,2024,2,641602,841,1136644
tamil-nadu,2024,2,635109,835,1281307
tamil-nadu,2024,2,600116,834,1073022
tamil-nadu,2024,2,600119,794,1201671
tamil-nadu,2024,2,600056,789,1087383
tamil-nadu,2024,2,600042,777,963696
tamil-nadu,2024,2,600008,722,885042
tamil-nadu,2024,2,600053,717,998347
tamil-nadu,2024,2,600004,712,919623
tamil-nadu,2024,3,600100,1442,2039148
tamil-nadu,2024,3,600014,1174,1261658
tamil-nadu,2024,3,635109,1104,1812785
tamil-nadu,2024,3,600042,896,1075685
tamil-nadu,2024,3,600097,877,1247560
tamil-nadu,2024,3,600119,876,1183650
tamil-nadu,2024,3,600004,867,1025188
tamil-nadu,2024,3,600116,862,1045789
tamil-nadu,2024,3,600056,849,1166893
tamil-nadu,2024,3,600017,812,909460
tamil-nadu,2024,4,600100,1563,2511148
tamil-nadu,2024,4,600014,1206,1323342
tamil-nadu,2024,4,635109,1158,1697925
tamil-nadu,2024,4,600042,917,1178871
tamil-nadu,2024,4,600091,885,1159520
tamil-nadu,2024,4,600119,872,1188021
tamil-nadu,2024,4,600004,857,1150132
tamil-nadu,2024,4,600052,837,1107470
tamil-nadu,2024,4,600077,829,1121700
tamil-nadu,2024,4,600017,816,946122
telangana,2020,2,500072,760,122394
telangana,2020,2,500018,524,86156
telangana,2020,2,500090,355,58851
telangana,2020,2,500016,350,58054
telangana,2020,2,502032,343,59172
telangana,2020,2,500084,338,53063
telangana,2020,2,500055,333,56452
telangana,2020,2,500008,325,54770
telangana,2020,2,500049,324,54079
telangana,2020,2,500037,318,54881
telangana,2020,3,500072,1103,243812
telangana,2020,3,505001,720,199780
telangana,2020,3,500018,641,134696
telangana,2020,3,502032,498,128525
telangana,2020,3,500050,498,121764
telangana,2020,3,500037,474,102325
telangana,2020,3,500039,467,103357
telangana,2020,3,500090,449,114105
telangana,2020,3,506002,446,94941
telangana,2020,3,500055,446,102654
telangana,2020,4,500072,554,307425
telangana,2020,4,505001,392,174633
telangana,2020,4,500018,332,168924
telangana,2020,4,506002,293,153947
telangana,2020,4,500037,283,116688
telangana,2020,4,500039,279,143882
telangana,2020,4,500070,267,130038
telangana,2020,4,502032,260,180792
telangana,2020,4,500013,258,101988
telangana,2020,4,500055,256,184308
telangana,2021,1,500072,677,374999
telangana,2021,1,505001,575,322142
telangana,2021,1,506002,397,213380
telangana,2021,1,500018,383,197045
telangana,2021,1,500039,378,152725
telangana,2021,1,500055,354,204602
telangana,2021,1,502032,330,210415
telangana,2021,1,506011,330,168168
telangana,2021,1,500037,321,149660
telangana,2021,1,500016,315,153952
telangana,2021,2,500072,915,574372
telangana,2021,2,500018,527,388530
telangana,2021,2,505001,504,298681
telangana,2021,2,500055,420,312645
telangana,2021,2,500037,420,248360
telangana,2021,2,502032,403,406899
telangana,2021,2,500050,395,309901
telangana,2021,2,500090,382,301178
telangana,2021,2,506002,373,232646
telangana,2021,2,500039,364,267200
telangana,2021,3,500072,803,638626
telangana,2021,3,500055,466,380827
telangana,2021,3,505001,465,261499
telangana,2021,3,506002,397,256211
telangana,2021,3,500018,396,275618
telangana,2021,3,502032,378,313949
telangana,2021,3,500070,347,296111
telangana,2021,3,500039,346,213873
telangana,2021,3,500037,332,245548
telangana,2021,3,500008,330,262760
telangana,2021,4,500072,1157,1344799
telangana,2021,4,506002,633,578264
telangana,2021,4,505001,613,614076
telangana,2021,4,500018,545,588758
telangana,2021,4,500055,535,558788
telangana,2021,4,506011,528,514440
telangana,2021,4,500039,477,511150
telangana,2021,4,500050,474,562598
telangana,2021,4,500081,463,372582
telangana,2021,4,500090,460,576149
telangana,2022,1,500072,1197,1628490
telangana,2022,1,500018,636,765474
telangana,2022,1,505001,627,751799
telangana,2022,1,502032,600,1046477
telangana,2022,1,500090,545,914672
telangana,2022,1,500055,535,611682
telangana,2022,1,500081,511,625476
telangana,2022,1,500039,505,757060
telangana,2022,1,500037,494,719508
telangana,2022,1,500008,483,707247
telangana,2022,2,500072,1794,2115388
telangana,2022,2,502032,827,956155
telangana,2022,2,505001,818,975112
telangana,2022,2,500090,810,1025676
telangana,2022,2,500081,807,1130184
telangana,2022,2,500055,770,888907
telangana,2022,2,500050,761,1019995
telangana,2022,2,500008,755,1092191
telangana,2022,2,500018,753,866766
telangana,2022,2,500049,678,895135
telangana,2022,3,500072,2176,2594114
telangana,2022,3,502032,1024,1315666
telangana,2022,3,500050,937,1161040
telangana,2022,3,500081,932,1042202
telangana,2022,3,500018,886,944169
telangana,2022,3,500032,850,1104144
telangana,2022,3,500049,849,995900
telangana,2022,3,500090,814,1141691
telangana,2022,3,500008,808,1036944
telangana,2022,3,500055,775,972893
telangana,2022,4,500072,2486,3151661
telangana,2022,4,502032,1324,1750163
telangana,2022,4,500081,1303,1734951
telangana,2022,4,500050,1239,1597223
telangana,2022,4,500090,1135,1702198
telangana,2022,4,500032,1127,1498306
telangana,2022,4,500018,1088,1369359
telangana,2022,4,500008,1082,1517560
telangana,2022,4,500049,1026,1311070
telangana,2022,4,500084,922,1371543
telangana,2023,1,500072,2244,3175666
telangana,2023,1,500081,1217,1843487
telangana,2023,1,502032,1201,1680203
telangana,2023,1,500032,1105,1537297
telangana,2023,1,500090,993,1591989
telangana,2023,1,500050,984,1352634
telangana,2023,1,500049,951,1428556
telangana,2023,1,500018,878,1141526
telangana,2023,1,500084,822,1213810
telangana,2023,1,500008,813,1390332
telangana,2023,2,500072,2534,3686902
telangana,2023,2,500081,1399,1778583
telangana,2023,2,502032,1209,1868222
telangana,2023,2,500032,1157,1566779
telangana,2023,2,500049,1127,1548898
telangana,2023,2,500090,1109,1607125
telangana,2023,2,500050,995,1350942
telangana,2023,2,500008,987,1610214
telangana,2023,2,500084,937,1386693
telangana,2023,2,500055,849,1145290
telangana,2023,3,500072,2646,3365765
telangana,2023,3,500081,1619,1854178
telangana,2023,3,500032,1435,1780152
telangana,2023,3,502032,1328,1935123
telangana,2023,3,500049,1228,1728277
telangana,2023,3,500084,1204,1706834
telangana,2023,3,500090,1198,1699891
telangana,2023,3,500018,1097,1230202
telangana,2023,3,500050,1074,1484906
telangana,2023,3,500055,1026,1330505
telangana,2023,4,500072,2539,4276139
telangana,2023,4,500081,1632,2281247
telangana,2023,4,500032,1434,2473246
telangana,2023,4,502032,1402,2566288
telangana,2023,4,500050,1183,2071352
telangana,2023,4,500090,1162,2094937
telangana,2023,4,500084,1107,1803387
telangana,2023,4,500008,1094,2019954
telangana,2023,4,500049,1075,1778293
telangana,2023,4,500018,1019,1453962
telangana,2024,1,500072,2338,3847111
telangana,2024,1,500081,1577,2401770
telangana,2024,1,500032,1450,2447244
telangana,2024,1,502032,1320,2054554
telangana,2024,1,500008,1140,2013858
telangana,2024,1,500090,1137,2169121
telangana,2024,1,500049,1071,1613015
telangana,2024,1,500050,1062,1654271
telangana,2024,1,500018,1023,1517021
telangana,2024,1,500055,1013,1431275
telangana,2024,2,500072,1966,3066397
telangana,2024,2,500081,1516,2573675
telangana,2024,2,500032,1305,2309301
telangana,2024,2,502032,1252,2385381
telangana,2024,2,500090,1055,2116300
telangana,2024,2,500008,974,1791870
telangana,2024,2,500050,973,1696839
telangana,2024,2,500084,936,1993579
telangana,2024,2,500049,924,1713440
telangana,2024,2,500018,870,1379078
telangana,2024,3,500072,2327,3766931
telangana,2024,3,500081,2100,3137168
telangana,2024,3,500090,1406,2649085
telangana,2024,3,502032,1403,2879218
telangana,2024,3,500049,1304,2492280
telangana,2024,3,500032,1150,2001717
telangana,2024,3,500055,1015,1426079
telangana,2024,3,500008,947,1851813
telangana,2024,3,500084,918,1744947
telangana,2024,3,500039,910,1516242
telangana,2024,4,500072,2743,4242713
telangana,2024,4,500081,2391,3983642
telangana,2024,4,500090,1612,3102627
telangana,2024,4,502032,1586,3073480
telangana,2024,4,500049,1472,2441473
telangana,2024,4,500008,1264,2336819
telangana,2024,4,500032,1263,2124253
telangana,2024,4,500055,1211,1625928
telangana,2024,4,500084,1069,1957097
telangana,2024,4,500039,1009,1565069
tripura,2020,2,799001,10,1941
tripura,2020,2,799114,9,1881
tripura,2020,2,799005,7,1817
tripura,2020,2,799045,6,1355
tripura,2020,2,799006,4,1165
tripura,2020,2,799007,4,693
tripura,2020,2,799102,3,462
tripura,2020,2,799003,3,1272
tripura,2020,2,799143,3,744
tripura,2020,2,799251,3,462
tripura,2020,3,799001,34,10471
tripura,2020,3,799003,20,5426
tripura,2020,3,799002,10,2573
tripura,2020,3,799251,9,1891
tripura,2020,3,799004,9,1929
tripura,2020,3,799250,8,1788
tripura,2020,3,799101,8,1772
tripura,2020,3,799006,7,1411
tripura,2020,3,799264,7,1654
tripura,2020,3,799114,7,2735
tripura,2020,4,799001,19,7373
tripura,2020,4,799003,18,8104
tripura,2020,4,799007,14,7032
tripura,2020,4,799008,10,7150
tripura,2020,4,799006,10,5135
tripura,2020,4,799035,9,1176
tripura,2020,4,799004,9,5337
tripura,2020,4,799250,8,4751
tripura,2020,4,799201,7,2130
tripura,2020,4,799264,7,7234
tripura,2021,1,799001,40,25228
tripura,2021,1,799002,17,7801
tripura,2021,1,799003,16,4304
tripura,2021,1,799250,15,8638
tripura,2021,1,799005,14,4319
tripura,2021,1,799014,12,6264
tripura,2021,1,799102,11,6073
tripura,2021,1,799006,11,7178
tripura,2021,1,799277,10,1008
tripura,2021,1,799008,10,4544
tripura,2021,2,799003,27,36368
tripura,2021,2,799001,26,22527
tripura,2021,2,799005,18,12981
tripura,2021,2,799007,17,13423
tripura,2021,2,799250,13,6220
tripura,2021,2,799002,13,11985
tripura,2021,2,799015,11,12153
tripura,2021,2,799006,11,21226
tripura,2021,2,799261,10,6122
tripura,2021,2,799004,9,6884
tripura,2021,3,799001,65,56240
tripura,2021,3,799003,43,102051
tripura,2021,3,799007,28,34908
tripura,2021,3,799006,27,23520
tripura,2021,3,799014,18,19044
tripura,2021,3,799004,18,12797
tripura,2021,3,799114,18,19126
tripura,2021,3,799002,18,19229
tripura,2021,3,799005,12,6900
tripura,2021,3,799012,12,15958
tripura,2021,4,799001,65,64361
tripura,2021,4,799003,48,59889
tripura,2021,4,799006,46,60800
tripura,2021,4,799002,28,45587
tripura,2021,4,799114,27,57667
tripura,2021,4,799004,24,50079
tripura,2021,4,799007,23,43242
tripura,2021,4,799005,20,21635
tripura,2021,4,799155,20,24781
tripura,2021,4,799144,19,29079
tripura,2022,1,799001,95,137163
tripura,2022,1,799003,72,86537
tripura,2022,1,799007,36,50259
tripura,2022,1,799002,35,64386
tripura,2022,1,799004,33,55804
tripura,2022,1,799114,32,68454
tripura,2022,1,799006,31,42497
tripura,2022,1,799005,30,33377
tripura,2022,1,799045,27,41517
tripura,2022,1,799260,26,42603
tripura,2022,2,799001,101,98404
tripura,2022,2,799003,75,109441
tripura,2022,2,799006,59,73775
tripura,2022,2,799002,42,45084
tripura,2022,2,799045,40,39389
tripura,2022,2,799114,39,53762
tripura,2022,2,799007,31,46942
tripura,2022,2,799014,30,40387
tripura,2022,2,799004,30,45515
tripura,2022,2,799115,30,60642
tripura,2022,3,799001,153,144941
tripura,2022,3,799003,134,156745
tripura,2022,3,799002,78,62364
tripura,2022,3,799006,71,89251
tripura,2022,3,799004,67,87963
tripura,2022,3,799155,63,73876
tripura,2022,3,799007,51,60860
tripura,2022,3,799114,41,59153
tripura,2022,3,799014,39,32837
tripura,2022,3,799271,35,64757
tripura,2022,4,799001,138,166359
tripura,2022,4,799003,100,127294
tripura,2022,4,799007,68,52792
tripura,2022,4,799114,65,86552
tripura,2022,4,799004,62,68004
tripura,2022,4,799002,60,68817
tripura,2022,4,799006,59,104676
tripura,2022,4,799005,54,69533
tripura,2022,4,799144,44,75098
tripura,2022,4,799102,34,54122
tripura,2023,1,799001,155,183935
tripura,2023,1,799003,94,126373
tripura,2023,1,799006,94,95290
tripura,2023,1,799114,82,108713
tripura,2023,1,799007,57,69258
tripura,2023,1,799002,54,58542
tripura,2023,1,799014,46,79565
tripura,2023,1,799102,41,66362
tripura,2023,1,799271,39,62257
tripura,2023,1,799277,38,60276
tripura,2023,2,799001,172,194970
tripura,2023,2,799003,113,152484
tripura,2023,2,799002,106,110861
tripura,2023,2,799006,73,80135
tripura,2023,2,799004,56,78562
tripura,2023,2,799014,53,61167
tripura,2023,2,799005,37,33097
tripura,2023,2,799103,37,49226
tripura,2023,2,799007,37,31956
tripura,2023,2,799250,36,45566
tripura,2023,3,799001,185,207205
tripura,2023,3,799003,162,203515
tripura,2023,3,799006,96,105971
tripura,2023,3,799007,93,130561
tripura,2023,3,799002,87,96771
tripura,2023,3,799004,78,99690
tripura,2023,3,799114,68,72394
tripura,2023,3,799264,54,54452
tripura,2023,3,799014,52,62354
tripura,2023,3,799005,50,60545
tripura,2023,4,799001,232,290875
tripura,2023,4,799003,146,164527
tripura,2023,4,799002,103,124384
tripura,2023,4,799006,86,102907
tripura,2023,4,799155,81,114090
tripura,2023,4,799114,75,105479
tripura,2023,4,799005,73,77602
tripura,2023,4,799004,72,89900
tripura,2023,4,799264,54,74567
tripura,2023,4,799009,47,91550
tripura,2024,1,799001,194,228954
tripura,2024,1,799003,167,182101
tripura,2024,1,799006,123,154674
tripura,2024,1,799002,96,111613
tripura,2024,1,799114,81,97016
tripura,2024,1,799271,72,109892
tripura,2024,1,799155,71,91532
tripura,2024,1,799004,69,91919
tripura,2024,1,799007,67,73594
tripura,2024,1,799102,66,81913
tripura,2024,2,799001,188,256622
tripura,2024,2,799003,146,202803
tripura,2024,2,799006,101,147472
tripura,2024,2,799002,75,138516
tripura,2024,2,799004,66,63626
tripura,2024,2,799114,64,62352
tripura,2024,2,799007,61,72932
tripura,2024,2,799005,56,82469
tripura,2024,2,799102,55,77339
tripura,2024,2,799155,53,66387
tripura,2024,3,799002,183,240692
tripura,2024,3,799014,170,224512
tripura,2024,3,799001,117,132715
tripura,2024,3,799003,113,130982
tripura,2024,3,799004,99,133522
tripura,2024,3,799005,66,84932
tripura,2024,3,799120,63,74721
tripura,2024,3,799045,62,76153
tripura,2024,3,799007,61,60325
tripura,2024,3,799009,61,83817
tripura,2024,4,799002,192,275367
tripura,2024,4,799014,161,206572
tripura,2024,4,799003,125,124492
tripura,2024,4,799001,110,157885
tripura,2024,4,799004,86,82562
tripura,2024,4,799210,80,113972
tripura,2024,4,799120,78,90269
tripura,2024,4,799007,76,85671
tripura,2024,4,799155,74,89195
tripura,2024,4,799045,72,98951
uttar-pradesh,2020,2,201307,539,83923
uttar-pradesh,2020,2,201301,429,71084
uttar-pradesh,2020,2,201318,321,53409
uttar-pradesh,2020,2,201014,290,45526
uttar-pradesh,2020,2,201009,268,47152
uttar-pradesh,2020,2,201308,240,43778
uttar-pradesh,2020,2,201303,235,37956
uttar-pradesh,2020,2,201304,215,36272
uttar-pradesh,2020,2,273007,142,23993
uttar-pradesh,2020,2,201003,137,23627
uttar-pradesh,2020,3,201301,427,95476
uttar-pradesh,2020,3,201318,280,80317
uttar-pradesh,2020,3,201009,280,60622
uttar-pradesh,2020,3,201307,250,72448
uttar-pradesh,2020,3,226010,208,56128
uttar-pradesh,2020,3,201304,197,50008
uttar-pradesh,2020,3,201308,165,48509
uttar-pradesh,2020,3,201014,165,39096
uttar-pradesh,2020,3,201002,155,41844
uttar-pradesh,2020,3,250001,151,38090
uttar-pradesh,2020,4,201301,496,320628
uttar-pradesh,2020,4,201009,383,244764
uttar-pradesh,2020,4,201102,239,191033
uttar-pradesh,2020,4,250001,218,270518
uttar-pradesh,2020,4,201307,208,152190
uttar-pradesh,2020,4,201318,202,171082
uttar-pradesh,2020,4,201014,191,159267
uttar-pradesh,2020,4,201304,182,147077
uttar-pradesh,2020,4,247001,153,141577
uttar-pradesh,2020,4,201005,148,126439
uttar-pradesh,2021,1,201301,697,383781
uttar-pradesh,2021,1,201009,508,337060
uttar-pradesh,2021,1,201102,369,274017
uttar-pradesh,2021,1,201307,299,201354
uttar-pradesh,2021,1,201318,299,171081
uttar-pradesh,2021,1,244102,271,122713
uttar-pradesh,2021,1,201304,271,154232
uttar-pradesh,2021,1,250001,267,297494
uttar-pradesh,2021,1,244001,231,140716
uttar-pradesh,2021,1,247001,225,169109
uttar-pradesh,2021,2,244001,654,325380
uttar-pradesh,2021,2,201301,558,375501
uttar-pradesh,2021,2,201009,458,319588
uttar-pradesh,2021,2,201102,339,295691
uttar-pradesh,2021,2,201307,323,237915
uttar-pradesh,2021,2,201318,294,294715
uttar-pradesh,2021,2,250001,269,315770
uttar-pradesh,2021,2,201005,260,195474
uttar-pradesh,2021,2,201003,240,246380
uttar-pradesh,2021,2,201304,234,250230
uttar-pradesh,2021,3,201301,846,600065
uttar-pradesh,2021,3,244001,796,440376
uttar-pradesh,2021,3,201009,696,527923
uttar-pradesh,2021,3,201102,417,384430
uttar-pradesh,2021,3,201307,377,352391
uttar-pradesh,2021,3,250001,372,415818
uttar-pradesh,2021,3,272001,363,153330
uttar-pradesh,2021,3,247001,357,251172
uttar-pradesh,2021,3,202001,340,211287
uttar-pradesh,2021,3,201318,335,328123
uttar-pradesh,2021,4,201301,1049,1126772
uttar-pradesh,2021,4,201009,890,1018268
uttar-pradesh,2021,4,201102,659,786808
uttar-pradesh,2021,4,244001,596,566462
uttar-pradesh,2021,4,201307,564,727427
uttar-pradesh,2021,4,246701,563,351050
uttar-pradesh,2021,4,201318,547,738765
uttar-pradesh,2021,4,250001,499,805494
uttar-pradesh,2021,4,250002,452,520317
uttar-pradesh,2021,4,247001,432,520181
uttar-pradesh,2022,1,201301,1052,1180961
uttar-pradesh,2022,1,201009,908,1067794
uttar-pradesh,2022,1,203001,744,619403
uttar-pradesh,2022,1,201102,698,954233
uttar-pradesh,2022,1,201318,563,798727
uttar-pradesh,2022,1,250001,563,942915
uttar-pradesh,2022,1,201307,552,737200
uttar-pradesh,2022,1,201303,474,553387
uttar-pradesh,2022,1,201003,457,703503
uttar-pradesh,2022,1,247001,433,765977
uttar-pradesh,2022,2,201301,1312,1413747
uttar-pradesh,2022,2,203001,1297,774861
uttar-pradesh,2022,2,201009,1075,1221173
uttar-pradesh,2022,2,201307,778,885269
uttar-pradesh,2022,2,201102,750,847802
uttar-pradesh,2022,2,201318,690,1062295
uttar-pradesh,2022,2,250001,685,977431
uttar-pradesh,2022,2,244001,642,798037
uttar-pradesh,2022,2,250002,573,662534
uttar-pradesh,2022,2,201303,565,592556
uttar-pradesh,2022,3,201301,1886,1908594
uttar-pradesh,2022,3,201009,1285,1441047
uttar-pradesh,2022,3,250001,1054,1455446
uttar-pradesh,2022,3,203001,1001,635866
uttar-pradesh,2022,3,201102,984,1135447
uttar-pradesh,2022,3,201307,965,1162042
uttar-pradesh,2022,3,201318,902,1161980
uttar-pradesh,2022,3,250002,720,911446
uttar-pradesh,2022,3,201014,675,825102
uttar-pradesh,2022,3,201304,640,811265
uttar-pradesh,2022,4,201301,2193,2399892
uttar-pradesh,2022,4,201009,1563,2008963
uttar-pradesh,2022,4,201102,1291,1508410
uttar-pradesh,2022,4,201318,1255,1832913
uttar-pradesh,2022,4,201307,1127,1532016
uttar-pradesh,2022,4,250001,1125,1787166
uttar-pradesh,2022,4,201014,884,1101334
uttar-pradesh,2022,4,201304,808,1126249
uttar-pradesh,2022,4,247001,770,1206076
uttar-pradesh,2022,4,201003,762,1080256
uttar-pradesh,2023,1,201301,2080,2580701
uttar-pradesh,2023,1,201009,1659,2183013
uttar-pradesh,2023,1,250001,1218,1930085
uttar-pradesh,2023,1,201102,1180,1543461
uttar-pradesh,2023,1,201318,1176,2003682
uttar-pradesh,2023,1,201307,1134,1670126
uttar-pradesh,2023,1,201003,938,1452064
uttar-pradesh,2023,1,244001,928,1464138
uttar-pradesh,2023,1,250002,899,1326304
uttar-pradesh,2023,1,201014,893,1273121
uttar-pradesh,2023,2,201301,1992,2418828
uttar-pradesh,2023,2,244001,1674,2147811
uttar-pradesh,2023,2,201009,1561,1779920
uttar-pradesh,2023,2,201318,1300,2273854
uttar-pradesh,2023,2,250001,1181,1932802
uttar-pradesh,2023,2,201307,1111,1623870
uttar-pradesh,2023,2,201102,934,1210975
uttar-pradesh,2023,2,201014,809,1209907
uttar-pradesh,2023,2,201003,787,1151564
uttar-pradesh,2023,2,247001,757,1379013
uttar-pradesh,2023,3,201301,2320,2626339
uttar-pradesh,2023,3,201009,1763,2044544
uttar-pradesh,2023,3,201318,1555,2184498
uttar-pradesh,2023,3,250001,1378,2186303
uttar-pradesh,2023,3,201307,1237,1600941
uttar-pradesh,2023,3,201102,1152,1296477
uttar-pradesh,2023,3,244001,1108,1496460
uttar-pradesh,2023,3,201003,886,1206840
uttar-pradesh,2023,3,201014,873,1204097
uttar-pradesh,2023,3,201304,841,1144595
uttar-pradesh,2023,4,201301,2521,3339961
uttar-pradesh,2023,4,201009,1764,2457305
uttar-pradesh,2023,4,201318,1572,2803751
uttar-pradesh,2023,4,250001,1430,2696948
uttar-pradesh,2023,4,201102,1360,1835764
uttar-pradesh,2023,4,201307,1173,2293593
uttar-pradesh,2023,4,244001,1146,1791969
uttar-pradesh,2023,4,201014,963,1423228
uttar-pradesh,2023,4,201304,869,1415023
uttar-pradesh,2023,4,201003,858,1442882
uttar-pradesh,2024,1,201301,2451,3288770
uttar-pradesh,2024,1,201009,1787,2629325
uttar-pradesh,2024,1,201318,1574,2959887
uttar-pradesh,2024,1,244001,1445,2300436
uttar-pradesh,2024,1,250001,1420,2617128
uttar-pradesh,2024,1,201102,1354,1821952
uttar-pradesh,2024,1,201307,1220,2000668
uttar-pradesh,2024,1,201304,916,1344131
uttar-pradesh,2024,1,201003,913,1615253
uttar-pradesh,2024,1,201014,888,1442417
uttar-pradesh,2024,2,201301,2172,3036110
uttar-pradesh,2024,2,201009,1580,2260633
uttar-pradesh,2024,2,244001,1427,2352525
uttar-pradesh,2024,2,201318,1365,2625516
uttar-pradesh,2024,2,250001,1273,2303859
uttar-pradesh,2024,2,201307,1154,1966512
uttar-pradesh,2024,2,201102,1112,1579338
uttar-pradesh,2024,2,247001,816,1646250
uttar-pradesh,2024,2,201014,812,1320818
uttar-pradesh,2024,2,201003,797,1287655
uttar-pradesh,2024,3,201301,2329,3345795
uttar-pradesh,2024,3,201009,1769,2554328
uttar-pradesh,2024,3,244001,1637,2429001
uttar-pradesh,2024,3,201318,1618,2803537
uttar-pradesh,2024,3,250001,1273,2110213
uttar-pradesh,2024,3,201102,1269,1704847
uttar-pradesh,2024,3,201307,995,1815161
uttar-pradesh,2024,3,201303,831,1312276
uttar-pradesh,2024,3,247001,799,1604933
uttar-pradesh,2024,3,250002,797,1238183
uttar-pradesh,2024,4,201301,2964,4217141
uttar-pradesh,2024,4,201009,2110,3199836
uttar-pradesh,2024,4,201318,2011,3668575
uttar-pradesh,2024,4,244001,1936,3025426
uttar-pradesh,2024,4,201102,1871,2422554
uttar-pradesh,2024,4,250001,1370,2619816
uttar-pradesh,2024,4,201307,1189,1907288
uttar-pradesh,2024,4,247001,1005,1951734
uttar-pradesh,2024,4,201005,995,1462290
uttar-pradesh,2024,4,201303,952,1440632
uttarakhand,2020,2,248001,134,23867
uttarakhand,2020,2,249403,43,8196
uttarakhand,2020,2,263139,40,8164
uttarakhand,2020,2,248008,23,4247
uttarakhand,2020,2,247667,23,4343
uttarakhand,2020,2,248007,22,4524
uttarakhand,2020,2,248171,22,3993
uttarakhand,2020,2,263153,19,4406
uttarakhand,2020,2,244713,15,2921
uttarakhand,2020,2,263148,14,2828
uttarakhand,2020,3,248001,175,57961
uttarakhand,2020,3,263153,82,18342
uttarakhand,2020,3,244713,81,26328
uttarakhand,2020,3,249403,77,17764
uttarakhand,2020,3,263139,59,18713
uttarakhand,2020,3,247667,40,11561
uttarakhand,2020,3,248007,36,16453
uttarakhand,2020,3,249404,29,11056
uttarakhand,2020,3,248008,28,9085
uttarakhand,2020,3,263148,26,6101
uttarakhand,2020,4,248001,148,170094
uttarakhand,2020,4,263139,108,130138
uttarakhand,2020,4,263153,81,45411
uttarakhand,2020,4,249403,73,55803
uttarakhand,2020,4,244713,62,60697
uttarakhand,2020,4,247667,47,48473
uttarakhand,2020,4,248007,39,44893
uttarakhand,2020,4,249401,38,43913
uttarakhand,2020,4,248008,35,38722
uttarakhand,2020,4,248005,35,35781
uttarakhand,2021,1,248001,235,272729
uttarakhand,2021,1,263153,143,87942
uttarakhand,2021,1,249403,127,114681
uttarakhand,2021,1,263139,126,109427
uttarakhand,2021,1,249402,111,68446
uttarakhand,2021,1,244713,109,153794
uttarakhand,2021,1,248007,67,72679
uttarakhand,2021,1,263148,67,43293
uttarakhand,2021,1,247667,59,86895
uttarakhand,2021,1,249404,55,61745
uttarakhand,2021,2,248001,222,252535
uttarakhand,2021,2,263153,133,81466
uttarakhand,2021,2,263139,116,160087
uttarakhand,2021,2,249403,114,109413
uttarakhand,2021,2,244713,97,132433
uttarakhand,2021,2,247667,97,124991
uttarakhand,2021,2,248007,79,111376
uttarakhand,2021,2,248008,67,88956
uttarakhand,2021,2,246149,63,64184
uttarakhand,2021,2,244712,59,83294
uttarakhand,2021,3,247667,409,257998
uttarakhand,2021,3,248001,319,317646
uttarakhand,2021,3,263139,222,253823
uttarakhand,2021,3,249403,201,178179
uttarakhand,2021,3,263153,179,165993
uttarakhand,2021,3,244713,143,169789
uttarakhand,2021,3,247688,94,43151
uttarakhand,2021,3,248007,90,137923
uttarakhand,2021,3,249404,87,100914
uttarakhand,2021,3,246149,85,105605
uttarakhand,2021,4,248001,521,731215
uttarakhand,2021,4,263139,360,506724
uttarakhand,2021,4,247667,313,305729
uttarakhand,2021,4,263153,252,248523
uttarakhand,2021,4,244713,238,332068
uttarakhand,2021,4,249403,195,177771
uttarakhand,2021,4,244715,152,151915
uttarakhand,2021,4,248007,145,214693
uttarakhand,2021,4,246149,116,171124
uttarakhand,2021,4,247688,104,47615
uttarakhand,2022,1,248001,549,923054
uttarakhand,2022,1,263139,325,540173
uttarakhand,2022,1,263153,213,276437
uttarakhand,2022,1,249403,189,233768
uttarakhand,2022,1,247667,174,256112
uttarakhand,2022,1,244713,173,268328
uttarakhand,2022,1,248007,142,259774
uttarakhand,2022,1,246149,121,184847
uttarakhand,2022,1,248121,116,187159
uttarakhand,2022,1,248171,114,162247
uttarakhand,2022,2,248001,605,834941
uttarakhand,2022,2,263139,353,515094
uttarakhand,2022,2,263153,208,255531
uttarakhand,2022,2,244713,185,286117
uttarakhand,2022,2,247667,182,244767
uttarakhand,2022,2,249403,142,214494
uttarakhand,2022,2,248008,137,210878
uttarakhand,2022,2,248007,133,256663
uttarakhand,2022,2,246149,125,217512
uttarakhand,2022,2,248121,118,179634
uttarakhand,2022,3,248001,615,830504
uttarakhand,2022,3,263139,461,578595
uttarakhand,2022,3,263153,309,369933
uttarakhand,2022,3,244713,243,342604
uttarakhand,2022,3,247667,229,328532
uttarakhand,2022,3,249403,226,271435
uttarakhand,2022,3,248007,184,318849
uttarakhand,2022,3,248008,159,235455
uttarakhand,2022,3,248171,149,203320
uttarakhand,2022,3,246149,147,198514
uttarakhand,2022,4,248001,814,1328545
uttarakhand,2022,4,263139,593,869655
uttarakhand,2022,4,263153,404,476117
uttarakhand,2022,4,247667,295,477217
uttarakhand,2022,4,249403,282,353194
uttarakhand,2022,4,244713,277,416617
uttarakhand,2022,4,248007,244,390067
uttarakhand,2022,4,248008,215,329432
uttarakhand,2022,4,246149,202,280609
uttarakhand,2022,4,244715,182,211192
uttarakhand,2023,1,248001,741,1231807
uttarakhand,2023,1,263139,487,740030
uttarakhand,2023,1,263153,334,562809
uttarakhand,2023,1,249403,257,518105
uttarakhand,2023,1,248007,244,468042
uttarakhand,2023,1,247667,233,453941
uttarakhand,2023,1,244713,230,405294
uttarakhand,2023,1,246149,186,244688
uttarakhand,2023,1,248008,163,260050
uttarakhand,2023,1,248171,152,297409
uttarakhand,2023,2,248001,738,1212111
uttarakhand,2023,2,263139,498,819264
uttarakhand,2023,2,263153,418,548648
uttarakhand,2023,2,248007,286,474660
uttarakhand,2023,2,244713,253,467130
uttarakhand,2023,2,247667,227,380856
uttarakhand,2023,2,246149,184,293528
uttarakhand,2023,2,249403,179,338335
uttarakhand,2023,2,263148,176,306700
uttarakhand,2023,2,248171,168,321257
uttarakhand,2023,3,248001,764,1089443
uttarakhand,2023,3,263139,495,687855
uttarakhand,2023,3,263153,378,510338
uttarakhand,2023,3,248007,272,403811
uttarakhand,2023,3,244713,268,441427
uttarakhand,2023,3,247667,266,453804
uttarakhand,2023,3,249403,192,228881
uttarakhand,2023,3,246149,181,261935
uttarakhand,2023,3,248008,169,281738
uttarakhand,2023,3,263148,153,196426
uttarakhand,2023,4,248001,933,1682051
uttarakhand,2023,4,263139,619,1043701
uttarakhand,2023,4,263153,451,706126
uttarakhand,2023,4,244713,370,727239
uttarakhand,2023,4,247667,351,686957
uttarakhand,2023,4,248007,314,595272
uttarakhand,2023,4,249403,286,417297
uttarakhand,2023,4,248171,225,457393
uttarakhand,2023,4,246149,219,324794
uttarakhand,2023,4,248008,211,395286
uttarakhand,2024,1,248001,1010,1513101
uttarakhand,2024,1,263139,682,1237728
uttarakhand,2024,1,263153,457,580708
uttarakhand,2024,1,244713,374,686292
uttarakhand,2024,1,247667,368,720741
uttarakhand,2024,1,248007,359,617950
uttarakhand,2024,1,249403,323,509717
uttarakhand,2024,1,246149,291,383558
uttarakhand,2024,1,248008,289,499268
uttarakhand,2024,1,248171,226,449586
uttarakhand,2024,2,248001,841,1536956
uttarakhand,2024,2,263139,608,993740
uttarakhand,2024,2,263153,433,614429
uttarakhand,2024,2,244713,340,527909
uttarakhand,2024,2,248007,337,648869
uttarakhand,2024,2,247667,302,554677
uttarakhand,2024,2,249403,286,347397
uttarakhand,2024,2,246149,242,331975
uttarakhand,2024,2,248008,226,457313
uttarakhand,2024,2,248171,197,373764
uttarakhand,2024,3,248001,907,1469560
uttarakhand,2024,3,263139,705,1131935
uttarakhand,2024,3,263153,505,705083
uttarakhand,2024,3,248007,494,767596
uttarakhand,2024,3,247667,414,702569
uttarakhand,2024,3,244713,340,547804
uttarakhand,2024,3,249403,323,526373
uttarakhand,2024,3,248002,242,443456
uttarakhand,2024,3,263148,235,386121
uttarakhand,2024,3,248003,207,312672
uttarakhand,2024,4,248001,1120,2065528
uttarakhand,2024,4,263139,904,1582091
uttarakhand,2024,4,263153,608,932327
uttarakhand,2024,4,247667,451,970029
uttarakhand,2024,4,249403,445,686552
uttarakhand,2024,4,244713,413,627764
uttarakhand,2024,4,248007,381,666709
uttarakhand,2024,4,248002,318,597236
uttarakhand,2024,4,263148,296,485489
uttarakhand,2024,4,248121,248,438079
west-bengal,2020,2,711101,108,17860
west-bengal,2020,2,700156,106,18049
west-bengal,2020,2,700059,99,15212
west-bengal,2020,2,700040,98,16166
west-bengal,2020,2,700074,96,14374
west-bengal,2020,2,734006,72,12630
west-bengal,2020,2,700157,71,10772
west-bengal,2020,2,700102,68,10735
west-bengal,2020,2,711102,67,10977
west-bengal,2020,2,700039,67,11188
west-bengal,2020,3,711101,111,21032
west-bengal,2020,3,700091,103,30050
west-bengal,2020,3,700135,102,24259
west-bengal,2020,3,700074,95,22913
west-bengal,2020,3,700015,94,17028
west-bengal,2020,3,721101,94,19144
west-bengal,2020,3,700006,92,20245
west-bengal,2020,3,734006,90,19256
west-bengal,2020,3,700156,79,21789
west-bengal,2020,3,700075,78,19057
west-bengal,2020,4,700017,187,136281
west-bengal,2020,4,736135,187,124617
west-bengal,2020,4,700105,108,84254
west-bengal,2020,4,711101,83,72968
west-bengal,2020,4,700046,81,68216
west-bengal,2020,4,700059,78,50240
west-bengal,2020,4,711302,73,43116
west-bengal,2020,4,700150,69,47503
west-bengal,2020,4,734006,67,40182
west-bengal,2020,4,732101,66,47861
west-bengal,2021,1,700046,750,471141
west-bengal,2021,1,712138,404,146465
west-bengal,2021,1,732101,216,116162
west-bengal,2021,1,700020,195,168615
west-bengal,2021,1,711101,183,125442
west-bengal,2021,1,700019,181,108087
west-bengal,2021,1,700074,167,112389
west-bengal,2021,1,734003,162,116991
west-bengal,2021,1,700001,159,111551
west-bengal,2021,1,700006,158,119806
west-bengal,2021,2,712138,724,263805
west-bengal,2021,2,700046,318,150953
west-bengal,2021,2,700074,197,92906
west-bengal,2021,2,700039,165,99685
west-bengal,2021,2,732101,137,95643
west-bengal,2021,2,712136,118,66424
west-bengal,2021,2,734003,113,88530
west-bengal,2021,2,700059,113,76775
west-bengal,2021,2,700156,113,122064
west-bengal,2021,2,711101,105,71040
west-bengal,2021,3,712138,1350,480755
west-bengal,2021,3,700046,478,244863
west-bengal,2021,3,732101,388,250628
west-bengal,2021,3,711101,384,215425
west-bengal,2021,3,712223,375,157798
west-bengal,2021,3,700078,359,175842
west-bengal,2021,3,700019,354,178872
west-bengal,2021,3,713102,315,182115
west-bengal,2021,3,700074,220,103112
west-bengal,2021,3,700036,220,115048
west-bengal,2021,4,732101,298,252105
west-bengal,2021,4,711101,273,253332
west-bengal,2021,4,712138,266,99082
west-bengal,2021,4,700039,240,222767
west-bengal,2021,4,700046,232,171166
west-bengal,2021,4,700006,204,205977
west-bengal,2021,4,700156,201,209481
west-bengal,2021,4,700015,197,187440
west-bengal,2021,4,711202,182,154996
west-bengal,2021,4,700059,177,213012
west-bengal,2022,1,734006,439,402290
west-bengal,2022,1,711101,394,445518
west-bengal,2022,1,700039,329,339064
west-bengal,2022,1,732101,325,313798
west-bengal,2022,1,713101,325,333098
west-bengal,2022,1,700014,323,350518
west-bengal,2022,1,711102,316,318377
west-bengal,2022,1,700135,306,415448
west-bengal,2022,1,700019,284,310166
west-bengal,2022,1,700006,276,297352
west-bengal,2022,2,734006,388,358646
west-bengal,2022,2,711101,371,355788
west-bengal,2022,2,700014,325,280234
west-bengal,2022,2,700019,306,333399
west-bengal,2022,2,700156,284,420657
west-bengal,2022,2,700039,269,273063
west-bengal,2022,2,732101,257,266496
west-bengal,2022,2,700135,246,387539
west-bengal,2022,2,700015,244,219876
west-bengal,2022,2,700091,238,284457
west-bengal,2022,3,711101,445,430598
west-bengal,2022,3,732101,420,458647
west-bengal,2022,3,700039,417,525970
west-bengal,2022,3,700156,387,597279
west-bengal,2022,3,700019,385,406687
west-bengal,2022,3,700006,376,441328
west-bengal,2022,3,700015,376,425286
west-bengal,2022,3,734006,350,364816
west-bengal,2022,3,700135,335,501668
west-bengal,2022,3,700091,331,397082
west-bengal,2022,4,711101,509,510667
west-bengal,2022,4,700156,481,691517
west-bengal,2022,4,734006,441,548187
west-bengal,2022,4,721101,438,496093
west-bengal,2022,4,700039,430,489960
west-bengal,2022,4,700135,419,618932
west-bengal,2022,4,732101,416,428675
west-bengal,2022,4,711102,397,490722
west-bengal,2022,4,700015,393,509298
west-bengal,2022,4,700006,393,496216
west-bengal,2023,1,711101,595,657261
west-bengal,2023,1,700039,530,655436
west-bengal,2023,1,700135,488,731378
west-bengal,2023,1,732101,483,589694
west-bengal,2023,1,734006,480,532468
west-bengal,2023,1,700156,468,744365
west-bengal,2023,1,700015,450,487096
west-bengal,2023,1,700052,436,513848
west-bengal,2023,1,700019,432,550821
west-bengal,2023,1,700059,429,591853
west-bengal,2023,2,700039,493,598387
west-bengal,2023,2,734006,460,524817
west-bengal,2023,2,711101,460,511039
west-bengal,2023,2,700156,427,664046
west-bengal,2023,2,700059,381,484787
west-bengal,2023,2,700135,379,587163
west-bengal,2023,2,700091,374,469232
west-bengal,2023,2,732101,370,418773
west-bengal,2023,2,700015,369,481893
west-bengal,2023,2,700006,358,399440
west-bengal,2023,3,700091,557,680347
west-bengal,2023,3,700039,535,611970
west-bengal,2023,3,700156,535,845130
west-bengal,2023,3,711101,509,567588
west-bengal,2023,3,734006,499,532904
west-bengal,2023,3,732101,461,486371
west-bengal,2023,3,700059,457,498211
west-bengal,2023,3,700015,451,492303
west-bengal,2023,3,700135,447,730624
west-bengal,2023,3,700019,427,412341
west-bengal,2023,4,700156,699,1054625
west-bengal,2023,4,734006,647,771414
west-bengal,2023,4,711101,644,689473
west-bengal,2023,4,700039,594,739443
west-bengal,2023,4,732101,585,699180
west-bengal,2023,4,700135,556,939622
west-bengal,2023,4,700091,535,767163
west-bengal,2023,4,700015,521,683025
west-bengal,2023,4,700059,518,843045
west-bengal,2023,4,711102,517,769517
west-bengal,2024,1,711101,708,892873
west-bengal,2024,1,700135,698,1092134
west-bengal,2024,1,700156,665,1144618
west-bengal,2024,1,734006,588,726038
west-bengal,2024,1,732101,568,689377
west-bengal,2024,1,700039,563,736083
west-bengal,2024,1,700015,558,744878
west-bengal,2024,1,700006,516,699258
west-bengal,2024,1,721301,507,592231
west-bengal,2024,1,700091,503,704566
west-bengal,2024,2,700156,588,999846
west-bengal,2024,2,711101,577,749331
west-bengal,2024,2,700135,555,909614
west-bengal,2024,2,734006,528,789868
west-bengal,2024,2,700039,505,728880
west-bengal,2024,2,700091,486,769448
west-bengal,2024,2,700015,463,553207
west-bengal,2024,2,732101,435,540040
west-bengal,2024,2,700006,423,593566
west-bengal,2024,2,700150,408,510118
west-bengal,2024,3,721301,867,1154574
west-bengal,2024,3,734001,765,979752
west-bengal,2024,3,732101,651,817776
west-bengal,2024,3,700059,609,957909
west-bengal,2024,3,700091,603,789728
west-bengal,2024,3,700135,591,1078008
west-bengal,2024,3,700156,587,933238
west-bengal,2024,3,700039,576,810075
west-bengal,2024,3,711101,555,682506
west-bengal,2024,3,700150,497,614350
west-bengal,2024,4,721301,1131,1510819
west-bengal,2024,4,734001,890,1231954
west-bengal,2024,4,700135,759,1361002
west-bengal,2024,4,732101,739,912493
west-bengal,2024,4,700059,732,1082245
west-bengal,2024,4,711101,713,750354
west-bengal,2024,4,700091,642,969634
west-bengal,2024,4,700150,627,761501
west-bengal,2024,4,700039,619,787836
west-bengal,2024,4,700156,574,888613
